assembly_accession	organism_name	strain	tier	tier_reason	culture_collection	biosample_accession	submitter	isolation_source	geo_loc_name	biosample_submission_date	checkm_completeness	checkm_contamination	assembly_level	assembly_status	bioproject_accession	n_contigs	contig_n50	total_length	cluster_id	cluster_role	species	user_strain_name	type_material	geo_loc_latitude	geo_loc_longitude	geo_loc_elevation	metagenomic_source	checkm_strain_heterogeneity	carbon_source	biosource_type	well_location	cultured_with	collection_time_point	collection_site	annotation_source	project_type	isolation_site	molecule_subtype	source_raw	subject_type	analysis_project_type	evidence_sources	evidence_details	literature_paper_count	species_subsp	genome	tier_checkm2	cluster	score	rep_assembly_accession	rep_tier_checkm2	rep_score
GCA_001576865.1	Bifidobacterium bifidum		Tier2-unconfirmed	Passes size/contig thresholds, CheckM missing -- needs CheckM2		SAMN04497897	National University of Singapore	fecal sample PR141 from 1 month old male Chinese infant, vaginal delivered, breastfeeding and formula feeding at 1 month, eczema by 2 years of age	Singapore	2016-02-18T02:54:13.000			Contig	current	PRJNA272371	44	104216	2105224			Bifidobacterium bifidum																					isolation_source_match	fecal sample PR141 from 1 month old male Chinese infant, vaginal delivered, breastfeeding and formula feeding at 1 month, eczema by 2 years of age		Bifidobacterium bifidum	GCA_001576865.1	Tier2	4_8	101.3608314938822	GCF_001025135.1	Tier1	112.36685533953278
GCA_001576895.1	Bifidobacterium bifidum		Tier2-unconfirmed	Passes size/contig thresholds, CheckM missing -- needs CheckM2		SAMN04497916	National University of Singapore	fecal sample PR170 from 1 month old male Malay infant, vaginal delivered, breastfeeding and formula feeding at 1 month, eczema by 2 years of age	Singapore	2016-02-18T03:50:04.000			Contig	current	PRJNA272371	72	59130	2131937			Bifidobacterium bifidum																					isolation_source_match	fecal sample PR170 from 1 month old male Malay infant, vaginal delivered, breastfeeding and formula feeding at 1 month, eczema by 2 years of age		Bifidobacterium bifidum	GCA_001576895.1	Tier2	4_8	94.68767539482155	GCF_001025135.1	Tier1	112.36685533953278
GCA_033567675.1	Bifidobacterium breve	BS2-PB3	Tier1	Closed genome: contigs=1, N50=2268931, len=2268931		SAMN38080309	Universitas Pelita Harapan		Indonesia	2023-11-02T09:59:03.487	88.48	0.24	Complete Genome	current	PRJNA1034991	1	2268931	2268931			Bifidobacterium breve																					literature	PMID 38494884	1.0	Bifidobacterium breve	GCA_033567675.1	Tier1	1_6	111.1677006512982	GCF_900637145.1	Tier1	112.46844406327646
GCA_041447095.1	Bifidobacterium adolescentis	20227-1	Tier1	Closed genome: contigs=2, N50=2028072, len=2089357		SAMN38258115	Zhejiang Institute for Food and Drug Control		China:Zhejiang	2023-11-15T02:42:05.767	81.22	1.09	Complete Genome	current	PRJNA1040429	2	2028072	2089357			Bifidobacterium adolescentis																					literature	PMID 40244303	1.0	Bifidobacterium adolescentis	GCA_041447095.1	Tier1	5_16	92.39324169438616	GCF_000010425.1	Tier1	112.04993624940136
GCA_041447115.1	Bifidobacterium longum	20221-2	Tier1	Closed genome: contigs=1, N50=2268864, len=2268864		SAMN38258113	Zhejiang Institute for Food and Drug Control		China:Zhejiang	2023-11-15T02:42:05.743	84.21		Complete Genome	current	PRJNA1040429	1	2268864	2268864			Bifidobacterium longum																					literature	PMID 40244303	1.0	Bifidobacterium longum unspecified	GCA_041447115.1	Tier1	1_108	103.7639542501883	GCF_014334075.1	Tier1	112.89328377873572
GCA_041447145.1	Bifidobacterium animalis	20218504	Tier1	Closed genome: contigs=1, N50=1945151, len=1945151		SAMN38258110	Zhejiang Institute for Food and Drug Control		China:Zhejiang	2023-11-15T02:42:05.710	85.37	0.24	Complete Genome	current	PRJNA1040429	1	1945151	1945151			Bifidobacterium animalis																					literature	PMID 40244303	1.0	Bifidobacterium animalis unspecified	GCA_041447145.1	Tier1	3_1	104.4739485692689	GCF_011770105.1	Tier1	112.25343520812255
GCA_041447155.1	Bifidobacterium animalis	20210460.1	Tier1	Closed genome: contigs=1, N50=1935374, len=1935374		SAMN38258109	Zhejiang Institute for Food and Drug Control		China:Zhejiang	2023-11-15T02:42:05.693	86.66	0.27	Complete Genome	current	PRJNA1040429	1	1935374	1935374			Bifidobacterium animalis																					literature	PMID 40244303	1.0	Bifidobacterium animalis unspecified	GCA_041447155.1	Tier1	3_1	104.24292178230374	GCF_011770105.1	Tier1	112.25343520812255
GCA_045689125.1	Bifidobacterium longum	YGMCC0063	Tier2-unconfirmed	Passes size/contig thresholds, CheckM missing -- needs CheckM2		SAMN37555343	Beijing YuGen Pharmaceutical Co., Ltd		China	2023-09-27T05:00:08.512			Chromosome	current	PRJNA1020989	40	149386	2441245			Bifidobacterium longum																					submitter_match	Beijing YuGen Pharmaceutical Co., Ltd		Bifidobacterium longum unspecified	GCA_045689125.1	Tier2	1_71	102.02230567291107	GCF_034051595.1	Tier2	102.25573982263896
GCA_045689135.1	Bifidobacterium longum	YGMCC0077	Tier1	Closed genome: contigs=1, N50=2385558, len=2385658		SAMN37555345	Beijing YuGen Pharmaceutical Co., Ltd		China	2023-09-27T05:00:08.547			Chromosome	current	PRJNA1020989	1	2385558	2385658			Bifidobacterium longum																					submitter_match	Beijing YuGen Pharmaceutical Co., Ltd		Bifidobacterium longum unspecified	GCA_045689135.1	Tier1	1_136	111.57876122813714	GCF_000196555.1	Tier1	111.58870197055336
GCA_045689145.1	Bifidobacterium longum	YGMCC0088	Tier1	Closed genome: contigs=1, N50=2708179, len=2708279		SAMN37555346	Beijing YuGen Pharmaceutical Co., Ltd		China	2023-09-27T05:00:08.558			Chromosome	current	PRJNA1020989	1	2708179	2708279			Bifidobacterium longum																					submitter_match	Beijing YuGen Pharmaceutical Co., Ltd		Bifidobacterium longum unspecified	GCA_045689145.1	Tier1	1_58	109.7563467011142	GCA_045689145.1	Tier1	109.7563467011142
GCA_045689155.1	Bifidobacterium longum	YGMCC0091	Tier1	Closed genome: contigs=1, N50=2393285, len=2393385		SAMN37555347	Beijing YuGen Pharmaceutical Co., Ltd		China	2023-09-27T05:00:08.568			Chromosome	current	PRJNA1020989	1	2393285	2393385			Bifidobacterium longum																					submitter_match	Beijing YuGen Pharmaceutical Co., Ltd		Bifidobacterium longum unspecified	GCA_045689155.1	Tier1	1_197	113.02950628242972	GCA_045689155.1	Tier1	113.02950628242972
GCA_045689165.1	Bifidobacterium longum	YGMCC0146	Tier2-unconfirmed	Passes size/contig thresholds, CheckM missing -- needs CheckM2		SAMN37555354	Beijing YuGen Pharmaceutical Co., Ltd		China	2023-09-27T05:00:08.679			Chromosome	current	PRJNA1020989	40	149386	2441245			Bifidobacterium longum																					submitter_match	Beijing YuGen Pharmaceutical Co., Ltd		Bifidobacterium longum unspecified	GCA_045689165.1	Tier2	1_71	102.02230567291107	GCF_034051595.1	Tier2	102.25573982263896
GCA_045689175.1	Bifidobacterium longum	YGMCC0806	Tier2-unconfirmed	Passes size/contig thresholds, CheckM missing -- needs CheckM2		SAMN37555574	Beijing YuGen Pharmaceutical Co., Ltd		China	2023-09-27T05:59:04.864			Chromosome	current	PRJNA1020989	48	103056	2441403			Bifidobacterium longum																					submitter_match	Beijing YuGen Pharmaceutical Co., Ltd		Bifidobacterium longum unspecified	GCA_045689175.1	Tier2	1_71	101.88280722539814	GCF_034051595.1	Tier2	102.25573982263896
GCA_045689185.1	Bifidobacterium longum	YGMCC0653	Tier1	Closed genome: contigs=1, N50=2832850, len=2832950		SAMN37555589	Beijing YuGen Pharmaceutical Co., Ltd		China	2023-09-27T05:59:05.022			Chromosome	current	PRJNA1020989	1	2832850	2832950			Bifidobacterium longum																					submitter_match	Beijing YuGen Pharmaceutical Co., Ltd		Bifidobacterium longum unspecified	GCA_045689185.1	Tier1	1_51	106.37607778118458	GCF_000269965.1	Tier1	106.57576324158852
GCA_045689195.1	Bifidobacterium longum	YGMCC0618	Tier2-unconfirmed	Passes size/contig thresholds, CheckM missing -- needs CheckM2		SAMN37555595	Beijing YuGen Pharmaceutical Co., Ltd		China	2023-09-27T05:59:05.107			Chromosome	current	PRJNA1020989	50	108875	2339759			Bifidobacterium longum																					submitter_match	Beijing YuGen Pharmaceutical Co., Ltd		Bifidobacterium longum unspecified	GCA_045689195.1	Tier2	1_136	101.49437126751562	GCF_000196555.1	Tier1	111.58870197055336
GCA_045689205.1	Bifidobacterium longum	YGMCC0602	Tier2-unconfirmed	Passes size/contig thresholds, CheckM missing -- needs CheckM2		SAMN37555598	Beijing YuGen Pharmaceutical Co., Ltd		China	2023-09-27T05:59:05.137			Chromosome	current	PRJNA1020989	51	100172	2416592			Bifidobacterium longum																					submitter_match	Beijing YuGen Pharmaceutical Co., Ltd		Bifidobacterium longum unspecified	GCA_045689205.1	Tier2	1_71	102.01061415931817	GCF_034051595.1	Tier2	102.25573982263896
GCA_045689215.1	Bifidobacterium longum	YGMCC0524	Tier1	Closed genome: contigs=1, N50=2273627, len=2273727		SAMN37555605	Beijing YuGen Pharmaceutical Co., Ltd		China	2023-09-27T05:59:05.199			Chromosome	current	PRJNA1020989	1	2273627	2273727			Bifidobacterium longum																					submitter_match	Beijing YuGen Pharmaceutical Co., Ltd		Bifidobacterium longum unspecified	GCA_045689215.1	Tier1	1_112	112.74650916078	GCA_045689215.1	Tier1	112.74650916078
GCF_000003135.1	Bifidobacterium longum subsp. longum ATCC 55813	ATCC 55813	Tier2	Draft: contigs=140, N50=137057, completeness=98.35	ATCC:55813	SAMN00001475	Baylor College of Medicine	missing	not determined	2009-01-08T15:52:05.330	98.35	0.16	Scaffold	current	PRJNA31437	140	137057	2396359	gcfgca:GCA_000003135.1	canonical	Bifidobacterium longum															Reference Genome						literature	PMID 21320731	1.0	Bifidobacterium longum subsp. longum	GCF_000003135.1	Tier2	1_165	100.89556397112744	GCF_000003135.1	Tier2	100.89556397112744
GCF_000007525.1	Bifidobacterium longum NCC2705	NCC2705	Tier1	Closed genome: contigs=2, N50=2256640, len=2260266		SAMN02603675	Nestle Research Center, Switzerland			2014-01-30T14:21:46.210	99.38	0.16	Complete Genome	current	PRJNA328	2	2256640	2260266	gcfgca:GCA_000007525.1	canonical	Bifidobacterium longum																					literature;submitter_match	PMID 21257307;Nestle Research Center, Switzerland	26.0	Bifidobacterium longum unspecified	GCF_000007525.1	Tier1	1_204	113.0067311409736	GCF_045273095.1	Tier1	113.03649533720494
GCF_000008945.1	Bifidobacterium longum DJO10A	DJO10A	Tier1	Closed genome: contigs=3, N50=2375792, len=2389526		SAMN02603512	Lactic Acid Bacteria Genome Consortium			2014-01-30T14:21:35.313	99.11	0.16	Complete Genome	current	PRJNA18773	3	2375792	2389526	gcfgca:GCA_000008945.1	canonical	Bifidobacterium longum																					literature	PMID 30241961	5.0	Bifidobacterium longum unspecified	GCF_000008945.1	Tier1	1_187	112.768054212425	GCF_000008945.1	Tier1	112.768054212425
GCF_000010425.1	Bifidobacterium adolescentis ATCC 15703	ATCC 15703	Tier1	Closed genome: contigs=1, N50=2089645, len=2089645		SAMD00061080	Gifu University, Life Science Research Center, Japan			2016-09-28T01:02:33.460	99.84	1.23	Complete Genome	current	PRJNA16321	1	2089645	2089645	gcfgca:GCA_000010425.1	canonical	Bifidobacterium adolescentis		type strain of Bifidobacterium adolescentis																			literature	PMID 27536282	16.0	Bifidobacterium adolescentis	GCF_000010425.1	Tier1	5_16	112.04993624940136	GCF_000010425.1	Tier1	112.04993624940136
GCF_000020425.1	Bifidobacterium longum subsp. infantis ATCC 15697 = JCM 1222 = DSM 20088	ATCC 15697	Tier1	Closed genome: contigs=1, N50=2832748, len=2832748	ATCC:15697	SAMN02598380	US DOE Joint Genome Institute			2014-01-28T10:41:06.530	98.9	0.16	Complete Genome	current	PRJNA17189	1	2832748	2832748	gcfgca:GCA_000020425.1	canonical	Bifidobacterium longum		type strain of Bifidobacterium infantis																			literature	PMID 27536282;PMID 41138185	44.0	Bifidobacterium longum subsp. infantis	GCF_000020425.1	Tier1	1_51	106.4760622972168	GCF_000269965.1	Tier1	106.57576324158852
GCF_000021425.1	Bifidobacterium animalis subsp. lactis AD011	AD011	Tier1	Closed genome: contigs=1, N50=1933695, len=1933695		SAMN02603485	Korea Research Institute of Bioscience and Biotechnology (KRIBB)			2014-01-30T14:21:32.933	95.78	0.71	Complete Genome	current	PRJNA19423	1	1933695	1933695	gcfgca:GCA_000021425.1	canonical	Bifidobacterium animalis																					GRAS;literature	GRN 952;PMID 18756099		Bifidobacterium animalis subsp. lactis	GCF_000021425.1	Tier1	3_1	111.79275804009988	GCF_011770105.1	Tier1	112.25343520812255
GCF_000022705.1	Bifidobacterium animalis subsp. lactis Bl-04	Bl-04; ATCC SD5219	Tier1	Closed genome: contigs=1, N50=1938709, len=1938709	ATCC:SD5219	SAMN02603172	Danisco USA Inc.			2014-01-30T11:19:38.236	98.04	0.27	Complete Genome	current	PRJNA32897	1	1938709	1938709	gcfgca:GCA_000022705.1	canonical	Bifidobacterium animalis																					literature;submitter_match	PMID 32630805;Danisco USA Inc.	23.0	Bifidobacterium animalis subsp. lactis	GCF_000022705.1	Tier1	3_1	111.93355406795229	GCF_011770105.1	Tier1	112.25343520812255
GCF_000022965.1	Bifidobacterium animalis subsp. lactis DSM 10140	DSM 10140	Tier1	Closed genome: contigs=1, N50=1938483, len=1938483	DSM:10149	SAMN02603171	Danisco USA Inc.			2014-01-30T11:19:38.170	98.97	0.27	Complete Genome	current	PRJNA32893	1	1938483	1938483	gcfgca:GCA_000022965.1	canonical	Bifidobacterium animalis		type strain of Bifidobacterium lactis																			literature;submitter_match	PMID 26362981;Danisco USA Inc.	12.0	Bifidobacterium animalis subsp. lactis	GCF_000022965.1	Tier1	3_1	111.90353436798884	GCF_011770105.1	Tier1	112.25343520812255
GCF_000025245.2	Bifidobacterium animalis subsp. lactis BB-12	BB-12	Tier1	Closed genome: contigs=1, N50=1944152, len=1944152		SAMN02603131	Chr. Hansen A/S			2014-01-30T11:19:34.763	98.93	0.27	Complete Genome	current	PRJNA42883	1	1944152	1944152	gcfgca:GCA_000025245.2	canonical	Bifidobacterium animalis																					GRAS;literature;submitter_match	GRN 49;PMID 18059489;Chr. Hansen A/S		Bifidobacterium animalis subsp. lactis	GCF_000025245.2	Tier1	3_1	111.95420892797978	GCF_011770105.1	Tier1	112.25343520812255
GCF_000092325.1	Bifidobacterium longum subsp. longum JDM301	JDM301	Tier1	Closed genome: contigs=1, N50=2477838, len=2477838		SAMN02603181	Department of Medical Microbiology and Parasitology,Shanghai Jiao Tong University School of Medicine			2014-01-30T11:19:38.876	98.71	0.16	Complete Genome	current	PRJNA47579	1	2477838	2477838	gcfgca:GCA_000092325.1	canonical	Bifidobacterium longum																					literature	PMID 20525832	15.0	Bifidobacterium longum subsp. longum	GCF_000092325.1	Tier1	1_75	111.63691144864812	GCF_000092325.1	Tier1	111.63691144864812
GCF_000092765.1	Bifidobacterium animalis subsp. lactis V9	V9	Tier1	Closed genome: contigs=1, N50=1944050, len=1944050		SAMN02603934	The Key Laboratory of Dairy Biotechnology and Bioengineering, Education Ministry of P. R. China, Department of Food Science and Engineering, Inner Mongolia Agricultural University, China			2014-01-30T14:54:08.203	98.97	0.27	Complete Genome	current	PRJNA32515	1	1944050	1944050	gcfgca:GCA_000092765.1	canonical	Bifidobacterium animalis																					literature	PMID 33648165	21.0	Bifidobacterium animalis subsp. lactis	GCF_000092765.1	Tier1	3_1	112.0041975343739	GCF_011770105.1	Tier1	112.25343520812255
GCF_000146775.1	Bifidobacterium dentium ATCC 27679	ATCC 27679	Tier2	Draft: contigs=24, N50=443175, completeness=97.04	ATCC:27679	SAMN00210789	Baylor College of Medicine	missing	not determined	2011-02-09T18:35:03.620	97.04	0.11	Scaffold	current	PRJNA51373	24	443175	2645781	gcfgca:GCA_000146775.1	canonical	Bifidobacterium dentium															Reference Genome						literature	PMID 21320731	1.0	Bifidobacterium dentium	GCF_000146775.1	Tier2	6_2	95.42295580107836	GCF_000146775.1	Tier2	95.42295580107836
GCF_000154085.1	Bifidobacterium adolescentis L2-32	L2-32	Tier2	Draft: contigs=74, N50=604548, completeness=98.22		SAMN00627056	Washington University Genome Sequencing Center	missing	not determined	2011-06-14T07:46:06.920	98.22	0.42	Scaffold	current	PRJNA18197	74	604548	2389110	gcfgca:GCA_000154085.1	canonical	Bifidobacterium adolescentis															Reference Genome						literature	PMID 33317320	5.0	Bifidobacterium adolescentis	GCF_000154085.1	Tier2	5_6	97.94071539437468	GCF_000154085.1	Tier2	97.94071539437468
GCF_000155395.1	Bifidobacterium bifidum NCIMB 41171	NCIMB 41171	Tier2	Draft: contigs=33, N50=106324, completeness=96.86		SAMN02463676	Broad Institute	missing	not determined	2013-12-18T11:11:24.553	96.86	0.3	Scaffold	current	PRJNA30055	33	106324	2202695	gcfgca:GCA_000155395.1	canonical	Bifidobacterium bifidum															Reference Genome						literature	PMID 22031452	2.0	Bifidobacterium bifidum	GCF_000155395.1	Tier2	4_6	101.98902938024918	GCF_017894325.1	Tier1	112.26194062228832
GCF_000155415.1	Bifidobacterium longum subsp. infantis CCUG 52486	CCUG 52486	Tier2	Draft: contigs=55, N50=171444, completeness=99.38		SAMN02463677	Broad Institute	missing	not determined	2013-12-18T11:11:24.876	99.38	0.16	Scaffold	current	PRJNA30065	55	171444	2480850	gcfgca:GCA_000155415.1	canonical	Bifidobacterium longum															Reference Genome						literature	PMID 22031452	2.0	Bifidobacterium longum subsp. infantis	GCF_000155415.1	Tier2	1_206	101.27886094890594	GCF_000155415.1	Tier2	101.27886094890594
GCF_000156635.1	Bifidobacterium angulatum DSM 20098 = JCM 7096	DSM 20098	Tier2	Draft: contigs=17, N50=263572, completeness=96.9	DSM:20098	SAMN00008777	Washington University Genome Sequencing Center	missing	not determined	2010-02-19T17:29:08.960	96.9	0.59	Scaffold	current	PRJNA29261	17	263572	2008208	gcfgca:GCA_000156635.1	canonical	Bifidobacterium angulatum															Reference Genome						literature	PMID 22031452	2.0	Bifidobacterium angulatum	GCF_000156635.1	Tier2	9_1	101.65879233074143	GCF_001025155.1	Tier1	111.43278776681568
GCF_000158015.1	Bifidobacterium breve DSM 20213 = JCM 1192	DSM 20213	Tier2	Draft: contigs=117, N50=527440, completeness=98.71	DSM:20213	SAMN00008778	Washington University Genome Sequencing Center	missing	not determined	2010-02-19T17:31:07.240	98.71	0.27	Scaffold	current	PRJNA29259	117	527440	2331386	gcfgca:GCA_000158015.1	canonical	Bifidobacterium breve															Reference Genome						literature	PMID 39054474	5.0	Bifidobacterium breve	GCF_000158015.1	Tier2	1_6	102.3602351922994	GCF_900637145.1	Tier1	112.46844406327646
GCF_000164965.1	Bifidobacterium bifidum S17	S17	Tier1	Closed genome: contigs=1, N50=2186882, len=2186882		SAMN02603395	Institute of Microbiology and Biotechnology, University of Ulm			2014-01-30T14:21:26.607	96.53	0.3	Complete Genome	current	PRJNA51963	1	2186882	2186882	gcfgca:GCA_000164965.1	canonical	Bifidobacterium bifidum																					literature	PMID 26655167	11.0	Bifidobacterium bifidum	GCF_000164965.1	Tier1	4_9	112.4528626823016	GCF_045273085.1	Tier1	112.47283074476827
GCF_000165905.1	Bifidobacterium bifidum PRL2010	PRL2010	Tier1	Closed genome: contigs=1, N50=2214656, len=2214656		SAMN02603510	Laboratory of Probiogenomics, Department of genetics, university of Parma, Italy	infant stool sample		2014-01-30T14:21:35.140	96.98	0.24	Complete Genome	current	PRJNA42863	1	2214656	2214656	gcfgca:GCA_000165905.1	canonical	Bifidobacterium bifidum																					literature	PMID 32630805	18.0	Bifidobacterium bifidum	GCF_000165905.1	Tier1	4_8	112.0146317073548	GCF_001025135.1	Tier1	112.36685533953278
GCF_000166315.1	Bifidobacterium longum subsp. longum BBMN68	BBMN68	Tier1	Closed genome: contigs=1, N50=2265943, len=2265943		SAMN02603469	Key Lab of Functional Dairy Science of Chinese Ministry of Education, College of Food Science and Nutritional Engineering, China Agricultural University			2014-01-30T14:21:31.930	99.47	0.16	Complete Genome	current	PRJNA53143	1	2265943	2265943	gcfgca:GCA_000166315.1	canonical	Bifidobacterium longum																					literature	PMID 25639716	20.0	Bifidobacterium longum subsp. longum	GCF_000166315.1	Tier1	1_94	112.81122450134592	GCF_000166315.1	Tier1	112.81122450134592
GCF_000172135.1	Bifidobacterium dentium ATCC 27678	ATCC 27678	Tier2	Draft: contigs=2, N50=2635766, completeness=97.55		SAMN00000021	Washington University Genome Sequencing Center	missing	not determined	2011-02-24T14:16:27.737	97.55	0.14	Contig	current	PRJNA20555	2	2635766	2642081	gcfgca:GCA_000172135.1	canonical	Bifidobacterium dentium															Reference Genome						literature	PMID 27458085	4.0	Bifidobacterium dentium	GCF_000172135.1	Tier2	6_1	100.396003432385	GCF_053708995.1	Tier1	110.90166501565854
GCF_000173375.1	Bifidobacterium gallicum DSM 20093 = LMG 11596	DSM 20093	Tier2	Draft: contigs=27, N50=497363, completeness=97.86	DSM:20093	SAMN02299421	Washington University Genome Sequencing Center	missing	not determined	2013-08-02T12:07:39.336	97.86	0.49	Contig	current	PRJNA30751	27	497363	2019802	gcfgca:GCA_000173375.1	canonical	Bifidobacterium gallicum		type strain of Bifidobacterium gallicum													Reference Genome						literature	PMID 22031452	2.0	Bifidobacterium gallicum	GCF_000173375.1	Tier2	13_0	101.58833673697528	GCF_000173375.1	Tier2	101.58833673697528
GCF_000173435.1	Bifidobacterium pseudocatenulatum DSM 20438 = JCM 1200 = LMG 10505	DSM 20438	Tier2	Draft: contigs=36, N50=570758, completeness=97.9	DSM:20438	SAMN00008796	Washington University Genome Sequencing Center	missing	not determined	2010-02-19T17:37:06.733	97.9	0.16	Contig	current	PRJNA30373	36	570758	2304808	gcfgca:GCA_000173435.1	canonical	Bifidobacterium pseudocatenulatum															Reference Genome						literature	PMID 39054474;PMID 19674804;PMID 28196965	7.0	Bifidobacterium pseudocatenulatum	GCF_000173435.1	Tier2	2_17	100.71789267469374	GCF_001025215.1	Tier1	108.89189173240123
GCF_000173455.1	Bifidobacterium catenulatum DSM 16992 = JCM 1194 = LMG 11043	DSM 16992	Tier2-unconfirmed	Passes size/contig thresholds, CheckM missing -- needs CheckM2	DSM:16992	SAMN00008795	Washington University Genome Sequencing Center	missing	not determined	2010-02-19T17:33:08.277	98.25		Contig	current	PRJNA30749	31	204894	2058429	gcfgca:GCA_000173455.1	canonical	Bifidobacterium catenulatum															Reference Genome						literature	PMID 22031452	2.0	Bifidobacterium catenulatum unspecified	GCF_000173455.1	Tier2	2_49	101.12576462047672	GCF_001025195.1	Tier1	111.72898207290513
GCF_000196555.1	Bifidobacterium longum subsp. longum JCM 1217	JCM 1217	Tier1	Closed genome: contigs=1, N50=2385164, len=2385164		SAMD00060951	University of Tokyo, Graduate School of Frontier Sciences			2016-09-28T01:00:51.846	98.91	0.16	Complete Genome	current	PRJDA32047	1	2385164	2385164	gcfgca:GCA_000196555.1	canonical	Bifidobacterium longum		type strain of Bifidobacterium longum																			literature	PMID 30635377	16.0	Bifidobacterium longum subsp. longum	GCF_000196555.1	Tier1	1_136	111.58870197055336	GCF_000196555.1	Tier1	111.58870197055336
GCF_000196575.1	Bifidobacterium longum subsp. infantis 157F	157F	Tier1	Closed genome: contigs=3, N50=2400312, len=2408831		SAMD00060953	University of Tokyo, Graduate School of Frontier Sciences			2016-09-28T01:00:53.123	98.91	0.16	Complete Genome	current	PRJDA32051	3	2400312	2408831	gcfgca:GCA_000196575.1	canonical	Bifidobacterium longum																					literature	PMID 19911297	5.0	Bifidobacterium longum subsp. infantis	GCF_000196575.1	Tier1	1_174	113.00033383128236	GCF_000196575.1	Tier1	113.00033383128236
GCF_000210755.1	Bifidobacterium longum subsp. longum F8	F8	Tier2	Draft: contigs=21, N50=230054, completeness=98.91		SAMEA3138379	metaHIT			2014-11-21T08:58:42.683	98.91	0.27	Chromosome	current	PRJNA45963	21	230054	2384987	gcfgca:GCA_000210755.1	canonical	Bifidobacterium longum																					literature	PMID 27524178	1.0	Bifidobacterium longum subsp. longum	GCF_000210755.1	Tier2	1_90	102.54904300778696	GCF_000210755.1	Tier2	102.54904300778696
GCF_000213865.1	Bifidobacterium breve ACS-071-V-Sch8b	ACS-071-V-Sch8b	Tier1	Closed genome: contigs=1, N50=2327492, len=2327492		SAMN00100758	J. Craig Venter Institute		not determined	2010-08-10T16:49:16.363	98.92	0.27	Complete Genome	current	PRJNA51077	1	2327492	2327492	gcfgca:GCA_000213865.1	canonical	Bifidobacterium breve															Reference Genome						literature	PMID 27524178	2.0	Bifidobacterium breve	GCF_000213865.1	Tier1	1_21	112.90574410222168	GCF_000213865.1	Tier1	112.90574410222168
GCF_000219455.1	Bifidobacterium longum subsp. longum KACC 91563	KACC 91563	Tier1	Closed genome: contigs=3, N50=2385301, len=2395764	KACC:91563	SAMN02603656	National Livestock Research Institute, RDA			2014-01-30T14:21:45.140	99.38	0.16	Complete Genome	current	PRJNA66401	3	2385301	2395764	gcfgca:GCA_000219455.1	canonical	Bifidobacterium longum																					literature	PMID 39063274	8.0	Bifidobacterium longum subsp. longum	GCF_000219455.1	Tier1	1_131	112.73937158501536	GCF_000219455.1	Tier1	112.73937158501536
GCF_000220135.1	Bifidobacterium breve UCC2003	UCC2003	Tier1	Closed genome: contigs=1, N50=2422684, len=2422684		SAMN02604112	University College Cork			2014-01-30T14:54:22.543	98.54	0.27	Complete Genome	current	PRJNA13487	1	2422684	2422684	gcfgca:GCA_000220135.1	canonical	Bifidobacterium breve																					literature	PMID 27536282	32.0	Bifidobacterium breve	GCF_000220135.1	Tier1	1_9	112.8120483689713	GCF_000220135.1	Tier1	112.8120483689713
GCF_000220885.1	Bifidobacterium animalis subsp. lactis CNCM I-2494	CNCM I-2494	Tier1	Closed genome: contigs=1, N50=1943113, len=1943113	CNCM:I-2494	SAMN02604350	Washington University School of Medicine Center for Genome Sciences and Systems Biology			2014-01-30T15:19:25.846	98.85	0.27	Complete Genome	current	PRJNA67865	1	1943113	1943113	gcfgca:GCA_000220885.1	canonical	Bifidobacterium animalis																					literature	PMID 27413138	6.0	Bifidobacterium animalis subsp. lactis	GCF_000220885.1	Tier1	3_1	111.9340007070144	GCF_011770105.1	Tier1	112.25343520812255
GCF_000224965.2	Bifidobacterium animalis subsp. lactis BLC1	BLC1	Tier1	Closed genome: contigs=1, N50=1938583, len=1938583		SAMN02604239	University of Parma Sacco srl			2014-01-30T15:13:20.143	98.97	0.27	Complete Genome	current	PRJNA71815	1	1938583	1938583	gcfgca:GCA_000224965.2	canonical	Bifidobacterium animalis																					literature	PMID 35633687	4.0	Bifidobacterium animalis subsp. lactis	GCF_000224965.2	Tier1	3_1	111.93354444516442	GCF_011770105.1	Tier1	112.25343520812255
GCF_000226175.1	Bifidobacterium breve DPC 6330	DPC 6330	Tier2	Draft: contigs=47, N50=120640, completeness=98.3		SAMN02471030	Teagasc Food Research Centre, Moorepark, Fermoy, Co. Cork, Rep. Ireland	stool sample from 81 year old patient sheading Clostridium difficle	Ireland	2013-12-19T13:34:40.356	98.3	0.12	Contig	current	PRJNA71589	47	120640	2386233	gcfgca:GCA_000226175.2	canonical	Bifidobacterium breve																					literature	PMID 22492373	5.0	Bifidobacterium breve	GCF_000226175.1	Tier2	1_18	101.82194569411286	GCF_049191465.1	Tier2	101.94020222524487
GCF_000240765.1	Bifidobacterium animalis subsp. lactis BS 01	BS 01	Tier2	Draft: contigs=7, N50=514882, completeness=98.97		SAMN00764905	Probiotical Spa			2011-12-09T08:03:32.120	98.97	0.27	Scaffold	current	PRJNA59607	7	514882	1932595	gcfgca:GCA_000240765.1	canonical	Bifidobacterium animalis																					submitter_match	Probiotical Spa		Bifidobacterium animalis subsp. lactis	GCF_000240765.1	Tier2	3_1	101.85246343765763	GCF_011770105.1	Tier1	112.25343520812255
GCF_000247755.1	Bifidobacterium breve CECT 7263	CECT 7263	Tier2	Draft: contigs=34, N50=102506, completeness=97.58		SAMN02471362	Universidad Complutense de Madrid	human milk from Spanish woman	Spain	2013-12-19T13:35:00.350	97.58	0.33	Contig	current	PRJNA67403	34	102506	2314396	gcfgca:GCA_000247755.2	canonical	Bifidobacterium breve																					literature	PMID 28473392	7.0	Bifidobacterium breve	GCF_000247755.1	Tier2	1_15	101.64527462678797	GCF_002027265.1	Tier2	101.8177342221254
GCF_000260715.1	Bifidobacterium animalis subsp. animalis ATCC 25527	ATCC 25527	Tier1	Closed genome: contigs=1, N50=1932693, len=1932693	ATCC:25527	SAMN02603717	Penn State University, Department of Food Science			2014-01-30T14:21:48.303	98.97	0.36	Complete Genome	current	PRJNA41423	1	1932693	1932693	gcfgca:GCA_000260715.1	canonical	Bifidobacterium animalis		type strain of Bifidobacterium animalis																			literature	PMID 42278572	2.0	Bifidobacterium animalis subsp. animalis	GCF_000260715.1	Tier1	3_2	110.75305643269644	GCF_003671995.1	Tier1	110.9030557585669
GCF_000261265.1	Bifidobacterium longum subsp. longum 44B	44B	Tier2	Draft: contigs=62, N50=90207, completeness=98.6		SAMN00829148	JCVI		not determined	2012-03-20T16:18:04.150	98.6	0.16	Contig	current	PRJNA89645	62	90207	2559217	gcfgca:GCA_000261265.1	canonical	Bifidobacterium longum															Reference Genome						literature	PMID 25994292	1.0	Bifidobacterium longum subsp. longum	GCF_000261265.1	Tier2	1_98	101.12752010330463	GCF_030334805.1	Tier2	101.46685457247098
GCF_000265095.1	Bifidobacterium bifidum BGN4	BGN4	Tier1	Closed genome: contigs=1, N50=2223664, len=2223664		SAMN02603486	Korea Research Institute of Bioscience and Biotechnology (KRIBB)	feces	South Korea	2014-01-30T14:21:32.987	96.83	1.01	Complete Genome	current	PRJNA21077	1	2223664	2223664	gcfgca:GCA_000265095.1	canonical	Bifidobacterium bifidum																					GRAS;literature	GRN 814;PMID 32630805		Bifidobacterium bifidum	GCF_000265095.1	Tier1	4_4	112.37603458971144	GCF_000265095.1	Tier1	112.37603458971144
GCF_000269965.1	Bifidobacterium longum subsp. infantis ATCC 15697 = JCM 1222 = DSM 20088	JCM 1222	Tier1	Closed genome: contigs=1, N50=2828958, len=2828958		SAMD00060952	University of Tokyo, Graduate School of Frontier Sciences			2016-09-28T01:00:52.440	98.71	0.16	Complete Genome	current	PRJDA32049	1	2828958	2828958	gcfgca:GCA_000269965.1	canonical	Bifidobacterium longum		type strain of Bifidobacterium infantis																			literature	PMID 42411622	7.0	Bifidobacterium longum subsp. infantis	GCF_000269965.1	Tier1	1_51	106.57576324158852	GCF_000269965.1	Tier1	106.57576324158852
GCF_000277325.1	Bifidobacterium animalis subsp. lactis B420	B420	Tier1	Closed genome: contigs=1, N50=1938595, len=1938595	ATCC:SD-6685	SAMN02603214	DuPont			2014-01-30T11:19:41.800	98.38	0.27	Complete Genome	current	PRJNA156973	1	1938595	1938595	gcfgca:GCA_000277325.1	canonical	Bifidobacterium animalis																					GRAS;literature;submitter_match	GRN 445;PMID 33761872;DuPont		Bifidobacterium animalis subsp. lactis	GCF_000277325.1	Tier1	3_1	111.92355590201905	GCF_011770105.1	Tier1	112.25343520812255
GCF_000277345.1	Bifidobacterium animalis subsp. lactis Bi-07	Bi-07	Tier1	Closed genome: contigs=1, N50=1938822, len=1938822	ATCC:SD-5220	SAMN02603215	DuPont			2014-01-30T11:19:41.893	98.97	0.27	Complete Genome	current	PRJNA156975	1	1938822	1938822	gcfgca:GCA_000277345.1	canonical	Bifidobacterium animalis																					GRAS;literature;submitter_match	GRN 445;PMID 18462927;DuPont		Bifidobacterium animalis subsp. lactis	GCF_000277345.1	Tier1	3_1	111.93356334890898	GCF_011770105.1	Tier1	112.25343520812255
GCF_000299595.1	Bifidobacterium bifidum LMG 13195	LMG 13195	Tier2	Draft: contigs=164, N50=45807, completeness=96.58	LMG:13195	SAMN02470080	IPLA-CSIC			2013-12-19T13:09:55.960	96.58	1.95	Contig	current	PRJNA170146	164	45807	2283145	gcfgca:GCA_000299595.1	canonical	Bifidobacterium bifidum																					literature;submitter_match	PMID 32385941;IPLA-CSIC	2.0	Bifidobacterium bifidum	GCF_000299595.1	Tier2	4_3	97.87146592157104	GCF_016070035.1	Tier2	102.27382722678256
GCF_000304215.1	Bifidobacterium asteroides PRL2011	PRL2011	Tier1	Closed genome: contigs=1, N50=2167304, len=2167304		SAMN02604114	University College Cork			2014-01-30T14:54:22.670	95.98	1.55	Complete Genome	current	PRJNA83029	1	2167304	2167304	gcfgca:GCA_000304215.1	canonical	Bifidobacterium asteroides																					literature	PMID 27524178	1.0	Bifidobacterium asteroides	GCF_000304215.1	Tier1	14_0	111.71795991626504	GCF_000304215.1	Tier1	111.71795991626504
GCF_000347695.1	Bifidobacterium thermophilum RBL67	RBL67	Tier1	Closed genome: contigs=1, N50=2291643, len=2291643		SAMN02603226	ETH Zurich	baby feces		2014-01-30T11:19:42.663	98.41		Complete Genome	current	PRJNA179141	1	2291643	2291643	gcfgca:GCA_000347695.1	canonical	Bifidobacterium thermophilum																					literature	PMID 22171685	8.0	Bifidobacterium thermophilum	GCF_000347695.1	Tier1	8_1	112.06997346474704	GCF_000347695.1	Tier1	112.06997346474704
GCF_000410595.1	Bifidobacterium longum subsp. longum CMCC P0001	CMCC P0001	Tier2	Draft: contigs=135, N50=34158, completeness=98.12	CMCC:P0001	SAMN02470970	Shanghai Sine Pharmaceutical Co., Ltd.		China	2013-12-19T13:34:36.966	98.12	0.31	Scaffold	current	PRJNA182967	135	34158	2424349	gcfgca:GCA_000410595.1	canonical	Bifidobacterium longum																					literature;submitter_match	PMID 24029762;Shanghai Sine Pharmaceutical Co., Ltd.	1.0	Bifidobacterium longum subsp. longum	GCF_000410595.1	Tier2	1_75	101.38409673101285	GCF_000092325.1	Tier1	111.63691144864812
GCF_000414215.2	Bifidobacterium animalis subsp. lactis Bl12	Bl12	Tier1	Closed genome: contigs=1, N50=1944036, len=1944036		SAMN02604238	University of Parma			2014-01-30T15:13:20.093	98.97	0.27	Complete Genome	current	PRJNA186412	1	1944036	1944036	gcfgca:GCA_000414215.2	canonical	Bifidobacterium animalis																					literature	PMID 39235395	3.0	Bifidobacterium animalis subsp. lactis	GCF_000414215.2	Tier1	3_1	111.9541993419368	GCF_011770105.1	Tier1	112.25343520812255
GCF_000466525.1	Bifidobacterium bifidum ATCC 29521 = JCM 1255 = DSM 20456	ATCC 29521	Tier2	Draft: contigs=54, N50=67420, completeness=97.54	ATCC:29521	SAMN02436821	Washington University Genome Sequencing Center	gastrointestinal tract		2013-12-04T15:03:54.656	97.54	0.24	Scaffold	current	PRJNA28655	54	67420	2201251	gcfgca:GCA_000466525.1	canonical	Bifidobacterium bifidum		type strain of Bifidobacterium bifidum																			literature	PMID 23396737	5.0	Bifidobacterium bifidum	GCF_000466525.1	Tier2	4_8	101.42593428126378	GCF_001025135.1	Tier1	112.36685533953278
GCF_000471945.1	Bifidobacterium animalis subsp. lactis ATCC 27673	ATCC 27673	Tier1	Closed genome: contigs=1, N50=1963012, len=1963012	ATCC:27673	SAMN02603715	Penn State			2014-01-30T14:21:48.206	95.55	1.17	Complete Genome	current	PRJNA133057	1	1963012	1963012	gcfgca:GCA_000471945.1	canonical	Bifidobacterium animalis																					literature	PMID 27524178	5.0	Bifidobacterium animalis subsp. lactis	GCF_000471945.1	Tier1	3_1	107.18110193272412	GCF_011770105.1	Tier1	112.25343520812255
GCF_000478525.1	Bifidobacterium longum D2957	D2957	Tier2	Draft: contigs=13, N50=423575, completeness=96.48		SAMN02472064	Utah State University			2013-12-19T13:52:20.820	96.48	0.16	Contig	current	PRJNA191039	13	423575	2330229	gcfgca:GCA_000478525.1	canonical	Bifidobacterium longum																					literature	PMID 21626209	2.0	Bifidobacterium longum unspecified	GCF_000478525.1	Tier2	1_136	101.15329371976812	GCF_000196555.1	Tier1	111.58870197055336
GCF_000497735.1	Bifidobacterium longum E18	E18	Tier2	Draft: contigs=7, N50=1251618, completeness=98.32		SAMN02471972	Ulm University	feces from a healthy adult	Germany: Ulm	2013-12-19T13:52:14.420	98.32	0.16	Chromosome	current	PRJNA197134	7	1251618	2372966	gcfgca:GCA_000497735.1	canonical	Bifidobacterium longum																					literature	PMID 20228095	2.0	Bifidobacterium longum unspecified	GCF_000497735.1	Tier2	1_114	102.62897074881997	GCF_001719085.1	Tier1	112.61526857903468
GCF_000568955.2	Bifidobacterium breve 12L	12L	Tier1	Closed genome: contigs=1, N50=2247738, len=2247738		SAMN03081478	University of Parma			2014-09-26T10:52:50.323	99.06	0.3	Complete Genome	current	PRJNA214949	1	2247738	2247738	gcfgca:GCA_000568955.2	canonical	Bifidobacterium breve																					literature	PMID 39314876;PMID 34220742	5.0	Bifidobacterium breve	GCF_000568955.2	Tier1	1_19	111.77587284388768	GCF_000568955.2	Tier1	111.77587284388768
GCF_000568975.1	Bifidobacterium breve JCM 7017	JCM 7017	Tier1	Closed genome: contigs=1, N50=2288919, len=2288919		SAMN03081479	University College Cork			2014-09-26T10:52:53.057	98.59	0.87	Complete Genome	current	PRJNA214950	1	2288919	2288919	gcfgca:GCA_000568975.1	canonical	Bifidobacterium breve																					literature	PMID 42172045	7.0	Bifidobacterium breve	GCF_000568975.1	Tier1	1_26	112.82811522801823	GCF_047301025.1	Tier1	112.82887681618408
GCF_000569015.1	Bifidobacterium breve JCM 7019	JCM 7019	Tier1	Closed genome: contigs=1, N50=2359009, len=2359009		SAMN03081480	University College Cork			2014-09-26T10:52:55.927	97.33	4.14	Complete Genome	current	PRJNA214951	1	2359009	2359009	gcfgca:GCA_000569015.1	canonical	Bifidobacterium breve																					literature	PMID 29695179	6.0	Bifidobacterium breve	GCF_000569015.1	Tier1	1_31	110.99636479889614	GCF_000569015.1	Tier1	110.99636479889614
GCF_000569035.1	Bifidobacterium breve NCFB 2258	NCFB 2258	Tier1	Closed genome: contigs=1, N50=2315904, len=2315904		SAMN03081481	University College Cork			2014-09-26T10:52:58.703	99.3	0.72	Complete Genome	current	PRJNA214954	1	2315904	2315904	gcfgca:GCA_000569035.1	canonical	Bifidobacterium breve																					literature	PMID 23851389	3.0	Bifidobacterium breve	GCF_000569035.1	Tier1	1_11	112.9054352746788	GCF_002838605.1	Tier1	113.02103797100578
GCF_000569055.1	Bifidobacterium breve 689b	689b	Tier1	Closed genome: contigs=1, N50=2331707, len=2331707		SAMN03081482	University of Parma			2014-09-26T10:53:02.810	98.87	0.27	Complete Genome	current	PRJNA214955	1	2331707	2331707	gcfgca:GCA_000569055.1	canonical	Bifidobacterium breve																					literature	PMID 27524178	3.0	Bifidobacterium breve	GCF_000569055.1	Tier1	1_11	112.64451200548746	GCF_002838605.1	Tier1	113.02103797100578
GCF_000569075.1	Bifidobacterium breve S27	S27	Tier1	Closed genome: contigs=1, N50=2294458, len=2294458		SAMN03081483	University of Ulm			2014-09-26T10:53:05.623	99.4	0.15	Complete Genome	current	PRJNA214956	1	2294458	2294458	gcfgca:GCA_000569075.1	canonical	Bifidobacterium breve																					literature	PMID 27524178	2.0	Bifidobacterium breve	GCF_000569075.1	Tier1	1_11	112.90069004928628	GCF_002838605.1	Tier1	113.02103797100578
GCF_000695895.1	Bifidobacterium animalis	RH	Tier1	Closed genome: contigs=1, N50=1931057, len=1931057		SAMN02797738	China Agricultural University	feces	China: Guangxi	2014-05-21T21:13:13.410	97.79	0.27	Complete Genome	current	PRJNA245929	1	1931057	1931057	gcfgca:GCA_000695895.1	canonical	Bifidobacterium animalis																					literature	PMID 25242662	3.0	Bifidobacterium animalis unspecified	GCF_000695895.1	Tier1	3_1	111.5726256422962	GCF_011770105.1	Tier1	112.25343520812255
GCF_000708005.1	Bifidobacterium pseudocatenulatum IPLA36007	IPLA36007	Tier2	Draft: contigs=23, N50=362431, completeness=98.58		SAMN02649570	Insituto de Productos Lacteos de Asturias (IPLA-CSIC)	human feces	Spain: Asturias	2014-02-21T14:34:57.220	98.58	0.65	Contig	current	PRJNA236475	23	362431	2328179	gcfgca:GCA_000708005.1	canonical	Bifidobacterium pseudocatenulatum																					literature;submitter_match	PMID 27536282;PMID 28196965;Insituto de Productos Lacteos de Asturias (IPLA-CSIC)	2.0	Bifidobacterium pseudocatenulatum	GCF_000708005.1	Tier2	2_22	99.28961266866511	GCF_000708005.1	Tier2	99.28961266866511
GCF_000730205.1	Bifidobacterium longum	BXY01	Tier1	Closed genome: contigs=1, N50=2480603, len=2480603		SAMN02843216	Institute of Disease Control and Prevention, Academy of Military Medical Science	gut	China	2014-06-09T03:16:13.630	98.71	0.16	Complete Genome	current	PRJNA251950	1	2480603	2480603	gcfgca:GCA_000730205.1	canonical	Bifidobacterium longum																					literature	PMID 27524178	2.0	Bifidobacterium longum unspecified	GCF_000730205.1	Tier1	1_75	111.48717861570232	GCF_000092325.1	Tier1	111.63691144864812
GCF_000737865.1	Bifidobacterium coryneforme	LMG18911	Tier1	Closed genome: contigs=1, N50=1755151, len=1755151		SAMN02666223	University of Parma	Honeybee, hindgut	Unknown	2014-02-27T11:21:21.983	93.66	0.78	Complete Genome	current	PRJNA239194	1	1755151	1755151	gcfgca:GCA_000737865.1	canonical	Bifidobacterium coryneforme		type strain of Bifidobacterium coryneforme																			literature	PMID 27524178	1.0	Bifidobacterium coryneforme	GCF_000737865.1	Tier1	15_0	110.28215724292107	GCF_000737865.1	Tier1	110.28215724292107
GCF_000737885.1	Bifidobacterium adolescentis	22L	Tier1	Closed genome: contigs=1, N50=2203222, len=2203222		SAMN02673695	University of Parma	Human milk	Italy: Parma	2014-03-06T10:55:01.660	97.56	0.51	Complete Genome	current	PRJNA240293	1	2203222	2203222	gcfgca:GCA_000737885.1	canonical	Bifidobacterium adolescentis																					literature	PMID 25063659	3.0	Bifidobacterium adolescentis	GCF_000737885.1	Tier1	5_25	111.5315291297641	GCF_000737885.1	Tier1	111.5315291297641
GCF_000738005.1	Bifidobacterium crudilactis	LMG 23609	Tier2	Draft: contigs=6, N50=1716957, completeness=95.06	LMG:23609	SAMN02699097	University of Liege	raw cow milk	France	2014-03-25T06:22:10.120	95.06	1.93	Contig	current	PRJNA242599	6	1716957	2362816	gcfgca:GCA_000738005.1	canonical	Bifidobacterium crudilactis		type strain of Bifidobacterium crudilactis																			literature	PMID 42487141	1.0	Bifidobacterium crudilactis	GCF_000738005.1	Tier2	10_1	99.82737970934618	GCF_000738005.1	Tier2	99.82737970934618
GCF_000741085.1	Bifidobacterium bifidum	LMG 11041	Tier2	Draft: contigs=2, N50=1642032, completeness=96.66		SAMN02673426	University of Parma	Breast-fed Infant feces	missing	2014-03-05T15:00:53.080	96.66	0.24	Contig	current	PRJNA239838	2	1642032	2208468	gcfgca:GCA_000741085.1	canonical	Bifidobacterium bifidum		type strain of Bifidobacterium bifidum																			literature	PMID 24991549	1.0	Bifidobacterium bifidum	GCF_000741085.1	Tier2	4_8	102.02223366663932	GCF_001025135.1	Tier1	112.36685533953278
GCF_000741415.1	Bifidobacterium adolescentis JCM 15918	JCM 15918	Tier2	Draft: contigs=15, N50=545981, completeness=95.41	DSM:24849	SAMN02673454	University of Parma	Adult feces	missing	2014-03-05T15:00:55.213	95.41	2.2	Contig	current	PRJNA239866	15	545981	2304613	gcfgca:GCA_000741415.1	canonical	Bifidobacterium adolescentis		type strain of Bifidobacterium stercoris																			literature	PMID 24187022	2.0	Bifidobacterium adolescentis	GCF_000741415.1	Tier2	5_32	98.77858876481508	GCF_000741415.1	Tier2	98.77858876481508
GCF_000741685.1	Bifidobacterium pseudocatenulatum DSM 20438 = JCM 1200 = LMG 10505	LMG 10505	Tier2	Draft: contigs=10, N50=488581, completeness=96.17		SAMN02673443	University of Parma	Infant feces	missing	2014-03-05T15:00:54.416	96.17	0.16	Contig	current	PRJNA239855	10	488581	2283768	gcfgca:GCA_000741685.1	canonical	Bifidobacterium pseudocatenulatum		type strain of Bifidobacterium pseudocatenulatum																			literature	PMID 28196965	1.0	Bifidobacterium pseudocatenulatum	GCF_000741685.1	Tier2	2_17	101.10410163899516	GCF_001025215.1	Tier1	108.89189173240123
GCF_000771105.1	Bifidobacterium longum subsp. infantis ATCC 15697 = JCM 1222 = DSM 20088	DSM 20088	Tier2	Draft: contigs=176, N50=54700, completeness=98.71	DSM:20088	SAMN02442011	Key Laboratory of Dairy BiotecInner Mongolia Agricultural University			2013-12-11T22:08:32.500	98.71	0.16	Contig	current	PRJNA237576	176	54700	2780321	gcfgca:GCA_000771105.1	canonical	Bifidobacterium longum		type strain of Bifidobacterium infantis																			literature	PMID 27782805	3.0	Bifidobacterium longum subsp. infantis	GCF_000771105.1	Tier2	1_51	93.50891865072128	GCF_000269965.1	Tier1	106.57576324158852
GCF_000771285.1	Bifidobacterium longum subsp. suis DSM 20211	DSM 20211	Tier2	Draft: contigs=129, N50=150242, completeness=98.77	DSM:20211	SAMN02442020	Key Laboratory of Dairy BiotecInner Mongolia Agricultural University			2013-12-11T22:08:33.040	98.77	1.68	Contig	current	PRJNA237576	129	150242	2389965	gcfgca:GCA_000771285.1	canonical	Bifidobacterium longum		type strain of Bifidobacterium longum subsp. suis																			literature	PMID 38542148	1.0	Bifidobacterium longum subsp. suis	GCF_000771285.1	Tier2	1_74	96.23839567811324	GCF_000771285.1	Tier2	96.23839567811324
GCF_000771485.1	Bifidobacterium bifidum ATCC 29521 = JCM 1255 = DSM 20456	DSM 20456	Tier2	Draft: contigs=50, N50=166806, completeness=97.63	DSM:20456	SAMN02442030	Key Laboratory of Dairy BiotecInner Mongolia Agricultural University			2013-12-11T22:08:33.663	97.63	0.24	Contig	current	PRJNA237576	50	166806	2202787	gcfgca:GCA_000771485.1	canonical	Bifidobacterium bifidum		type strain of Bifidobacterium bifidum																			literature	PMID 27782805	2.0	Bifidobacterium bifidum	GCF_000771485.1	Tier2	4_8	101.3757344082292	GCF_001025135.1	Tier1	112.36685533953278
GCF_000772485.1	Bifidobacterium longum subsp. longum GT15	GT15	Tier1	Closed genome: contigs=1, N50=2337521, len=2337521		SAMN03093230	Vavilov Institute of General Genetics	fecal sample of a healthy adult	Russia: Central region	2014-10-03T12:53:17.786	98.06	0.19	Complete Genome	current	PRJNA191592	1	2337521	2337521	gcfgca:GCA_000772485.1	canonical	Bifidobacterium longum																					literature	PMID 25894918	7.0	Bifidobacterium longum subsp. longum	GCF_000772485.1	Tier1	1_175	112.91494443149966	GCF_000772485.1	Tier1	112.91494443149966
GCF_000800455.1	Bifidobacterium catenulatum subsp. puerorum PV20-2	PV20-2	Tier1	Closed genome: contigs=1, N50=2370978, len=2370978		SAMN03253090	ETH Zurich	fecal sample	Kenya	2014-12-05T02:42:04.340	98.04	0.49	Complete Genome	current	PRJNA234365	1	2370978	2370978	gcfgca:GCA_000800455.1	canonical	Bifidobacterium catenulatum																					literature	PMID 27782805	3.0	Bifidobacterium catenulatum subsp. puerorum	GCF_000800455.1	Tier1	2_48	109.17746376211711	GCF_000800455.1	Tier1	109.17746376211711
GCF_000800475.2	Bifidobacterium pseudolongum PV8-2	PV8-2	Tier1	Closed genome: contigs=1, N50=2032698, len=2032698		SAMN03253091	ETH Zurich	fecal sample	Kenya	2014-12-05T02:48:12.763	97.11	2.05	Complete Genome	current	PRJNA234364	1	2032698	2032698	gcfgca:GCA_000800475.2	canonical	Bifidobacterium pseudolongum																					literature	PMID 27782805	3.0	Bifidobacterium pseudolongum unspecified	GCF_000800475.2	Tier1	7_1	111.95403642992991	GCF_000800475.2	Tier1	111.95403642992991
GCF_000816205.1	Bifidobacterium animalis subsp. lactis KLDS2.0603	KLDS 2.0603	Tier1	Closed genome: contigs=1, N50=1946899, len=1946899		SAMN02726251	Northeast Agricultural University in People's Republic of China	adult feces	China	2014-04-12T08:35:25.410	98.86	0.27	Complete Genome	current	PRJNA225662	1	1946899	1946899	gcfgca:GCA_000816205.1	canonical	Bifidobacterium animalis																					literature	PMID 24037652	3.0	Bifidobacterium animalis subsp. lactis	GCF_000816205.1	Tier1	3_1	112.17436047566083	GCF_011770105.1	Tier1	112.25343520812255
GCF_000817045.1	Bifidobacterium animalis		Tier1	Closed genome: contigs=1, N50=1958651, len=1958651		SAMN03273367	China Agricultural University	human feces	China: village Bama, guangxi	2014-12-28T21:59:34.373	98.97	0.27	Complete Genome	current	PRJNA271239	1	1958651	1958651	gcfgca:GCA_000817045.1	canonical	Bifidobacterium animalis	A6																				literature	PMID 25707999	1.0	Bifidobacterium animalis unspecified	GCF_000817045.1	Tier1	3_1	111.95580099721045	GCF_011770105.1	Tier1	112.25343520812255
GCF_000817995.1	Bifidobacterium adolescentis	BB23	Tier1	Closed genome: contigs=1, N50=2173720, len=2173720		SAMN03273368	China Agricultural University	human feces	China: village Bama, guangxi	2014-12-28T22:04:48.826	96.68	2.17	Complete Genome	current	PRJNA271241	1	2173720	2173720	gcfgca:GCA_000817995.1	canonical	Bifidobacterium adolescentis																					literature	PMID 25678139	1.0	Bifidobacterium adolescentis	GCF_000817995.1	Tier1	5_5	110.62860180062802	GCF_000817995.1	Tier1	110.62860180062802
GCF_000818055.1	Bifidobacterium animalis subsp. lactis	BF052	Tier1	Closed genome: contigs=1, N50=1938624, len=1938624		SAMN02941905	Suranaree University of Technology	feces of breast-fed infant	Thailand:Nakhonratchasima	2014-07-28T00:43:38.680	98.97	0.27	Complete Genome	current	PRJNA252546	1	1938624	1938624	gcfgca:GCA_000818055.1	canonical	Bifidobacterium animalis																					literature	PMID 28911187	3.0	Bifidobacterium animalis subsp. lactis	GCF_000818055.1	Tier1	3_1	111.93356589305446	GCF_011770105.1	Tier1	112.25343520812255
GCF_000825065.1	Bifidobacterium longum subsp. infantis	BIC1401212621a	Tier2	Draft: contigs=51, N50=101329, completeness=98.71		SAMEA2747186	CHUV-UNIL	Infloran capsule	Switzerland	2015-01-29T08:47:20.863	98.71	0.16	Contig	current	PRJEB7117	51	101329	2791569	gcfgca:GCA_000825065.1	canonical	Bifidobacterium longum																					isolation_source_match	Infloran capsule		Bifidobacterium longum subsp. infantis	GCF_000825065.1	Tier2	1_51	95.90276686671736	GCF_000269965.1	Tier1	106.57576324158852
GCF_000825085.1	Bifidobacterium longum subsp. infantis	BIC1401212621b	Tier2	Draft: contigs=54, N50=93689, completeness=98.9		SAMEA2747187	CHUV-UNIL	Infloran capsule	Switzerland	2015-01-29T08:47:20.923	98.9	0.16	Contig	current	PRJEB7117	54	93689	2821883	gcfgca:GCA_000825085.1	canonical	Bifidobacterium longum																					isolation_source_match	Infloran capsule		Bifidobacterium longum subsp. infantis	GCF_000825085.1	Tier2	1_51	88.7358192975935	GCF_000269965.1	Tier1	106.57576324158852
GCF_000825105.1	Bifidobacterium longum subsp. infantis	BIB1401242951	Tier2	Draft: contigs=50, N50=109297, completeness=98.71		SAMEA2747188	CHUV-UNIL	Infloran capsule	Switzerland	2015-01-29T08:47:20.996	98.71	0.16	Contig	current	PRJEB7117	50	109297	2787528	gcfgca:GCA_000825105.1	canonical	Bifidobacterium longum																					isolation_source_match	Infloran capsule		Bifidobacterium longum subsp. infantis	GCF_000825105.1	Tier2	1_51	95.91920410914062	GCF_000269965.1	Tier1	106.57576324158852
GCF_000825125.1	Bifidobacterium longum subsp. infantis	BIB1401272845a	Tier2	Draft: contigs=50, N50=101948, completeness=98.71		SAMEA2747189	CHUV-UNIL	Infloran capsule	Switzerland	2015-01-29T08:47:21.093	98.71	0.16	Contig	current	PRJEB7117	50	101948	2791524	gcfgca:GCA_000825125.1	canonical	Bifidobacterium longum																					isolation_source_match	Infloran capsule		Bifidobacterium longum subsp. infantis	GCF_000825125.1	Tier2	1_51	95.90409767326032	GCF_000269965.1	Tier1	106.57576324158852
GCF_000825145.1	Bifidobacterium longum subsp. infantis	BIB1401272845b	Tier2	Draft: contigs=56, N50=100267, completeness=98.71		SAMEA2747190	CHUV-UNIL	Infloran capsule	Switzerland	2015-01-29T08:47:21.176	98.71	0.16	Contig	current	PRJEB7117	56	100267	2786838	gcfgca:GCA_000825145.1	canonical	Bifidobacterium longum																					isolation_source_match	Infloran capsule		Bifidobacterium longum subsp. infantis	GCF_000825145.1	Tier2	1_51	88.75054567163319	GCF_000269965.1	Tier1	106.57576324158852
GCF_000829295.1	Bifidobacterium longum	105-A	Tier1	Closed genome: contigs=1, N50=2290145, len=2290145		SAMD00019943	Tokyo University of Agriculture		Japan	2014-11-08T23:26:15.670	99.38	0.25	Complete Genome	current	PRJDB3123	1	2290145	2290145	gcfgca:GCA_000829295.1	canonical	Bifidobacterium longum																					literature	PMID 42411622	8.0	Bifidobacterium longum unspecified	GCF_000829295.1	Tier1	1_132	113.04163148384283	GCF_000829295.1	Tier1	113.04163148384283
GCF_000940535.1	Bifidobacterium pseudocatenulatum	CECT 7765	Tier2	Draft: contigs=6, N50=1743969, completeness=98.74		SAMEA2743237	IATA-CSIC		Spain	2014-11-06T08:05:22.316	98.74	0.65	Contig	current	PRJEB6926	6	1743969	2254339	gcfgca:GCA_000940535.1	canonical	Bifidobacterium pseudocatenulatum			39.514399	-0.424275																	literature	PMID 25657013	12.0	Bifidobacterium pseudocatenulatum	GCF_000940535.1	Tier2	2_23	100.28076938042196	GCF_000940535.1	Tier2	100.28076938042196
GCF_001010915.1	Bifidobacterium adolescentis	150	Tier2	Draft: contigs=34, N50=176326, completeness=96.17		SAMN03468113	Vavilov Institute of General Genetics	feces	Russia:Tver	2015-04-09T10:25:15.307	96.17	3.39	Contig	current	PRJNA280952	34	176326	2315664	gcfgca:GCA_001010915.1	canonical	Bifidobacterium adolescentis																					literature	PMID 31677091	1.0	Bifidobacterium adolescentis	GCF_001010915.1	Tier2	5_9	100.03315817777188	GCF_001010915.1	Tier2	100.03315817777188
GCF_001020405.1	Bifidobacterium bifidum	IPLA 20015	Tier2	Draft: contigs=17, N50=267124, completeness=96.49		SAMN03103719	University of Parma	Breast milk fed infants	missing	2014-10-10T05:14:28.197	96.49	0.35	Contig	current	PRJNA263318	17	267124	2172992	gcfgca:GCA_001020405.1	canonical	Bifidobacterium bifidum																					literature	PMID 27242753	1.0	Bifidobacterium bifidum	GCF_001020405.1	Tier2	4_9	101.1242564645501	GCF_045273085.1	Tier1	112.47283074476827
GCF_001025135.1	Bifidobacterium bifidum ATCC 29521 = JCM 1255 = DSM 20456	JCM 1255	Tier1	Closed genome: contigs=1, N50=2211039, len=2211039		SAMD00061040	Graduate School of Frontier Sciences, University of Tokyo			2016-09-28T01:01:58.816	96.91	0.24	Complete Genome	current	PRJDB56	1	2211039	2211039	gcfgca:GCA_001025135.1	canonical	Bifidobacterium bifidum		type strain of Bifidobacterium bifidum																			literature	PMID 19911297	3.0	Bifidobacterium bifidum	GCF_001025135.1	Tier1	4_8	112.36685533953278	GCF_001025135.1	Tier1	112.36685533953278
GCF_001025155.1	Bifidobacterium angulatum DSM 20098 = JCM 7096	JCM 7096	Tier1	Closed genome: contigs=1, N50=2021974, len=2021974		SAMD00061039	Graduate School of Frontier Sciences, University of Tokyo			2016-09-28T01:01:58.240	97.02	0.59	Complete Genome	current	PRJDB55	1	2021974	2021974	gcfgca:GCA_001025155.1	canonical	Bifidobacterium angulatum		type strain of Bifidobacterium angulatum																			literature	PMID 26142062	1.0	Bifidobacterium angulatum	GCF_001025155.1	Tier1	9_1	111.43278776681568	GCF_001025155.1	Tier1	111.43278776681568
GCF_001025175.1	Bifidobacterium breve DSM 20213 = JCM 1192	JCM 1192	Tier1	Closed genome: contigs=1, N50=2269415, len=2269415		SAMD00061041	Graduate School of Frontier Sciences, University of Tokyo			2016-09-28T01:01:59.460	99.08	0.27	Complete Genome	current	PRJDB57	1	2269415	2269415	gcfgca:GCA_001025175.1	canonical	Bifidobacterium breve		type strain of Bifidobacterium breve																			literature	PMID 19911297	7.0	Bifidobacterium breve	GCF_001025175.1	Tier1	1_6	112.43785695585863	GCF_900637145.1	Tier1	112.46844406327646
GCF_001025195.1	Bifidobacterium catenulatum DSM 16992 = JCM 1194 = LMG 11043	JCM 1194	Tier1	Closed genome: contigs=1, N50=2079525, len=2079525		SAMD00061042	Graduate School of Frontier Sciences, University of Tokyo			2016-09-28T01:02:00.423	98.45		Complete Genome	current	PRJDB58	1	2079525	2079525	gcfgca:GCA_001025195.1	canonical	Bifidobacterium catenulatum		type strain of Bifidobacterium catenulatum																			literature	PMID 33808003	3.0	Bifidobacterium catenulatum unspecified	GCF_001025195.1	Tier1	2_49	111.72898207290513	GCF_001025195.1	Tier1	111.72898207290513
GCF_001025215.1	Bifidobacterium pseudocatenulatum DSM 20438 = JCM 1200 = LMG 10505	JCM 1200	Tier1	Closed genome: contigs=1, N50=2313752, len=2313752		SAMD00061045	Graduate School of Frontier Sciences, University of Tokyo			2016-09-28T01:02:02.370	98.58	1.63	Complete Genome	current	PRJDB61	1	2313752	2313752	gcfgca:GCA_001025215.1	canonical	Bifidobacterium pseudocatenulatum		type strain of Bifidobacterium pseudocatenulatum																			literature	PMID 19911297;PMID 28196965	7.0	Bifidobacterium pseudocatenulatum	GCF_001025215.1	Tier1	2_17	108.89189173240123	GCF_001025215.1	Tier1	108.89189173240123
GCF_001039715.1	Bifidobacterium animalis subsp. animalis IM386	IM386	Tier2	Draft: contigs=8, N50=420827, completeness=96.88		SAMEA3158463	ERA7			2015-01-29T08:50:06.440	96.88	0.36	Contig	current	PRJEB4710	8	420827	1925687	gcfgca:GCA_001039715.1	canonical	Bifidobacterium animalis																					literature	PMID 31707173	4.0	Bifidobacterium animalis subsp. animalis	GCF_001039715.1	Tier2	3_2	100.3619267922112	GCF_003671995.1	Tier1	110.9030557585669
GCF_001042595.1	Bifidobacterium dentium JCM 1195 = DSM 20436	JCM 1195	Tier1	Closed genome: contigs=1, N50=2635669, len=2635669		SAMD00061043	Graduate School of Frontier Sciences, University of Tokyo			2016-09-28T01:02:01.170	96.91	0.14	Complete Genome	current	PRJDB59	1	2635669	2635669	gcfgca:GCA_001042595.1	canonical	Bifidobacterium dentium		type strain of Bifidobacterium dentium																			literature	PMID 42411622	2.0	Bifidobacterium dentium	GCF_001042595.1	Tier1	6_1	110.1459954409055	GCF_053708995.1	Tier1	110.90166501565854
GCF_001042615.1	Bifidobacterium catenulatum subsp. kashiwanohense JCM 15439 = DSM 21854	JCM 15439	Tier1	Closed genome: contigs=1, N50=2337234, len=2337234		SAMD00061044	Graduate School of Frontier Sciences, University of Tokyo			2016-09-28T01:02:01.766	98.28	0.49	Complete Genome	current	PRJDB60	1	2337234	2337234	gcfgca:GCA_001042615.1	canonical	Bifidobacterium catenulatum		type strain of Bifidobacterium kashiwanohense																			literature	PMID 21148680	2.0	Bifidobacterium catenulatum subsp. kashiwanohense	GCF_001042615.1	Tier1	2_59	111.23435109770688	GCF_001042615.1	Tier1	111.23435109770688
GCF_001042635.1	Bifidobacterium scardovii JCM 12489 = DSM 13734	JCM 12489	Tier1	Closed genome: contigs=1, N50=3158347, len=3158347		SAMD00061046	Graduate School of Frontier Sciences, University of Tokyo			2016-09-28T01:02:03.163	97.61	1.96	Complete Genome	current	PRJDB62	1	3158347	3158347	gcfgca:GCA_001042635.1	canonical	Bifidobacterium scardovii		type strain of Bifidobacterium scardovii																			literature	PMID 25858848	1.0	Bifidobacterium scardovii	GCF_001042635.1	Tier1	16_0	110.2397299215927	GCF_001042635.1	Tier1	110.2397299215927
GCF_001051015.2	Bifidobacterium longum subsp. infantis	CECT 7210	Tier1	Closed genome: contigs=1, N50=2467698, len=2467698		SAMEA3158508	Ordesa			2015-04-09T08:07:08.930	99.26	0.25	Complete Genome	current	PRJEB7787	1	2467698	2467698	gcfgca:GCA_001051015.2	canonical	Bifidobacterium longum																					literature;submitter_match	PMID 36896934;Ordesa	5.0	Bifidobacterium longum subsp. infantis	GCF_001051015.2	Tier1	1_161	111.98614600455282	GCF_001051015.2	Tier1	111.98614600455282
GCF_001263835.1	Bifidobacterium animalis subsp. animalis MCC 1489	MCC 1489	Tier2	Draft: contigs=17, N50=256006, completeness=98.97		SAMN03978810	Food Science and Technology Institute, Morinaga Milk Industry Co., Ltd	feces	Japan	2015-08-11T08:21:35.000	98.97	0.36	Scaffold	current	PRJNA215972	17	256006	1909917	gcfgca:GCA_001263835.1	canonical	Bifidobacterium animalis																					submitter_match	Food Science and Technology Institute, Morinaga Milk Industry Co., Ltd		Bifidobacterium animalis subsp. animalis	GCF_001263835.1	Tier2	3_2	100.36920918384904	GCF_003671995.1	Tier1	110.9030557585669
GCF_001263845.1	Bifidobacterium breve MCC 0476	MCC 0476	Tier2	Draft: contigs=15, N50=269578, completeness=99.39		SAMN03978797	Food Science and Technology Institute, Morinaga Milk Industry Co., Ltd	feces from an adult	Japan	2015-08-11T08:21:13.911	99.39	0.72	Contig	current	PRJNA215979	15	269578	2233807	gcfgca:GCA_001263845.1	canonical	Bifidobacterium breve																					submitter_match	Food Science and Technology Institute, Morinaga Milk Industry Co., Ltd		Bifidobacterium breve	GCF_001263845.1	Tier2	1_27	101.22534222347828	GCF_001263845.1	Tier2	101.22534222347828
GCF_001263855.1	Bifidobacterium breve MCC 1114	MCC 1114	Tier2	Draft: contigs=33, N50=176662, completeness=98.19		SAMN03978798	Food Science and Technology Institute, Morinaga Milk Industry Co., Ltd	infant feces	Japan	2015-08-11T08:21:15.370	98.19	1.14	Contig	current	PRJNA215977	33	176662	2487280	gcfgca:GCA_001263855.1	canonical	Bifidobacterium breve																					submitter_match	Food Science and Technology Institute, Morinaga Milk Industry Co., Ltd		Bifidobacterium breve	GCF_001263855.1	Tier2	1_23	102.20437159447889	GCF_001263855.1	Tier2	102.20437159447889
GCF_001263865.1	Bifidobacterium animalis subsp. animalis MCC 0499	MCC 0499	Tier2	Draft: contigs=17, N50=267733, completeness=95.05		SAMN03978809	Food Science and Technology Institute, Morinaga Milk Industry Co., Ltd	feces	Japan	2015-08-11T08:21:34.000	95.05	1.72	Scaffold	current	PRJNA215970	17	267733	2133776	gcfgca:GCA_001263865.1	canonical	Bifidobacterium animalis																					submitter_match	Food Science and Technology Institute, Morinaga Milk Industry Co., Ltd		Bifidobacterium animalis subsp. animalis	GCF_001263865.1	Tier2	3_3	99.85385095218784	GCF_001263865.1	Tier2	99.85385095218784
GCF_001263915.1	Bifidobacterium breve MCC 1128	MCC 1128	Tier2	Draft: contigs=25, N50=156854, completeness=98.03		SAMN03978799	Food Science and Technology Institute, Morinaga Milk Industry Co., Ltd	infant feces	Japan	2015-08-11T08:21:17.445	98.03	1.6	Contig	current	PRJNA215982	25	156854	2480222	gcfgca:GCA_001263915.1	canonical	Bifidobacterium breve																					submitter_match	Food Science and Technology Institute, Morinaga Milk Industry Co., Ltd		Bifidobacterium breve	GCF_001263915.1	Tier2	1_39	101.00774779915086	GCF_001263915.1	Tier2	101.00774779915086
GCF_001263935.1	Bifidobacterium breve MCC 1605	MCC 1605	Tier2	Draft: contigs=38, N50=132167, completeness=98.34		SAMN03978805	Food Science and Technology Institute, Morinaga Milk Industry Co., Ltd	feces	Japan	2015-08-11T08:21:27.656	98.34	0.92	Scaffold	current	PRJNA215983	38	132167	2324012	gcfgca:GCA_001263935.1	canonical	Bifidobacterium breve																					submitter_match	Food Science and Technology Institute, Morinaga Milk Industry Co., Ltd		Bifidobacterium breve	GCF_001263935.1	Tier2	1_32	99.89660405424723	GCF_001263935.1	Tier2	99.89660405424723
GCF_001263975.1	Bifidobacterium animalis subsp. lactis ATCC 27536	ATCC 27536	Tier2	Draft: contigs=20, N50=182833, completeness=98.97	ATCC:27536	SAMN03978807	Food Science and Technology Institute, Morinaga Milk Industry Co., Ltd	feces	Japan	2015-08-11T08:21:31.000	98.97	0.27	Scaffold	current	PRJNA215969	20	182833	1912453	gcfgca:GCA_001263975.1	canonical	Bifidobacterium animalis																					literature;submitter_match	PMID 42172045;Food Science and Technology Institute, Morinaga Milk Industry Co., Ltd	1.0	Bifidobacterium animalis subsp. lactis	GCF_001263975.1	Tier2	3_1	101.500847128522	GCF_011770105.1	Tier1	112.25343520812255
GCF_001263985.1	Bifidobacterium animalis subsp. lactis ATCC 27674	ATCC 27674	Tier2	Draft: contigs=20, N50=148957, completeness=98.97	ATCC:27674	SAMN03978808	Food Science and Technology Institute, Morinaga Milk Industry Co., Ltd	feces	Japan	2015-08-11T08:21:32.000	98.97	0.27	Scaffold	current	PRJNA215968	20	148957	1912379	gcfgca:GCA_001263985.1	canonical	Bifidobacterium animalis																					submitter_match	Food Science and Technology Institute, Morinaga Milk Industry Co., Ltd		Bifidobacterium animalis subsp. lactis	GCF_001263985.1	Tier2	3_1	101.5008889868908	GCF_011770105.1	Tier1	112.25343520812255
GCF_001264035.1	Bifidobacterium breve MCC 0305	MCC 0305	Tier2	Draft: contigs=23, N50=319006, completeness=98.96		SAMN03978801	Food Science and Technology Institute, Morinaga Milk Industry Co., Ltd	feces	Japan	2015-08-11T08:21:20.727	98.96	0.39	Scaffold	current	PRJNA215975	23	319006	2286838	gcfgca:GCA_001264035.1	canonical	Bifidobacterium breve																					submitter_match	Food Science and Technology Institute, Morinaga Milk Industry Co., Ltd		Bifidobacterium breve	GCF_001264035.1	Tier2	1_12	102.39269944884325	GCF_001264035.1	Tier2	102.39269944884325
GCF_001264045.1	Bifidobacterium breve MCC 0121	MCC 0121	Tier2	Draft: contigs=27, N50=178833, completeness=99.13		SAMN03978796	Food Science and Technology Institute, Morinaga Milk Industry Co., Ltd	infant feces	Japan	2015-08-11T08:21:12.357	99.13	0.84	Contig	current	PRJNA215976	27	178833	2436344	gcfgca:GCA_001264045.1	canonical	Bifidobacterium breve																					submitter_match	Food Science and Technology Institute, Morinaga Milk Industry Co., Ltd		Bifidobacterium breve	GCF_001264045.1	Tier2	1_23	101.80702385412182	GCF_001263855.1	Tier2	102.20437159447889
GCF_001264055.1	Bifidobacterium animalis subsp. animalis ATCC 27672	ATCC 27672	Tier2	Draft: contigs=16, N50=265361, completeness=95.02	ATCC:27672	SAMN03978812	Food Science and Technology Institute, Morinaga Milk Industry Co., Ltd	feces	Japan	2015-08-11T08:21:38.000	95.02	0.87	Scaffold	current	PRJNA215973	16	265361	1990162	gcfgca:GCA_001264055.1	canonical	Bifidobacterium animalis																					submitter_match	Food Science and Technology Institute, Morinaga Milk Industry Co., Ltd		Bifidobacterium animalis subsp. animalis	GCF_001264055.1	Tier2	3_4	100.64299897891642	GCF_001264055.1	Tier2	100.64299897891642
GCF_001264095.1	Bifidobacterium breve MCC 1094	MCC 1094	Tier2	Draft: contigs=26, N50=210898, completeness=99.01		SAMN03978802	Food Science and Technology Institute, Morinaga Milk Industry Co., Ltd	feces from an infant	Japan	2015-08-11T08:21:22.103	99.01	0.36	Scaffold	current	PRJNA215978	26	210898	2327206	gcfgca:GCA_001264095.1	canonical	Bifidobacterium breve																					submitter_match	Food Science and Technology Institute, Morinaga Milk Industry Co., Ltd		Bifidobacterium breve	GCF_001264095.1	Tier2	1_25	102.15223621373632	GCF_002838485.1	Tier1	111.74681649402432
GCF_001264105.1	Bifidobacterium breve MCC 1340	MCC 1340	Tier2	Draft: contigs=25, N50=190612, completeness=98.26		SAMN03978803	Food Science and Technology Institute, Morinaga Milk Industry Co., Ltd	feces from an infant	Japan	2015-08-11T08:21:24.325	98.26	0.22	Scaffold	current	PRJNA215981	25	190612	2373106	gcfgca:GCA_001264105.1	canonical	Bifidobacterium breve																					submitter_match	Food Science and Technology Institute, Morinaga Milk Industry Co., Ltd		Bifidobacterium breve	GCF_001264105.1	Tier2	1_29	100.92867465474582	GCF_001264105.1	Tier2	100.92867465474582
GCF_001264135.1	Bifidobacterium breve MCC 1454	MCC 1454	Tier2	Draft: contigs=17, N50=365229, completeness=99.2		SAMN03978804	Food Science and Technology Institute, Morinaga Milk Industry Co., Ltd	feces from an infant	Japan	2015-08-11T08:21:25.988	99.2	1.29	Scaffold	current	PRJNA215980	17	365229	2457448	gcfgca:GCA_001264135.1	canonical	Bifidobacterium breve																					submitter_match	Food Science and Technology Institute, Morinaga Milk Industry Co., Ltd		Bifidobacterium breve	GCF_001264135.1	Tier2	1_26	100.7969355293096	GCF_047301025.1	Tier1	112.82887681618408
GCF_001264155.1	Bifidobacterium breve MCC 1604	MCC 1604	Tier2	Draft: contigs=15, N50=213292, completeness=99.48		SAMN03978800	Food Science and Technology Institute, Morinaga Milk Industry Co., Ltd	feces from an elderly person	Japan	2015-08-11T08:21:18.938	99.48	0.88	Contig	current	PRJNA215984	15	213292	2206390	gcfgca:GCA_001264155.1	canonical	Bifidobacterium breve																					submitter_match	Food Science and Technology Institute, Morinaga Milk Industry Co., Ltd		Bifidobacterium breve	GCF_001264155.1	Tier2	1_12	102.19528730635682	GCF_001264035.1	Tier2	102.39269944884325
GCF_001281305.1	Bifidobacterium longum subsp. infantis	BT1	Tier1	Closed genome: contigs=1, N50=2578115, len=2578115		SAMN03271683	Yonsei University		Korea	2014-12-20T02:18:48.926	98.52	1.67	Complete Genome	current	PRJNA270905	1	2578115	2578115	gcfgca:GCA_001281305.1	canonical	Bifidobacterium longum																					literature	PMID 27524178	3.0	Bifidobacterium longum subsp. infantis	GCF_001281305.1	Tier1	1_50	109.74565114284528	GCF_001281305.1	Tier1	109.74565114284528
GCF_001281345.1	Bifidobacterium bifidum	BF3	Tier1	Closed genome: contigs=1, N50=2210370, len=2210370		SAMN03271680	Yonsei University		Korea	2014-12-20T02:12:49.007	96.57	0.86	Complete Genome	current	PRJNA270902	1	2210370	2210370	gcfgca:GCA_001281345.1	canonical	Bifidobacterium bifidum																					literature	PMID 27524178	4.0	Bifidobacterium bifidum	GCF_001281345.1	Tier1	4_4	112.12473249592011	GCF_000265095.1	Tier1	112.37603458971144
GCF_001281425.1	Bifidobacterium breve	BR3	Tier1	Closed genome: contigs=2, N50=2421115, len=2426006		SAMN03271681	Yonsei University		Korea	2014-12-20T02:15:33.937	97.92	0.96	Complete Genome	current	PRJNA270903	2	2421115	2426006	gcfgca:GCA_001281425.1	canonical	Bifidobacterium breve																					literature	PMID 27524178	5.0	Bifidobacterium breve	GCF_001281425.1	Tier1	1_41	112.24187437360372	GCF_001281425.1	Tier1	112.24187437360372
GCF_001293145.1	Bifidobacterium longum	BG7	Tier1	Closed genome: contigs=2, N50=2453124, len=2455762		SAMN03271682	Yonsei University		Korea	2014-12-20T02:17:04.390	99.38	0.16	Complete Genome	current	PRJNA270904	2	2453124	2455762	gcfgca:GCA_001293145.1	canonical	Bifidobacterium longum																					literature	PMID 27524178	4.0	Bifidobacterium longum unspecified	GCF_001293145.1	Tier1	1_182	112.4534097485006	GCF_001293145.1	Tier1	112.4534097485006
GCF_001446255.1	Bifidobacterium longum subsp. longum	NCIMB8809	Tier1	Closed genome: contigs=1, N50=2340989, len=2340989	NCIM:B8809	SAMN03785818	University College Cork		United Kingdom: England	2015-06-23T07:56:39.000	96.74		Complete Genome	current	PRJNA287223	1	2340989	2340989	gcfgca:GCA_001446255.1	canonical	Bifidobacterium longum																					literature	PMID 32385941;PMID 32385941	9.0	Bifidobacterium longum subsp. longum	GCF_001446255.1	Tier1	1_215	106.06626636439258	GCF_001446255.1	Tier1	106.06626636439258
GCF_001446275.1	Bifidobacterium longum subsp. longum	CCUG30698	Tier1	Closed genome: contigs=1, N50=2458004, len=2458004	CCUG:30698	SAMN03785819	University College Cork		Sweden	2015-06-23T07:56:42.000	98.36	0.16	Complete Genome	current	PRJNA287222	1	2458004	2458004	gcfgca:GCA_001446275.1	canonical	Bifidobacterium longum																					literature	PMID 26489930;PMID 26489930	2.0	Bifidobacterium longum subsp. longum	GCF_001446275.1	Tier1	1_100	111.63619127271538	GCF_001446275.1	Tier1	111.63619127271538
GCF_001447955.1	Bifidobacterium longum subsp. longum	9	Tier2	Draft: contigs=31, N50=154491, completeness=99.38		SAMN04129541	UC Davis	Commercial Probiotic 15	USA: CA	2015-10-02T19:21:03.000	99.38	0.16	Contig	current	PRJNA297703	31	154491	2233772	gcfgca:GCA_001447955.1	canonical	Bifidobacterium longum																					isolation_source_match	Commercial Probiotic 15		Bifidobacterium longum subsp. longum	GCF_001447955.1	Tier2	1_114	102.08227658886796	GCF_001719085.1	Tier1	112.61526857903468
GCF_001447975.1	Bifidobacterium longum subsp. longum	7	Tier2	Draft: contigs=37, N50=133967, completeness=99.38		SAMN04129533	UC Davis	Commercial Probiotic 15	USA: CA	2015-10-02T19:13:03.000	99.38	0.16	Scaffold	current	PRJNA297703	37	133967	2235579	gcfgca:GCA_001447975.1	canonical	Bifidobacterium longum																					isolation_source_match	Commercial Probiotic 15		Bifidobacterium longum subsp. longum	GCF_001447975.1	Tier2	1_114	102.0513489168955	GCF_001719085.1	Tier1	112.61526857903468
GCF_001685685.1	Bifidobacterium bifidum	BI-14	Tier2	Draft: contigs=26, N50=157342, completeness=95.03		SAMD00047595	Yakult Central Institute		Japan	2016-06-11T01:00:16.346	95.03	0.24	Contig	current	PRJDB4597	26	157342	2184434	gcfgca:GCA_001685685.1	canonical	Bifidobacterium bifidum																					submitter_match	Yakult Central Institute		Bifidobacterium bifidum	GCF_001685685.1	Tier2	4_8	101.56036519863628	GCF_001025135.1	Tier1	112.36685533953278
GCF_001685725.1	Bifidobacterium breve	BR-07	Tier2	Draft: contigs=27, N50=339427, completeness=98.61		SAMD00047597	Yakult Central Institute		Japan	2016-06-11T01:00:16.826	98.61	0.93	Contig	current	PRJDB4597	27	339427	2249483	gcfgca:GCA_001685725.1	canonical	Bifidobacterium breve																					submitter_match	Yakult Central Institute		Bifidobacterium breve	GCF_001685725.1	Tier2	1_13	102.35642319779292	GCF_002838465.1	Tier1	112.7818481317396
GCF_001685745.1	Bifidobacterium breve	BR-10	Tier2	Draft: contigs=60, N50=111423, completeness=98.72		SAMD00047598	Yakult Central Institute		Japan	2016-06-11T01:00:16.913	98.72	2.18	Contig	current	PRJDB4597	60	111423	2349925	gcfgca:GCA_001685745.1	canonical	Bifidobacterium breve																					submitter_match	Yakult Central Institute		Bifidobacterium breve	GCF_001685745.1	Tier2	1_33	100.27348742370462	GCF_001685745.1	Tier2	100.27348742370462
GCF_001685765.1	Bifidobacterium breve	BR-14	Tier2	Draft: contigs=57, N50=116799, completeness=98.5		SAMD00047599	Yakult Central Institute		Japan	2016-06-11T01:00:16.986	98.5	1.71	Contig	current	PRJDB4597	57	116799	2529872	gcfgca:GCA_001685765.1	canonical	Bifidobacterium breve																					submitter_match	Yakult Central Institute		Bifidobacterium breve	GCF_001685765.1	Tier2	1_43	99.4437195622429	GCF_001685765.1	Tier2	99.4437195622429
GCF_001685785.1	Bifidobacterium breve	BR-15	Tier2	Draft: contigs=27, N50=165106, completeness=99.55		SAMD00047600	Yakult Central Institute		Japan	2016-06-11T01:00:17.063	99.55	1.1	Contig	current	PRJDB4597	27	165106	2373802	gcfgca:GCA_001685785.1	canonical	Bifidobacterium breve																					submitter_match	Yakult Central Institute		Bifidobacterium breve	GCF_001685785.1	Tier2	1_7	101.3588814279686	GCF_001685785.1	Tier2	101.3588814279686
GCF_001685805.1	Bifidobacterium breve	BR-19	Tier2	Draft: contigs=15, N50=334345, completeness=98.4		SAMD00047601	Yakult Central Institute		Japan	2016-06-11T01:00:17.143	98.4	1.17	Contig	current	PRJDB4597	15	334345	2324995	gcfgca:GCA_001685805.1	canonical	Bifidobacterium breve																					submitter_match	Yakult Central Institute		Bifidobacterium breve	GCF_001685805.1	Tier2	1_14	102.20289743951828	GCF_001685805.1	Tier2	102.20289743951828
GCF_001685825.1	Bifidobacterium breve	BR-20	Tier2	Draft: contigs=52, N50=115445, completeness=96.98		SAMD00047602	Yakult Central Institute		Japan	2016-06-11T01:00:17.420	96.98	0.17	Contig	current	PRJDB4597	52	115445	2335471	gcfgca:GCA_001685825.1	canonical	Bifidobacterium breve																					submitter_match	Yakult Central Institute		Bifidobacterium breve	GCF_001685825.1	Tier2	1_30	101.43118756403832	GCF_001685825.1	Tier2	101.43118756403832
GCF_001685845.1	Bifidobacterium breve	BR-21	Tier2	Draft: contigs=66, N50=115552, completeness=97.98		SAMD00047603	Yakult Central Institute		Japan	2016-06-11T01:00:17.693	97.98	0.56	Contig	current	PRJDB4597	66	115552	2614621	gcfgca:GCA_001685845.1	canonical	Bifidobacterium breve																					submitter_match	Yakult Central Institute		Bifidobacterium breve	GCF_001685845.1	Tier2	1_45	100.23138873337336	GCF_001685845.1	Tier2	100.23138873337336
GCF_001685865.1	Bifidobacterium breve	BR-A29	Tier2	Draft: contigs=62, N50=141495, completeness=98.34		SAMD00047604	Yakult Central Institute		Japan	2016-06-11T01:00:17.770	98.34	1.33	Contig	current	PRJDB4597	62	141495	2387635	gcfgca:GCA_001685865.1	canonical	Bifidobacterium breve																					submitter_match	Yakult Central Institute		Bifidobacterium breve	GCF_001685865.1	Tier2	1_40	100.8953705467472	GCF_001685865.1	Tier2	100.8953705467472
GCF_001685885.1	Bifidobacterium breve	BR-C29	Tier2	Draft: contigs=41, N50=146502, completeness=98.16		SAMD00047605	Yakult Central Institute		Japan	2016-06-11T01:00:17.850	98.16	2.01	Contig	current	PRJDB4597	41	146502	2287657	gcfgca:GCA_001685885.1	canonical	Bifidobacterium breve																					submitter_match	Yakult Central Institute		Bifidobacterium breve	GCF_001685885.1	Tier2	1_37	100.87292177679228	GCF_001685885.1	Tier2	100.87292177679228
GCF_001685905.1	Bifidobacterium breve	BR-H29	Tier2	Draft: contigs=39, N50=214317, completeness=97.69		SAMD00047606	Yakult Central Institute		Japan	2016-06-11T01:00:17.943	97.69	1.24	Contig	current	PRJDB4597	39	214317	2470837	gcfgca:GCA_001685905.1	canonical	Bifidobacterium breve																					submitter_match	Yakult Central Institute		Bifidobacterium breve	GCF_001685905.1	Tier2	1_38	100.75552831070377	GCF_001685905.1	Tier2	100.75552831070377
GCF_001685925.1	Bifidobacterium breve	BR-I29	Tier2	Draft: contigs=39, N50=131342, completeness=97.34		SAMD00047607	Yakult Central Institute		Japan	2016-06-11T01:00:18.010	97.34	1.2	Contig	current	PRJDB4597	39	131342	2249921	gcfgca:GCA_001685925.1	canonical	Bifidobacterium breve																					submitter_match	Yakult Central Institute		Bifidobacterium breve	GCF_001685925.1	Tier2	1_44	100.74920181259355	GCF_001685925.1	Tier2	100.74920181259355
GCF_001685945.1	Bifidobacterium breve	BR-L29	Tier2	Draft: contigs=44, N50=126367, completeness=98.42		SAMD00047608	Yakult Central Institute		Japan	2016-06-11T01:00:18.183	98.42	1.48	Contig	current	PRJDB4597	44	126367	2344657	gcfgca:GCA_001685945.1	canonical	Bifidobacterium breve																					submitter_match	Yakult Central Institute		Bifidobacterium breve	GCF_001685945.1	Tier2	1_8	101.18081683764936	GCF_001685945.1	Tier2	101.18081683764936
GCF_001685965.1	Bifidobacterium pseudocatenulatum	CA-05	Tier2	Draft: contigs=24, N50=271737, completeness=98.74		SAMD00047609	Yakult Central Institute		Japan	2016-06-11T01:00:18.256	98.74	0.16	Contig	current	PRJDB4597	24	271737	2223124	gcfgca:GCA_001685965.1	canonical	Bifidobacterium pseudocatenulatum																					submitter_match	Yakult Central Institute		Bifidobacterium pseudocatenulatum	GCF_001685965.1	Tier2	2_30	99.676874414639	GCF_020526295.1	Tier2	99.83640239799388
GCF_001685985.1	Bifidobacterium pseudocatenulatum	CA-B29	Tier2	Draft: contigs=43, N50=354251, completeness=98.74		SAMD00047610	Yakult Central Institute		Japan	2016-06-11T01:00:18.366	98.74	0.65	Contig	current	PRJDB4597	43	354251	2300700	gcfgca:GCA_001685985.1	canonical	Bifidobacterium pseudocatenulatum																					submitter_match	Yakult Central Institute		Bifidobacterium pseudocatenulatum	GCF_001685985.1	Tier2	2_31	99.47445556885306	GCF_020526285.1	Tier2	100.59125820479072
GCF_001686005.1	Bifidobacterium pseudocatenulatum	CA-C29	Tier2	Draft: contigs=72, N50=114968, completeness=98.52		SAMD00047611	Yakult Central Institute		Japan	2016-06-11T01:00:18.436	98.52	0.26	Contig	current	PRJDB4597	72	114968	2182067	gcfgca:GCA_001686005.1	canonical	Bifidobacterium pseudocatenulatum																					submitter_match	Yakult Central Institute		Bifidobacterium pseudocatenulatum	GCF_001686005.1	Tier2	2_9	100.08018847159444	GCF_020526245.1	Tier2	101.0548672982863
GCF_001686025.1	Bifidobacterium pseudocatenulatum	CA-D29	Tier2	Draft: contigs=86, N50=84419, completeness=98.5		SAMD00047612	Yakult Central Institute		Japan	2016-06-11T01:00:18.503	98.5	0.16	Contig	current	PRJDB4597	86	84419	2264683	gcfgca:GCA_001686025.1	canonical	Bifidobacterium pseudocatenulatum																					submitter_match	Yakult Central Institute		Bifidobacterium pseudocatenulatum	GCF_001686025.1	Tier2	2_2	99.61312008507495	GCF_020541825.1	Tier1	110.43109899360148
GCF_001686045.1	Bifidobacterium pseudocatenulatum	CA-K29a	Tier2	Draft: contigs=59, N50=248730, completeness=98.74		SAMD00047613	Yakult Central Institute		Japan	2016-06-11T01:00:18.573	98.74	1.14	Contig	current	PRJDB4597	59	248730	2458506	gcfgca:GCA_001686045.1	canonical	Bifidobacterium pseudocatenulatum																					submitter_match	Yakult Central Institute		Bifidobacterium pseudocatenulatum	GCF_001686045.1	Tier2	2_24	98.1976641113491	GCF_020526265.1	Tier2	98.89032405908073
GCF_001686065.1	Bifidobacterium pseudocatenulatum	CA-K29b	Tier2	Draft: contigs=66, N50=121816, completeness=98.69		SAMD00047614	Yakult Central Institute		Japan	2016-06-11T01:00:18.646	98.69	1.19	Contig	current	PRJDB4597	66	121816	2453340	gcfgca:GCA_001686065.1	canonical	Bifidobacterium pseudocatenulatum																					submitter_match	Yakult Central Institute		Bifidobacterium pseudocatenulatum	GCF_001686065.1	Tier2	2_1	98.922552177187	GCF_020526225.1	Tier2	99.1043028585816
GCF_001686125.1	Bifidobacterium longum subsp. infantis	IN-F29	Tier2	Draft: contigs=58, N50=131188, completeness=97.96		SAMD00047617	Yakult Central Institute		Japan	2016-06-11T01:00:18.993	97.96	1.17	Contig	current	PRJDB4597	58	131188	2643621	gcfgca:GCA_001686125.1	canonical	Bifidobacterium longum																					submitter_match	Yakult Central Institute		Bifidobacterium longum subsp. infantis	GCF_001686125.1	Tier2	1_64	89.63894705558334	GCF_001686125.1	Tier2	89.63894705558334
GCF_001686145.1	Bifidobacterium longum subsp. longum	LO-06	Tier2	Draft: contigs=77, N50=71981, completeness=98.68		SAMD00047618	Yakult Central Institute		Japan	2016-06-11T01:00:19.076	98.68	0.85	Contig	current	PRJDB4597	77	71981	2437471	gcfgca:GCA_001686145.1	canonical	Bifidobacterium longum																					submitter_match	Yakult Central Institute		Bifidobacterium longum subsp. longum	GCF_001686145.1	Tier2	1_138	100.8186089379094	GCF_001686145.1	Tier2	100.8186089379094
GCF_001686165.1	Bifidobacterium longum subsp. longum	LO-10	Tier2	Draft: contigs=80, N50=113109, completeness=99.38		SAMD00047619	Yakult Central Institute		Japan	2016-06-11T01:00:19.176	99.38	0.25	Contig	current	PRJDB4597	80	113109	2540238	gcfgca:GCA_001686165.1	canonical	Bifidobacterium longum																					submitter_match	Yakult Central Institute		Bifidobacterium longum subsp. longum	GCF_001686165.1	Tier2	1_82	102.25684860752725	GCF_001940535.1	Tier2	102.47722418858145
GCF_001686205.1	Bifidobacterium longum subsp. longum	LO-C29	Tier2	Draft: contigs=49, N50=112159, completeness=99.38		SAMD00047621	Yakult Central Institute		Japan	2016-06-11T01:00:19.336	99.38	3.19	Contig	current	PRJDB4597	49	112159	2483869	gcfgca:GCA_001686205.1	canonical	Bifidobacterium longum																					submitter_match	Yakult Central Institute		Bifidobacterium longum subsp. longum	GCF_001686205.1	Tier2	1_207	89.37368372494412	GCF_060709645.1	Tier1	112.8053848476039
GCF_001686225.1	Bifidobacterium longum subsp. longum	LO-K29a	Tier2	Draft: contigs=85, N50=92520, completeness=99.38		SAMD00047622	Yakult Central Institute		Japan	2016-06-11T01:00:19.406	99.38	0.38	Contig	current	PRJDB4597	85	92520	2449180	gcfgca:GCA_001686225.1	canonical	Bifidobacterium longum																					submitter_match	Yakult Central Institute		Bifidobacterium longum subsp. longum	GCF_001686225.1	Tier2	1_154	102.08301779545536	GCF_060709155.1	Tier1	112.85061836080683
GCF_001686245.1	Bifidobacterium longum subsp. longum	LO-K29b	Tier2	Draft: contigs=97, N50=92304, completeness=99.57		SAMD00047623	Yakult Central Institute		Japan	2016-06-11T01:00:19.490	99.57	0.16	Contig	current	PRJDB4597	97	92304	2372714	gcfgca:GCA_001686245.1	canonical	Bifidobacterium longum																					submitter_match	Yakult Central Institute		Bifidobacterium longum subsp. longum	GCF_001686245.1	Tier2	1_172	97.30331026729202	GCF_004334255.1	Tier2	99.61487543493912
GCF_001719085.1	Bifidobacterium longum	35624	Tier1	Closed genome: contigs=1, N50=2264056, len=2264056		SAMN04254466	Alimentary Health and University College Cork		Ireland	2015-11-10T11:35:05.247	99.07	0.16	Complete Genome	current	PRJNA301703	1	2264056	2264056	gcfgca:GCA_001719085.1	canonical	Bifidobacterium longum																					literature;submitter_match	PMID 32630805;Alimentary Health and University College Cork	24.0	Bifidobacterium longum unspecified	GCF_001719085.1	Tier1	1_114	112.61526857903468	GCF_001719085.1	Tier1	112.61526857903468
GCF_001725985.1	Bifidobacterium longum subsp. longum	AH1206	Tier1	Closed genome: contigs=1, N50=2421287, len=2421287		SAMN04576213	University College Cork		Ireland	2016-03-23T13:33:05.000	98.13	0.16	Complete Genome	current	PRJNA316119	1	2421287	2421287	gcfgca:GCA_001725985.1	canonical	Bifidobacterium longum																					literature	PMID 33317320	4.0	Bifidobacterium longum subsp. longum	GCF_001725985.1	Tier1	1_80	111.89202313514404	GCF_001725985.1	Tier1	111.89202313514404
GCF_001870705.1	Bifidobacterium longum subsp. suis	BSM11-5	Tier2	Draft: contigs=46, N50=135581, completeness=97.66		SAMN05578880	ETH Zurich	infant stool	Kenya: Msambweni County	2016-08-16T04:01:05.410	97.66	1.46	Scaffold	current	PRJNA339033	46	135581	2602875	gcfgca:GCA_001870705.1	canonical	Bifidobacterium longum																					literature	PMID 27782805	1.0	Bifidobacterium longum subsp. suis	GCF_001870705.1	Tier2	1_76	100.52609941639788	GCF_001870705.1	Tier2	100.52609941639788
GCF_001870755.1	Bifidobacterium longum subsp. infantis	TPY12-1	Tier2	Draft: contigs=74, N50=90619, completeness=98.7		SAMN05578879	ETH Zurich		Kenya: Msambweni County	2016-08-16T04:01:05.250	98.7	2.42	Scaffold	current	PRJNA339033	74	90619	2640127	gcfgca:GCA_001870755.1	canonical	Bifidobacterium longum																					literature	PMID 27782805	1.0	Bifidobacterium longum subsp. infantis	GCF_001870755.1	Tier2	1_59	88.02092915749554	GCF_001870755.1	Tier2	88.02092915749554
GCF_001940535.1	Bifidobacterium longum subsp. longum	W11	Tier2	Draft: contigs=22, N50=298022, completeness=98.8		SAMN06109230	University of Parma	intestinal bacterial flora of a healthy man	Italy	2016-12-05T05:04:03.463	98.8	0.62	Contig	current	PRJNA356203	22	298022	2329981	gcfgca:GCA_001940535.1	canonical	Bifidobacterium longum																					literature	PMID 37541953	5.0	Bifidobacterium longum subsp. longum	GCF_001940535.1	Tier2	1_82	102.47722418858145	GCF_001940535.1	Tier2	102.47722418858145
GCF_001990225.1	Bifidobacterium breve	LMC520	Tier1	Closed genome: contigs=1, N50=2403402, len=2403402		SAMN06240351	Korea University	environment	missing	2017-01-19T00:13:02.358	98.86	1.07	Complete Genome	current	PRJNA369572	1	2403402	2403402	gcfgca:GCA_001990225.1	canonical	Bifidobacterium breve																					literature	PMID 20349924	2.0	Bifidobacterium breve	GCF_001990225.1	Tier1	1_42	111.29041320911811	GCF_001990225.1	Tier1	111.29041320911811
GCF_002027265.1	Bifidobacterium breve	CECT7263	Tier2	Draft: contigs=25, N50=216605, completeness=97.99		SAMN06473336	Biosearch, S.A.	milk	Spain	2017-03-03T07:23:02.490	97.99	0.39	Contig	current	PRJNA377846	25	216605	2330408	gcfgca:GCA_002027265.1	canonical	Bifidobacterium breve																					literature;submitter_match	PMID 28473392;Biosearch, S.A.	7.0	Bifidobacterium breve	GCF_002027265.1	Tier2	1_15	101.8177342221254	GCF_002027265.1	Tier2	101.8177342221254
GCF_002075875.1	Bifidobacterium longum	1898B	Tier2	Draft: contigs=41, N50=201142, completeness=99.38		SAMN06621716	University of Parma		Italy	2017-03-20T13:21:37.247	99.38	0.16	Contig	current	PRJNA379831	41	201142	2474386	gcfgca:GCA_002075875.1	canonical	Bifidobacterium longum																					literature	PMID 33483308	1.0	Bifidobacterium longum unspecified	GCF_002075875.1	Tier2	1_182	101.85915139764316	GCF_001293145.1	Tier1	112.4534097485006
GCF_002075945.1	Bifidobacterium pseudocatenulatum	1896B	Tier2	Draft: contigs=15, N50=362921, completeness=98.74		SAMN06621714	University of Parma		Italy	2017-03-20T13:21:36.840	98.74	0.16	Contig	current	PRJNA379831	15	362921	2197471	gcfgca:GCA_002075945.1	canonical	Bifidobacterium pseudocatenulatum																					literature	PMID 36123315	1.0	Bifidobacterium pseudocatenulatum	GCF_002075945.1	Tier2	2_19	99.88990604943542	GCF_002075945.1	Tier2	99.88990604943542
GCF_002107925.1	Bifidobacterium adolescentis	42B	Tier2	Draft: contigs=15, N50=531841, completeness=96.51		SAMN04231308	University of Parma	feces	Italy: Parma	2015-11-03T09:41:12.000	96.51	0.67	Contig	current	PRJNA300965	15	531841	2212742	gcfgca:GCA_002107925.1	canonical	Bifidobacterium adolescentis																					literature	PMID 42411622	2.0	Bifidobacterium adolescentis	GCF_002107925.1	Tier2	5_18	102.022790890584	GCF_017815835.1	Tier1	112.48233936572942
GCF_002108035.2	Bifidobacterium adolescentis	703B	Tier1	Closed genome: contigs=1, N50=2390400, len=2390400		SAMN04231311	University of Parma	feces	Italy: Parma	2015-11-03T09:41:13.000	93.51	6.02	Complete Genome	current	PRJNA300965	1	2390400	2390400	gcfgca:GCA_002108035.2	canonical	Bifidobacterium adolescentis																					literature	PMID 38294252	1.0	Bifidobacterium adolescentis	GCF_002108035.2	Tier1	5_17	109.54923529006766	GCF_002108035.2	Tier1	109.54923529006766
GCF_002114145.1	Bifidobacterium bifidum	ICIS-310	Tier2	Draft: contigs=32, N50=254356, completeness=95.41		SAMN05858649	Institute for Cellular and Intracellular Symbiosis	feces from healthy 5 years old child from Orenburg	Russia: South Ural	2016-10-02T23:36:02.990	95.41	0.42	Contig	current	PRJNA345151	32	254356	2219632	gcfgca:GCA_002114145.1	canonical	Bifidobacterium bifidum																					literature	PMID 30533769	1.0	Bifidobacterium bifidum	GCF_002114145.1	Tier2	4_3	101.9696543144853	GCF_016070035.1	Tier2	102.27382722678256
GCF_002220485.1	Bifidobacterium animalis	BL3	Tier1	Closed genome: contigs=1, N50=1944323, len=1944323		SAMN05631165	Korea Food Research Institute	feces	South Korea: Seoul	2016-08-25T07:16:03.220	97.76	0.27	Complete Genome	current	PRJNA340074	1	1944323	1944323	gcfgca:GCA_002220485.1	canonical	Bifidobacterium animalis																					literature	PMID 32038618	4.0	Bifidobacterium animalis unspecified	GCF_002220485.1	Tier1	3_1	111.96414374693292	GCF_011770105.1	Tier1	112.25343520812255
GCF_002276185.1	Bifidobacterium longum	Indica	Tier2	Draft: contigs=43, N50=167729, completeness=99.58		SAMN07503177	Translational Health Science and Technology Institute	fecal sample	India	2017-08-14T03:27:02.983	99.58	0.25	Contig	current	PRJNA398177	43	167729	2374227	gcfgca:GCA_002276185.1	canonical	Bifidobacterium longum																					literature	PMID 29025929	1.0	Bifidobacterium longum unspecified	GCF_002276185.1	Tier2	1_96	101.15230407886156	GCF_002276185.1	Tier2	101.15230407886156
GCF_002282915.1	Bifidobacterium pseudolongum	UMB-MBP-01	Tier1	Closed genome: contigs=1, N50=2008102, len=2008102		SAMN07357905	Institute for Genome Sciences	feces	USA	2017-07-17T12:10:03.366	95.48	2.59	Complete Genome	current	PRJNA391001	1	2008102	2008102	gcfgca:GCA_002282915.1	canonical	Bifidobacterium pseudolongum																					literature	PMID 36658194	2.0	Bifidobacterium pseudolongum unspecified	GCF_002282915.1	Tier1	7_2	111.4413928843441	GCF_002282915.1	Tier1	111.4413928843441
GCF_002706665.1	Bifidobacterium pseudolongum subsp. globosum DSM 20092	DSM 20092	Tier1	Closed genome: contigs=1, N50=1978157, len=1978157		SAMN05912980	Kyungpook National University	Rumen of Sheep	Italy	2016-10-16T07:43:03.080	99.21	5.0	Complete Genome	current	PRJNA348625	1	1978157	1978157	gcfgca:GCA_002706665.1	canonical	Bifidobacterium pseudolongum		type strain of Bifidobacterium pseudolongum subsp. globosum																			literature	PMID 20474053	2.0	Bifidobacterium pseudolongum subsp. globosum	GCF_002706665.1	Tier1	7_5	111.59813037859716	GCF_002706665.1	Tier1	111.59813037859716
GCF_002761235.1	Bifidobacterium choerinum	FMB-1	Tier1	Closed genome: contigs=2, N50=2246282, len=2257294		SAMN05949246	Kyung Hee University	rumen fluid	South Korea: Paju, Gyeonggi-do	2016-10-28T03:05:03.693	98.54		Complete Genome	current	PRJNA350879	2	2246282	2257294	gcfgca:GCA_002761235.1	canonical	Bifidobacterium choerinum																					literature	PMID 29571651	1.0	Bifidobacterium choerinum	GCF_002761235.1	Tier1	17_0	111.54573213850858	GCF_002761235.1	Tier1	111.54573213850858
GCF_002813205.1	Bifidobacterium psychraerophilum DSM 22366	DSM 22366	Tier2	Draft: contigs=1, N50=2631485, completeness=98.12	DSM:22366	SAMN05192537	DOE Joint Genome Institute		missing	2016-05-31T17:46:19.103	98.12	1.51	Contig	current	PRJNA323239	1	2631485	2631485	gcfgca:GCA_002813205.1	canonical	Bifidobacterium psychraerophilum		type strain of Bifidobacterium psychraerophilum																			literature	PMID 42060310	1.0	Bifidobacterium psychraerophilum	GCF_002813205.1	Tier2	18_0	100.25010044939673	GCF_002813205.1	Tier2	100.25010044939673
GCF_002833115.1	Bifidobacterium longum	APC1472	Tier2	Draft: contigs=50, N50=203985, completeness=98.84		SAMN07958353	University College Cork	fecal sample	Ireland	2017-10-31T12:35:19.683	98.84	0.19	Contig	current	PRJNA394834	50	203985	2364041	gcfgca:GCA_002833115.1	canonical	Bifidobacterium longum																					literature	PMID 42172045	2.0	Bifidobacterium longum unspecified	GCF_002833115.1	Tier2	1_215	102.31626577771132	GCF_001446255.1	Tier1	106.06626636439258
GCF_002838245.1	Bifidobacterium breve	NRBB01	Tier1	Closed genome: contigs=1, N50=2269404, len=2269404		SAMN06827008	University College Cork		Netherlands	2017-04-24T14:08:02.920	99.22	0.27	Complete Genome	current	PRJNA384038	1	2269404	2269404	gcfgca:GCA_002838245.1	canonical	Bifidobacterium breve																					literature	PMID 33833740	2.0	Bifidobacterium breve	GCF_002838245.1	Tier1	1_6	112.38786589902844	GCF_900637145.1	Tier1	112.46844406327646
GCF_002838345.1	Bifidobacterium breve	NRBB57	Tier1	Closed genome: contigs=1, N50=2510381, len=2510381		SAMN06827912	University College Cork	infant	Netherlands	2017-04-24T17:39:02.943	99.22	0.97	Complete Genome	current	PRJNA384069	1	2510381	2510381	gcfgca:GCA_002838345.1	canonical	Bifidobacterium breve																					literature	PMID 33833740	2.0	Bifidobacterium breve	GCF_002838345.1	Tier1	1_20	110.69006980275304	GCF_002838525.1	Tier1	112.46851622761824
GCF_002838465.1	Bifidobacterium breve	017W439	Tier1	Closed genome: contigs=1, N50=2301422, len=2301422		SAMN06828931	University College Cork	infant	Ireland	2017-04-25T05:35:02.927	99.33	0.27	Complete Genome	current	PRJNA384113	1	2301422	2301422	gcfgca:GCA_002838465.1	canonical	Bifidobacterium breve																					literature	PMID 34220742	1.0	Bifidobacterium breve	GCF_002838465.1	Tier1	1_13	112.7818481317396	GCF_002838465.1	Tier1	112.7818481317396
GCF_002838485.1	Bifidobacterium breve	215W447a	Tier1	Closed genome: contigs=1, N50=2589602, len=2589602		SAMN06829004	University College Cork	infant	Ireland	2017-04-25T07:46:03.480	99.29	1.27	Complete Genome	current	PRJNA384129	1	2589602	2589602	gcfgca:GCA_002838485.1	canonical	Bifidobacterium breve																					literature	PMID 34220742	1.0	Bifidobacterium breve	GCF_002838485.1	Tier1	1_25	111.74681649402432	GCF_002838485.1	Tier1	111.74681649402432
GCF_002838525.1	Bifidobacterium breve	180W83	Tier1	Closed genome: contigs=1, N50=2273173, len=2273173		SAMN06829003	University College Cork	infant	Ireland	2017-04-25T07:41:03.033	99.23	0.66	Complete Genome	current	PRJNA384128	1	2273173	2273173	gcfgca:GCA_002838525.1	canonical	Bifidobacterium breve																					literature	PMID 34220742	1.0	Bifidobacterium breve	GCF_002838525.1	Tier1	1_20	112.46851622761824	GCF_002838525.1	Tier1	112.46851622761824
GCF_002838545.1	Bifidobacterium breve	082W48	Tier1	Closed genome: contigs=1, N50=2286339, len=2286339		SAMN06828932	University College Cork	infant	Ireland	2017-04-25T05:41:02.800	98.71	0.27	Complete Genome	current	PRJNA384114	1	2286339	2286339	gcfgca:GCA_002838545.1	canonical	Bifidobacterium breve																					literature	PMID 34220742	1.0	Bifidobacterium breve	GCF_002838545.1	Tier1	1_13	112.71117031908597	GCF_002838465.1	Tier1	112.7818481317396
GCF_002838565.1	Bifidobacterium breve	139W423	Tier1	Closed genome: contigs=1, N50=2411276, len=2411276		SAMN06829002	University College Cork	infant	Ireland	2017-04-25T07:37:29.123	99.37	0.44	Complete Genome	current	PRJNA384124	1	2411276	2411276	gcfgca:GCA_002838565.1	canonical	Bifidobacterium breve																					literature	PMID 34220742	1.0	Bifidobacterium breve	GCF_002838565.1	Tier1	1_10	111.58112346176624	GCF_002838565.1	Tier1	111.58112346176624
GCF_002838605.1	Bifidobacterium breve	NRBB18	Tier1	Closed genome: contigs=1, N50=2289686, len=2289686		SAMN07160576	University College Cork		Netherlands	2017-05-24T06:51:02.993	97.87	1.14	Complete Genome	current	PRJNA387666	1	2289686	2289686	gcfgca:GCA_002838605.1	canonical	Bifidobacterium breve																					literature	PMID 41575775	1.0	Bifidobacterium breve	GCF_002838605.1	Tier1	1_11	113.02103797100578	GCF_002838605.1	Tier1	113.02103797100578
GCF_002845845.1	Bifidobacterium bifidum	PRI 1	Tier1	Closed genome: contigs=1, N50=2243572, len=2243572		SAMN06140833	Institute for Basic Science (IBS) and Pohang University of Science and Technology (POSTECH)		South Korea: Gyeonggido, Giheung	2016-12-14T00:15:02.403	96.69	0.52	Complete Genome	current	PRJNA257684	1	2243572	2243572	gcfgca:GCA_002845845.1	canonical	Bifidobacterium bifidum																					literature	PMID 37541953	2.0	Bifidobacterium bifidum	GCF_002845845.1	Tier1	4_2	112.4152700097317	GCF_002845845.1	Tier1	112.4152700097317
GCF_002914815.1	Bifidobacterium animalis subsp. lactis	BL03	Tier2	Draft: contigs=15, N50=200925, completeness=98.86		SAMN07187788	CDI investments		Italy	2017-06-02T05:31:04.536	98.86	0.27	Contig	current	PRJNA388854	15	200925	1917294	gcfgca:GCA_002914815.1	canonical	Bifidobacterium animalis																					literature;submitter_match	PMID 32630805;CDI investments	4.0	Bifidobacterium animalis subsp. lactis	GCF_002914815.1	Tier2	3_1	101.43131923569204	GCF_011770105.1	Tier1	112.25343520812255
GCF_002914865.1	Bifidobacterium breve	BB02	Tier2	Draft: contigs=22, N50=176045, completeness=99.3		SAMN07187787	CDI investments		Italy	2017-06-02T05:31:04.523	99.3	1.79	Contig	current	PRJNA388854	22	176045	2317196	gcfgca:GCA_002914865.1	canonical	Bifidobacterium breve																					literature;submitter_match	PMID 40431448;CDI investments	6.0	Bifidobacterium breve	GCF_002914865.1	Tier2	1_16	101.87271183081792	GCF_002914865.1	Tier2	101.87271183081792
GCF_002914895.1	Bifidobacterium animalis subsp. lactis	BI04	Tier2	Draft: contigs=13, N50=200848, completeness=98.86		SAMN07187789	CDI investments		Italy	2017-06-02T05:31:04.553	98.86	0.27	Contig	current	PRJNA388854	13	200848	1916489	gcfgca:GCA_002914895.1	canonical	Bifidobacterium animalis																					literature;submitter_match	PMID 40431448;CDI investments	10.0	Bifidobacterium animalis subsp. lactis	GCF_002914895.1	Tier2	3_1	101.29125847455325	GCF_011770105.1	Tier1	112.25343520812255
GCF_003094635.1	Bifidobacterium longum	DS9_3	Tier2	Draft: contigs=13, N50=446423, completeness=98.76		SAMN06464100	USFDA	Commercial dietary supplements	USA:MD	2017-03-02T10:39:09.716	98.76	0.39	Contig	current	PRJNA336518	13	446423	2397171	gcfgca:GCA_003094635.1	canonical	Bifidobacterium longum																					isolation_source_match;literature	Commercial dietary supplements;PMID 40670725		Bifidobacterium longum unspecified	GCF_003094635.1	Tier2	1_179	102.38478438380211	GCF_055383495.1	Tier1	112.7017871831216
GCF_003094645.1	Bifidobacterium bifidum	DS33_23	Tier2	Draft: contigs=140, N50=35418, completeness=96.75		SAMN08949006	USFDA	Commercial dietary supplements	USA:MD	2018-04-18T14:35:04.146	96.75	0.54	Contig	current	PRJNA336518	140	35418	2229571	gcfgca:GCA_003094645.1	canonical	Bifidobacterium bifidum																					isolation_source_match	Commercial dietary supplements		Bifidobacterium bifidum	GCF_003094645.1	Tier2	4_2	100.43436202747166	GCF_002845845.1	Tier1	112.4152700097317
GCF_003094735.1	Bifidobacterium bifidum	DS31_23	Tier2	Draft: contigs=139, N50=51393, completeness=96.75		SAMN08949004	USFDA	Commercial dietary supplements	USA:MD	2018-04-18T14:35:04.076	96.75	0.62	Contig	current	PRJNA336518	139	51393	2230880	gcfgca:GCA_003094735.1	canonical	Bifidobacterium bifidum																					isolation_source_match	Commercial dietary supplements		Bifidobacterium bifidum	GCF_003094735.1	Tier2	4_2	95.4952894802889	GCF_002845845.1	Tier1	112.4152700097317
GCF_003094755.1	Bifidobacterium bifidum	DS30_23	Tier2	Draft: contigs=27, N50=237526, completeness=96.75		SAMN08949003	USFDA	Commercial dietary supplements	USA:MD	2018-04-18T14:35:04.060	96.75	0.52	Contig	current	PRJNA336518	27	237526	2254218	gcfgca:GCA_003094755.1	canonical	Bifidobacterium bifidum																					isolation_source_match	Commercial dietary supplements		Bifidobacterium bifidum	GCF_003094755.1	Tier2	4_2	101.91771806967232	GCF_002845845.1	Tier1	112.4152700097317
GCF_003094775.1	Bifidobacterium animalis subsp. lactis	DS27_2	Tier2	Draft: contigs=18, N50=439277, completeness=98.08		SAMN08948999	USFDA	Commercial dietary supplements	USA:MD	2018-04-18T14:35:04.000	98.08	0.27	Contig	current	PRJNA336518	18	439277	1920466	gcfgca:GCA_003094775.1	canonical	Bifidobacterium animalis																					isolation_source_match	Commercial dietary supplements		Bifidobacterium animalis subsp. lactis	GCF_003094775.1	Tier2	3_1	101.61121192700568	GCF_011770105.1	Tier1	112.25343520812255
GCF_003094795.1	Bifidobacterium bifidum	DS25_23	Tier2	Draft: contigs=63, N50=100937, completeness=96.75		SAMN08949001	USFDA	Commercial dietary supplements	USA:MD	2018-04-18T14:35:04.030	96.75	0.75	Contig	current	PRJNA336518	63	100937	2226658	gcfgca:GCA_003094795.1	canonical	Bifidobacterium bifidum																					isolation_source_match	Commercial dietary supplements		Bifidobacterium bifidum	GCF_003094795.1	Tier2	4_2	101.69190019050971	GCF_002845845.1	Tier1	112.4152700097317
GCF_003094815.1	Bifidobacterium animalis subsp. lactis	DS24_2	Tier2	Draft: contigs=36, N50=439271, completeness=98.08		SAMN08948998	USFDA	Commercial dietary supplements	USA:MD	2018-04-18T14:35:03.983	98.08	0.27	Contig	current	PRJNA336518	36	439271	1924949	gcfgca:GCA_003094815.1	canonical	Bifidobacterium animalis																					isolation_source_match	Commercial dietary supplements		Bifidobacterium animalis subsp. lactis	GCF_003094815.1	Tier2	3_1	101.8711921069626	GCF_011770105.1	Tier1	112.25343520812255
GCF_003094835.1	Bifidobacterium animalis subsp. lactis	DS23_2	Tier2	Draft: contigs=114, N50=31950, completeness=98.02		SAMN08948997	USFDA	Commercial dietary supplements	USA:MD	2018-04-18T14:35:03.960	98.02	1.0	Contig	current	PRJNA336518	114	31950	1934130	gcfgca:GCA_003094835.1	canonical	Bifidobacterium animalis																					isolation_source_match	Commercial dietary supplements		Bifidobacterium animalis subsp. lactis	GCF_003094835.1	Tier2	3_1	97.72179162108964	GCF_011770105.1	Tier1	112.25343520812255
GCF_003094855.1	Bifidobacterium longum	DS15_3	Tier2	Draft: contigs=21, N50=407927, completeness=98.67		SAMN06464097	USFDA	Commercial dietary supplements	USA:MD	2017-03-02T10:39:09.536	98.67	0.39	Contig	current	PRJNA336518	21	407927	2398181	gcfgca:GCA_003094855.1	canonical	Bifidobacterium longum																					isolation_source_match	Commercial dietary supplements		Bifidobacterium longum unspecified	GCF_003094855.1	Tier2	1_179	102.36520232872748	GCF_055383495.1	Tier1	112.7017871831216
GCF_003094875.1	Bifidobacterium animalis	DS15_2	Tier2	Draft: contigs=17, N50=439309, completeness=98.08		SAMN06464093	USFDA	Commercial dietary supplements	USA:MD	2017-03-02T10:39:09.306	98.08	0.27	Contig	current	PRJNA336518	17	439309	1919293	gcfgca:GCA_003094875.1	canonical	Bifidobacterium animalis																					isolation_source_match	Commercial dietary supplements		Bifidobacterium animalis unspecified	GCF_003094875.1	Tier2	3_1	101.61118953904128	GCF_011770105.1	Tier1	112.25343520812255
GCF_003094895.1	Bifidobacterium animalis	DS11_2	Tier2	Draft: contigs=15, N50=1021771, completeness=98.08		SAMN06464092	USFDA	Commercial dietary supplements	USA:MD	2017-03-02T10:39:09.243	98.08	0.27	Contig	current	PRJNA336518	15	1021771	1920501	gcfgca:GCA_003094895.1	canonical	Bifidobacterium animalis																					isolation_source_match	Commercial dietary supplements		Bifidobacterium animalis unspecified	GCF_003094895.1	Tier2	3_1	101.8545228521493	GCF_011770105.1	Tier1	112.25343520812255
GCF_003094935.1	Bifidobacterium longum	DS18_3	Tier2	Draft: contigs=174, N50=144459, completeness=98.67		SAMN06464098	USFDA	Commercial dietary supplements	USA:MD	2017-03-02T10:39:09.580	98.67	0.89	Contig	current	PRJNA336518	174	144459	2448259	gcfgca:GCA_003094935.1	canonical	Bifidobacterium longum																					isolation_source_match	Commercial dietary supplements		Bifidobacterium longum unspecified	GCF_003094935.1	Tier2	1_179	93.7397167339689	GCF_055383495.1	Tier1	112.7017871831216
GCF_003094955.1	Bifidobacterium longum	DS1_3	Tier2	Draft: contigs=170, N50=35857, completeness=97.85		SAMN06464096	USFDA	Commercial dietary supplements	USA:MD	2017-03-02T10:39:09.480	97.85	1.64	Contig	current	PRJNA336518	170	35857	2417279	gcfgca:GCA_003094955.1	canonical	Bifidobacterium longum																					isolation_source_match	Commercial dietary supplements		Bifidobacterium longum unspecified	GCF_003094955.1	Tier2	1_179	100.9169314272744	GCF_055383495.1	Tier1	112.7017871831216
GCF_003094975.1	Bifidobacterium longum	DS7_3	Tier2	Draft: contigs=17, N50=585360, completeness=99.38		SAMN06464099	USFDA	Commercial dietary supplements	USA:MD	2017-03-02T10:39:09.660	99.38	0.16	Contig	current	PRJNA336518	17	585360	2237293	gcfgca:GCA_003094975.1	canonical	Bifidobacterium longum																					isolation_source_match	Commercial dietary supplements		Bifidobacterium longum unspecified	GCF_003094975.1	Tier2	1_114	102.3715365177225	GCF_001719085.1	Tier1	112.61526857903468
GCF_003094995.1	Bifidobacterium longum subsp. longum	DS32_3	Tier2	Draft: contigs=28, N50=399293, completeness=99.34		SAMN08949007	USFDA	Commercial dietary supplements	USA:MD	2018-04-18T14:35:04.163	99.34	0.39	Contig	current	PRJNA336518	28	399293	2235932	gcfgca:GCA_003094995.1	canonical	Bifidobacterium longum																					isolation_source_match;literature	Commercial dietary supplements;PMID 40670725		Bifidobacterium longum subsp. longum	GCF_003094995.1	Tier2	1_130	97.3714458714042	GCF_040267655.1	Tier1	112.56826106045324
GCF_003095015.1	Bifidobacterium animalis subsp. lactis	DS28_2	Tier2	Draft: contigs=17, N50=201007, completeness=98.86		SAMN08949000	USFDA	Commercial dietary supplements	USA:MD	2018-04-18T14:35:04.016	98.86	0.27	Contig	current	PRJNA336518	17	201007	1918800	gcfgca:GCA_003095015.1	canonical	Bifidobacterium animalis																					isolation_source_match	Commercial dietary supplements		Bifidobacterium animalis subsp. lactis	GCF_003095015.1	Tier2	3_1	101.4314246861354	GCF_011770105.1	Tier1	112.25343520812255
GCF_003095035.1	Bifidobacterium bifidum	DS26_23	Tier2	Draft: contigs=160, N50=31211, completeness=96.65		SAMN08949002	USFDA	Commercial dietary supplements	USA:MD	2018-04-18T14:35:04.046	96.65	0.69	Contig	current	PRJNA336518	160	31211	2231875	gcfgca:GCA_003095035.1	canonical	Bifidobacterium bifidum																					isolation_source_match	Commercial dietary supplements		Bifidobacterium bifidum	GCF_003095035.1	Tier2	4_2	101.28686635373576	GCF_002845845.1	Tier1	112.4152700097317
GCF_003095055.1	Bifidobacterium animalis	DS20_2	Tier2	Draft: contigs=66, N50=197725, completeness=98.93		SAMN06464095	USFDA	Commercial dietary supplements	USA:MD	2017-03-02T10:39:09.426	98.93	0.38	Scaffold	current	PRJNA336518	66	197725	1928900	gcfgca:GCA_003095055.1	canonical	Bifidobacterium animalis																					isolation_source_match	Commercial dietary supplements		Bifidobacterium animalis unspecified	GCF_003095055.1	Tier2	3_1	101.17145554472198	GCF_011770105.1	Tier1	112.25343520812255
GCF_003095075.1	Bifidobacterium animalis	DS2_2	Tier2	Draft: contigs=16, N50=439299, completeness=98.97		SAMN06464094	USFDA	Commercial dietary supplements	USA:MD	2017-03-02T10:39:09.370	98.97	0.27	Contig	current	PRJNA336518	16	439299	1916859	gcfgca:GCA_003095075.1	canonical	Bifidobacterium animalis																					isolation_source_match	Commercial dietary supplements		Bifidobacterium animalis unspecified	GCF_003095075.1	Tier2	3_1	101.91120370102074	GCF_011770105.1	Tier1	112.25343520812255
GCF_003095095.1	Bifidobacterium breve	DS15_17	Tier2	Draft: contigs=17, N50=389505, completeness=99.31		SAMN06464121	USFDA	Commercial dietary supplements	USA:MD	2017-03-02T10:39:11.000	99.31	0.27	Contig	current	PRJNA336518	17	389505	2260680	gcfgca:GCA_003095095.1	canonical	Bifidobacterium breve																					isolation_source_match	Commercial dietary supplements		Bifidobacterium breve	GCF_003095095.1	Tier2	1_6	102.04515650786564	GCF_900637145.1	Tier1	112.46844406327646
GCF_003095115.1	Bifidobacterium animalis	DS1_2	Tier2	Draft: contigs=15, N50=1021771, completeness=98.08		SAMN06464091	USFDA	Commercial dietary supplements	USA:MD	2017-03-02T10:39:09.150	98.08	0.27	Contig	current	PRJNA336518	15	1021771	1920582	gcfgca:GCA_003095115.1	canonical	Bifidobacterium animalis																					isolation_source_match	Commercial dietary supplements		Bifidobacterium animalis unspecified	GCF_003095115.1	Tier2	3_1	101.79451948013372	GCF_011770105.1	Tier1	112.25343520812255
GCF_003130775.1	Bifidobacterium longum	UMA026	Tier2	Draft: contigs=66, N50=217209, completeness=98.77		SAMN08102330	University of Massachusetts Amherst	feces	USA: Hadley, MA	2017-11-27T14:49:03.050	98.77	0.27	Contig	current	PRJNA419938	66	217209	2392556	gcfgca:GCA_003130775.1	canonical	Bifidobacterium longum																					literature	PMID 29930064	1.0	Bifidobacterium longum unspecified	GCF_003130775.1	Tier2	1_73	100.04843890808586	GCF_003130775.1	Tier2	100.04843890808586
GCF_003342655.1	Bifidobacterium longum subsp. longum	BORI	Tier1	Closed genome: contigs=1, N50=2311020, len=2311020		SAMN09691177	BIFIDO Co., LTD	Korean infant	South Korea	2018-07-19T01:33:04.113	99.15	0.16	Complete Genome	current	PRJNA481853	1	2311020	2311020	gcfgca:GCA_003342655.1	canonical	Bifidobacterium longum																					GRAS;literature;submitter_match	GRN 813;PMID 36896934;BIFIDO Co., LTD		Bifidobacterium longum subsp. longum	GCF_003342655.1	Tier1	1_135	111.8119018519806	GCF_003342655.1	Tier1	111.8119018519806
GCF_003390755.1	Bifidobacterium animalis subsp. lactis	S7	Tier1	Closed genome: contigs=1, N50=1944072, len=1944072		SAMN07488464	Korea Food Research Institute	adult feces	South Korea: Bundang	2017-08-10T04:28:02.980	97.84	0.27	Complete Genome	current	PRJNA397826	1	1944072	1944072	gcfgca:GCA_003390755.1	canonical	Bifidobacterium animalis																					literature	PMID 28108391	1.0	Bifidobacterium animalis subsp. lactis	GCF_003390755.1	Tier1	3_1	111.66415054933672	GCF_011770105.1	Tier1	112.25343520812255
GCF_003428375.1	Bifidobacterium animalis subsp. lactis	IDCC4301	Tier1	Closed genome: contigs=1, N50=1944141, len=1944141		SAMN09858435	Research Laboratories, Ildong Pharmaceutical	Infant feces	South Korea: Gyeonggi	2018-08-19T05:12:03.100	98.93	0.27	Complete Genome	current	PRJNA486607	1	1944141	1944141	gcfgca:GCA_003428375.1	canonical	Bifidobacterium animalis																					GRAS;literature;submitter_match	GRN 1092;PMID 41309379;Research Laboratories, Ildong Pharmaceutical		Bifidobacterium animalis subsp. lactis	GCF_003428375.1	Tier1	3_1	112.00420769935856	GCF_011770105.1	Tier1	112.25343520812255
GCF_003573895.1	Bifidobacterium bifidum	TMC 3115	Tier1	Closed genome: contigs=1, N50=2178894, len=2178894		SAMD00078313	Graduate School of Biostudies, Kyoto University		missing	2017-10-04T01:00:40.770	92.03	0.3	Complete Genome	current	PRJDB5666	1	2178894	2178894	gcfgca:GCA_003573895.1	canonical	Bifidobacterium bifidum																					literature	PMID 33633711	5.0	Bifidobacterium bifidum	GCF_003573895.1	Tier1	4_7	112.13925137674391	GCF_003573895.1	Tier1	112.13925137674391
GCF_003606305.1	Bifidobacterium animalis subsp. lactis	HN019	Tier1	Closed genome: contigs=1, N50=1935423, len=1935423		SAMN09684768	DuPont Nutrition & Health	missing	USA: Madison, WI	2018-07-17T22:53:06.723	98.93	0.27	Complete Genome	current	PRJNA481603	1	1935423	1935423	gcfgca:GCA_003606305.1	canonical	Bifidobacterium animalis																					GRAS;literature;submitter_match	GRN 445;PMID 32582075;DuPont Nutrition & Health		Bifidobacterium animalis subsp. lactis	GCF_003606305.1	Tier1	3_1	112.24322615040404	GCF_011770105.1	Tier1	112.25343520812255
GCF_003671995.1	Bifidobacterium animalis subsp. animalis	CNCM I-4602	Tier1	Closed genome: contigs=1, N50=1932687, len=1932687		SAMN08774047	University College Cork		France	2018-03-22T13:52:12.806	98.97	0.36	Complete Genome	current	PRJNA445301	1	1932687	1932687	gcfgca:GCA_003671995.1	canonical	Bifidobacterium animalis																					literature	PMID 30306201	1.0	Bifidobacterium animalis subsp. animalis	GCF_003671995.1	Tier1	3_2	110.9030557585669	GCF_003671995.1	Tier1	110.9030557585669
GCF_003790375.1	Bifidobacterium longum	ICIS-505	Tier2	Draft: contigs=60, N50=224635, completeness=99.38		SAMN06606733	Institute for Cellular and Intracellular Symbiosis	feces	Russia: South Ural	2017-03-16T08:01:03.176	99.38	0.16	Contig	current	PRJNA379379	60	224635	2448844	gcfgca:GCA_003790375.1	canonical	Bifidobacterium longum																					literature	PMID 31416861	1.0	Bifidobacterium longum unspecified	GCF_003790375.1	Tier2	1_134	95.54793872891908	GCF_003990235.1	Tier2	102.27729638472364
GCF_003856735.1	Bifidobacterium adolescentis	P2P3	Tier1	Closed genome: contigs=1, N50=2202982, len=2202982		SAMN08093360	Korea Food Research Institute	Korean adult feces	South Korea: Seoul	2017-11-22T23:48:08.227	96.43	2.55	Complete Genome	current	PRJNA419599	1	2202982	2202982	gcfgca:GCA_003856735.1	canonical	Bifidobacterium adolescentis																					literature	PMID 31635446	1.0	Bifidobacterium adolescentis	GCF_003856735.1	Tier1	5_30	110.93150547432832	GCF_003856735.1	Tier1	110.93150547432832
GCF_003860285.1	Bifidobacterium breve	lw01	Tier1	Closed genome: contigs=1, N50=2313172, len=2313172		SAMN10484345	Peking University	infant fecal	China	2018-11-26T22:27:03.373	98.32	3.33	Complete Genome	current	PRJNA507053	1	2313172	2313172	gcfgca:GCA_003860285.1	canonical	Bifidobacterium breve																					literature	PMID 40841526	3.0	Bifidobacterium breve	GCF_003860285.1	Tier1	1_34	111.65210396335324	GCF_003860285.1	Tier1	111.65210396335324
GCF_003970855.1	Bifidobacterium animalis subsp. lactis	UBBLa 70	Tier2	Draft: contigs=71, N50=94775, completeness=97.85		SAMN10516502	Unique Biotech Limited	fermented food	India:Hyderabad	2018-12-03T00:18:03.723	97.85	0.27	Contig	current	PRJNA493554	71	94775	1944384	gcfgca:GCA_003970855.1	canonical	Bifidobacterium animalis																					isolation_source_match;literature;submitter_match	fermented food;PMID 40647242;Unique Biotech Limited		Bifidobacterium animalis subsp. lactis	GCF_003970855.1	Tier2	3_1	100.78808396639712	GCF_011770105.1	Tier1	112.25343520812255
GCF_003990235.1	Bifidobacterium longum subsp. longum	VKPM Ac-1636	Tier2	Draft: contigs=73, N50=162253, completeness=99.3		SAMN10644101	Kurchatov Institute	gut	Russia: Moscow	2018-12-26T05:32:03.020	99.3	0.16	Contig	current	PRJNA511803	73	162253	2321741	gcfgca:GCA_003990235.1	canonical	Bifidobacterium longum																					literature	PMID 31304205	1.0	Bifidobacterium longum subsp. longum	GCF_003990235.1	Tier2	1_134	102.27729638472364	GCF_003990235.1	Tier2	102.27729638472364
GCF_004125375.1	Bifidobacterium longum	BB-79	Tier2	Draft: contigs=23, N50=347030, completeness=99.21		SAMN08120363	Hunan University of Science and Engineering	feces	China	2017-12-02T04:07:04.553	99.21	0.16	Contig	current	PRJNA420803	23	347030	2206088	gcfgca:GCA_004125375.1	canonical	Bifidobacterium longum																					literature	PMID 30533788	1.0	Bifidobacterium longum unspecified	GCF_004125375.1	Tier2	1_112	102.3383435147364	GCA_045689215.1	Tier1	112.74650916078
GCF_004135895.1	Bifidobacterium animalis	1	Tier1	Closed genome: contigs=1, N50=1931632, len=1931632		SAMN10817706	China Agricultural University	feces	China: Guangxi	2019-01-25T00:00:05.410	98.08	0.27	Complete Genome	current	PRJNA516982	1	1931632	1931632	gcfgca:GCA_004135895.1	canonical	Bifidobacterium animalis																					literature	PMID 31501753	1.0	Bifidobacterium animalis unspecified	GCF_004135895.1	Tier1	3_1	112.18278466830922	GCF_011770105.1	Tier1	112.25343520812255
GCF_004319685.1	Bifidobacterium breve	BR03	Tier1	Closed genome: contigs=1, N50=2274532, len=2274632		SAMN10659766	Microbion Srl	faeces of healthy infant	Italy: Verona, San Giovanni Lupatoto	2018-12-28T05:27:03.753	99.41	0.3	Chromosome	current	PRJNA512062	1	2274532	2274632	gcfgca:GCA_004319685.1	canonical	Bifidobacterium breve																					literature;submitter_match	PMID 27741166;Microbion Srl	9.0	Bifidobacterium breve	GCF_004319685.1	Tier1	1_22	112.8557555812322	GCF_013267755.1	Tier1	112.8671749802116
GCF_004332625.1	Bifidobacterium longum subsp. longum	MCC10114	Tier2	Draft: contigs=58, N50=122702, completeness=99.38		SAMN06368664	Morinaga Milk Industry	feces	Japan	2017-02-22T09:07:12.890	99.38	0.34	Contig	current	PRJNA374900	58	122702	2454594	gcfgca:GCA_004332625.1	canonical	Bifidobacterium longum																					submitter_match	Morinaga Milk Industry		Bifidobacterium longum subsp. longum	GCF_004332625.1	Tier2	1_212	101.084425820817	GCF_004332625.1	Tier2	101.084425820817
GCF_004332635.1	Bifidobacterium longum subsp. longum	MCC10113	Tier2	Draft: contigs=62, N50=104146, completeness=99.38		SAMN06368663	Morinaga Milk Industry	feces	Japan	2017-02-22T09:07:12.846	99.38	0.38	Contig	current	PRJNA374900	62	104146	2464113	gcfgca:GCA_004332635.1	canonical	Bifidobacterium longum																					submitter_match	Morinaga Milk Industry		Bifidobacterium longum subsp. longum	GCF_004332635.1	Tier2	1_127	102.25872128059936	GCF_004332635.1	Tier2	102.25872128059936
GCF_004332645.1	Bifidobacterium longum subsp. longum	MCC10115	Tier2	Draft: contigs=54, N50=105978, completeness=99.38		SAMN06368665	Morinaga Milk Industry	feces	Japan	2017-02-22T09:07:12.926	99.38	0.16	Contig	current	PRJNA374900	54	105978	2433724	gcfgca:GCA_004332645.1	canonical	Bifidobacterium longum																					submitter_match	Morinaga Milk Industry		Bifidobacterium longum subsp. longum	GCF_004332645.1	Tier2	1_157	101.40260785965955	GCF_004332645.1	Tier2	101.40260785965955
GCF_004332655.1	Bifidobacterium longum subsp. longum	MCC10111	Tier2	Draft: contigs=49, N50=104146, completeness=99.38		SAMN06368661	Morinaga Milk Industry	feces	Japan	2017-02-22T09:07:12.763	99.38	0.16	Contig	current	PRJNA374900	49	104146	2438263	gcfgca:GCA_004332655.1	canonical	Bifidobacterium longum																					submitter_match	Morinaga Milk Industry		Bifidobacterium longum subsp. longum	GCF_004332655.1	Tier2	1_127	95.61872128059936	GCF_004332635.1	Tier2	102.25872128059936
GCF_004332665.1	Bifidobacterium longum subsp. longum	MCC10108	Tier2	Draft: contigs=73, N50=71203, completeness=99.23		SAMN06368660	Morinaga Milk Industry	feces	Japan	2017-02-22T09:07:12.716	99.23	0.16	Contig	current	PRJNA374900	73	71203	2418752	gcfgca:GCA_004332665.1	canonical	Bifidobacterium longum																					submitter_match	Morinaga Milk Industry		Bifidobacterium longum subsp. longum	GCF_004332665.1	Tier2	1_156	96.32634917221876	GCF_017312545.1	Tier2	102.36164656582628
GCF_004332725.1	Bifidobacterium longum subsp. longum	MCC10101	Tier2	Draft: contigs=65, N50=100597, completeness=99.26		SAMN06368655	Morinaga Milk Industry	feces	Japan	2017-02-22T09:07:12.520	99.26	0.16	Contig	current	PRJNA374900	65	100597	2418061	gcfgca:GCA_004332725.1	canonical	Bifidobacterium longum																					submitter_match	Morinaga Milk Industry		Bifidobacterium longum subsp. longum	GCF_004332725.1	Tier2	1_86	101.38129251469957	GCF_004332725.1	Tier2	101.38129251469957
GCF_004332735.1	Bifidobacterium longum subsp. longum	MCC10106	Tier2	Draft: contigs=74, N50=73363, completeness=98.91		SAMN06368658	Morinaga Milk Industry	feces	Japan	2017-02-22T09:07:12.640	98.91	0.58	Contig	current	PRJNA374900	74	73363	2415027	gcfgca:GCA_004332735.1	canonical	Bifidobacterium longum																					submitter_match	Morinaga Milk Industry		Bifidobacterium longum subsp. longum	GCF_004332735.1	Tier2	1_186	102.1228385673472	GCF_004332735.1	Tier2	102.1228385673472
GCF_004332745.1	Bifidobacterium longum subsp. longum	MCC10099	Tier2	Draft: contigs=66, N50=74628, completeness=99.26		SAMN06368653	Morinaga Milk Industry	feces	Japan	2017-02-22T09:07:12.426	99.26	0.16	Contig	current	PRJNA374900	66	74628	2340071	gcfgca:GCA_004332745.1	canonical	Bifidobacterium longum																					submitter_match	Morinaga Milk Industry		Bifidobacterium longum subsp. longum	GCF_004332745.1	Tier2	1_183	94.9376509312806	GCF_004332945.1	Tier2	100.71271409077092
GCF_004332755.1	Bifidobacterium longum subsp. longum	MCC10102	Tier2	Draft: contigs=56, N50=111408, completeness=99.57		SAMN06368656	Morinaga Milk Industry	feces	Japan	2017-02-22T09:07:12.560	99.57	0.72	Contig	current	PRJNA374900	56	111408	2538754	gcfgca:GCA_004332755.1	canonical	Bifidobacterium longum																					submitter_match	Morinaga Milk Industry		Bifidobacterium longum subsp. longum	GCF_004332755.1	Tier2	1_196	100.61345818891576	GCF_004332755.1	Tier2	100.61345818891576
GCF_004332765.1	Bifidobacterium longum subsp. longum	MCC10107	Tier2	Draft: contigs=45, N50=143881, completeness=98.83		SAMN06368659	Morinaga Milk Industry	feces	Japan	2017-02-22T09:07:12.680	98.83	0.89	Contig	current	PRJNA374900	45	143881	2384750	gcfgca:GCA_004332765.1	canonical	Bifidobacterium longum																					submitter_match	Morinaga Milk Industry		Bifidobacterium longum subsp. longum	GCF_004332765.1	Tier2	1_140	95.04960171368369	GCF_004334465.1	Tier2	102.319867125147
GCF_004332825.1	Bifidobacterium longum subsp. longum	MCC10097	Tier2	Draft: contigs=52, N50=84305, completeness=98.91		SAMN06368651	Morinaga Milk Industry	feces	Japan	2017-02-22T09:07:12.206	98.91	0.43	Contig	current	PRJNA374900	52	84305	2280351	gcfgca:GCA_004332825.1	canonical	Bifidobacterium longum																					submitter_match	Morinaga Milk Industry		Bifidobacterium longum subsp. longum	GCF_004332825.1	Tier2	1_104	96.4377266677463	GCF_033658565.1	Tier2	102.31100427982972
GCF_004332835.1	Bifidobacterium longum subsp. longum	MCC10098	Tier2	Draft: contigs=58, N50=103002, completeness=99.38		SAMN06368652	Morinaga Milk Industry	feces	Japan	2017-02-22T09:07:12.253	99.38	0.16	Contig	current	PRJNA374900	58	103002	2326671	gcfgca:GCA_004332835.1	canonical	Bifidobacterium longum																					submitter_match	Morinaga Milk Industry		Bifidobacterium longum subsp. longum	GCF_004332835.1	Tier2	1_87	94.83402284774104	GCF_004333575.1	Tier2	102.41446763933224
GCF_004332855.1	Bifidobacterium longum subsp. longum	MCC10095	Tier2	Draft: contigs=95, N50=73899, completeness=98.15		SAMN06368649	Morinaga Milk Industry	feces	Japan	2017-02-22T09:07:12.110	98.15	0.32	Contig	current	PRJNA374900	95	73899	2356818	gcfgca:GCA_004332855.1	canonical	Bifidobacterium longum																					submitter_match	Morinaga Milk Industry		Bifidobacterium longum subsp. longum	GCF_004332855.1	Tier2	1_168	102.16441930691522	GCF_004332855.1	Tier2	102.16441930691522
GCF_004332865.1	Bifidobacterium longum subsp. longum	MCC10093	Tier2	Draft: contigs=57, N50=107167, completeness=98.91		SAMN06368647	Morinaga Milk Industry	feces	Japan	2017-02-22T09:07:12.023	98.91	0.29	Contig	current	PRJNA374900	57	107167	2458942	gcfgca:GCA_004332865.1	canonical	Bifidobacterium longum																					submitter_match	Morinaga Milk Industry		Bifidobacterium longum subsp. longum	GCF_004332865.1	Tier2	1_116	94.01503053668834	GCF_004332865.1	Tier2	94.01503053668834
GCF_004332895.1	Bifidobacterium longum subsp. longum	MCC10094	Tier2	Draft: contigs=39, N50=177716, completeness=99.41		SAMN06368648	Morinaga Milk Industry	feces	Japan	2017-02-22T09:07:12.063	99.41	0.16	Contig	current	PRJNA374900	39	177716	2509624	gcfgca:GCA_004332895.1	canonical	Bifidobacterium longum																					submitter_match	Morinaga Milk Industry		Bifidobacterium longum subsp. longum	GCF_004332895.1	Tier2	1_81	95.81521327283896	GCF_004333105.1	Tier2	102.14221164286872
GCF_004332925.1	Bifidobacterium longum subsp. longum	MCC10092	Tier2	Draft: contigs=89, N50=64435, completeness=98.67		SAMN06368646	Morinaga Milk Industry	feces	Japan	2017-02-22T09:07:11.976	98.67	0.55	Contig	current	PRJNA374900	89	64435	2234829	gcfgca:GCA_004332925.1	canonical	Bifidobacterium longum																					submitter_match	Morinaga Milk Industry		Bifidobacterium longum subsp. longum	GCF_004332925.1	Tier2	1_166	100.6656609296832	GCF_004332925.1	Tier2	100.6656609296832
GCF_004332935.1	Bifidobacterium longum subsp. longum	MCC10112	Tier2	Draft: contigs=58, N50=89604, completeness=98.91		SAMN06368662	Morinaga Milk Industry	feces	Japan	2017-02-22T09:07:12.803	98.91	0.4	Contig	current	PRJNA374900	58	89604	2277568	gcfgca:GCA_004332935.1	canonical	Bifidobacterium longum																					submitter_match	Morinaga Milk Industry		Bifidobacterium longum subsp. longum	GCF_004332935.1	Tier2	1_104	96.15096370007078	GCF_033658565.1	Tier2	102.31100427982972
GCF_004332945.1	Bifidobacterium longum subsp. longum	MCC10116	Tier2	Draft: contigs=47, N50=174996, completeness=98.91		SAMN06368666	Morinaga Milk Industry	feces	Japan	2017-02-22T09:07:13.046	98.91	0.39	Contig	current	PRJNA374900	47	174996	2628982	gcfgca:GCA_004332945.1	canonical	Bifidobacterium longum																					submitter_match	Morinaga Milk Industry		Bifidobacterium longum subsp. longum	GCF_004332945.1	Tier2	1_183	100.71271409077092	GCF_004332945.1	Tier2	100.71271409077092
GCF_004332965.1	Bifidobacterium longum subsp. longum	MCC10100	Tier2	Draft: contigs=56, N50=161397, completeness=98.91		SAMN06368654	Morinaga Milk Industry	feces	Japan	2017-02-22T09:07:12.476	98.91	0.39	Contig	current	PRJNA374900	56	161397	2518004	gcfgca:GCA_004332965.1	canonical	Bifidobacterium longum																					submitter_match	Morinaga Milk Industry		Bifidobacterium longum subsp. longum	GCF_004332965.1	Tier2	1_211	102.33414771208142	GCF_017312605.1	Tier2	102.3775837091631
GCF_004333005.1	Bifidobacterium longum subsp. longum	MCC10103	Tier2	Draft: contigs=16, N50=319915, completeness=98.33		SAMN06368657	Morinaga Milk Industry	feces	Japan	2017-02-22T09:07:12.600	98.33	0.39	Contig	current	PRJNA374900	16	319915	2394684	gcfgca:GCA_004333005.1	canonical	Bifidobacterium longum																					submitter_match	Morinaga Milk Industry		Bifidobacterium longum subsp. longum	GCF_004333005.1	Tier2	1_179	102.31238395292628	GCF_055383495.1	Tier1	112.7017871831216
GCF_004333015.1	Bifidobacterium longum subsp. longum	MCC10091	Tier2	Draft: contigs=64, N50=102521, completeness=99.57		SAMN06368645	Morinaga Milk Industry	feces	Japan	2017-02-22T09:07:11.933	99.57	0.16	Contig	current	PRJNA374900	64	102521	2394210	gcfgca:GCA_004333015.1	canonical	Bifidobacterium longum																					submitter_match	Morinaga Milk Industry		Bifidobacterium longum subsp. longum	GCF_004333015.1	Tier2	1_186	96.10550644297284	GCF_004332735.1	Tier2	102.1228385673472
GCF_004333035.1	Bifidobacterium longum subsp. longum	MCC10090	Tier2	Draft: contigs=49, N50=101464, completeness=99.22		SAMN06368644	Morinaga Milk Industry	feces	Japan	2017-02-22T09:07:11.896	99.22	0.25	Contig	current	PRJNA374900	49	101464	2347309	gcfgca:GCA_004333035.1	canonical	Bifidobacterium longum																					submitter_match	Morinaga Milk Industry		Bifidobacterium longum subsp. longum	GCF_004333035.1	Tier2	1_93	100.7432560158531	GCF_033657905.1	Tier2	101.24628950996006
GCF_004333045.1	Bifidobacterium longum subsp. longum	MCC10096	Tier2	Draft: contigs=39, N50=183522, completeness=99.23		SAMN06368650	Morinaga Milk Industry	feces	Japan	2017-02-22T09:07:12.163	99.23	0.33	Contig	current	PRJNA374900	39	183522	2571288	gcfgca:GCA_004333045.1	canonical	Bifidobacterium longum																					submitter_match	Morinaga Milk Industry		Bifidobacterium longum subsp. longum	GCF_004333045.1	Tier2	1_144	99.6718440667352	GCF_004333045.1	Tier2	99.6718440667352
GCF_004333065.1	Bifidobacterium longum subsp. longum	MCC10089	Tier2	Draft: contigs=41, N50=128854, completeness=98.76		SAMN06368643	Morinaga Milk Industry	feces	Japan	2017-02-22T09:07:11.853	98.76	0.16	Contig	current	PRJNA374900	41	128854	2324808	gcfgca:GCA_004333065.1	canonical	Bifidobacterium longum																					submitter_match	Morinaga Milk Industry		Bifidobacterium longum subsp. longum	GCF_004333065.1	Tier2	1_122	102.25004895719346	GCF_004333065.1	Tier2	102.25004895719346
GCF_004333105.1	Bifidobacterium longum subsp. longum	MCC10087	Tier2	Draft: contigs=49, N50=100861, completeness=99.31		SAMN06368642	Morinaga Milk Industry	feces	Japan	2017-02-22T09:07:11.793	99.31	0.16	Contig	current	PRJNA374900	49	100861	2303186	gcfgca:GCA_004333105.1	canonical	Bifidobacterium longum																					submitter_match	Morinaga Milk Industry		Bifidobacterium longum subsp. longum	GCF_004333105.1	Tier2	1_81	102.14221164286872	GCF_004333105.1	Tier2	102.14221164286872
GCF_004333115.1	Bifidobacterium longum subsp. longum	MCC10086	Tier2	Draft: contigs=48, N50=152082, completeness=99.38		SAMN06368641	Morinaga Milk Industry	feces	Japan	2017-02-22T09:07:11.750	99.38	0.25	Contig	current	PRJNA374900	48	152082	2283822	gcfgca:GCA_004333115.1	canonical	Bifidobacterium longum																					submitter_match	Morinaga Milk Industry		Bifidobacterium longum subsp. longum	GCF_004333115.1	Tier2	1_119	94.49103890760746	GCF_004333115.1	Tier2	94.49103890760746
GCF_004333125.1	Bifidobacterium longum subsp. longum	MCC10084	Tier2	Draft: contigs=46, N50=110605, completeness=99.57		SAMN06368639	Morinaga Milk Industry	feces	Japan	2017-02-22T09:07:11.650	99.57	0.16	Contig	current	PRJNA374900	46	110605	2264348	gcfgca:GCA_004333125.1	canonical	Bifidobacterium longum																					submitter_match	Morinaga Milk Industry		Bifidobacterium longum subsp. longum	GCF_004333125.1	Tier2	1_133	95.07268740312442	GCF_004333305.1	Tier2	102.38118836917408
GCF_004333165.1	Bifidobacterium longum subsp. longum	MCC10081	Tier2	Draft: contigs=56, N50=144902, completeness=99.85		SAMN06368637	Morinaga Milk Industry	feces	Japan	2017-02-22T09:07:11.560	99.85	1.25	Contig	current	PRJNA374900	56	144902	2323459	gcfgca:GCA_004333165.1	canonical	Bifidobacterium longum																					submitter_match	Morinaga Milk Industry		Bifidobacterium longum subsp. longum	GCF_004333165.1	Tier2	1_209	101.91153718657844	GCF_004333165.1	Tier2	101.91153718657844
GCF_004333175.1	Bifidobacterium longum subsp. longum	MCC10080	Tier2	Draft: contigs=59, N50=110566, completeness=99.57		SAMN06368636	Morinaga Milk Industry	feces	Japan	2017-02-22T09:07:11.506	99.57	0.19	Contig	current	PRJNA374900	59	110566	2528934	gcfgca:GCA_004333175.1	canonical	Bifidobacterium longum																					submitter_match	Morinaga Milk Industry		Bifidobacterium longum subsp. longum	GCF_004333175.1	Tier2	1_192	102.16041080520048	GCF_004333175.1	Tier2	102.16041080520048
GCF_004333205.1	Bifidobacterium longum subsp. longum	MCC10078	Tier2	Draft: contigs=58, N50=71937, completeness=99.38		SAMN06368634	Morinaga Milk Industry	feces	Japan	2017-02-22T09:07:11.416	99.38	0.27	Contig	current	PRJNA374900	58	71937	2271979	gcfgca:GCA_004333205.1	canonical	Bifidobacterium longum																					submitter_match	Morinaga Milk Industry		Bifidobacterium longum subsp. longum	GCF_004333205.1	Tier2	1_188	101.1884761612046	GCF_004333205.1	Tier2	101.1884761612046
GCF_004333215.1	Bifidobacterium longum subsp. longum	MCC10079	Tier2	Draft: contigs=77, N50=74108, completeness=98.91		SAMN06368635	Morinaga Milk Industry	feces	Japan	2017-02-22T09:07:11.460	98.91	0.25	Contig	current	PRJNA374900	77	74108	2382717	gcfgca:GCA_004333215.1	canonical	Bifidobacterium longum																					submitter_match	Morinaga Milk Industry		Bifidobacterium longum subsp. longum	GCF_004333215.1	Tier2	1_118	100.87583252648918	GCF_017312625.1	Tier2	102.41124119058324
GCF_004333235.1	Bifidobacterium longum subsp. longum	MCC10076	Tier2	Draft: contigs=50, N50=103390, completeness=99.23		SAMN06368632	Morinaga Milk Industry	feces	Japan	2017-02-22T09:07:11.330	99.23	0.48	Contig	current	PRJNA374900	50	103390	2563554	gcfgca:GCA_004333235.1	canonical	Bifidobacterium longum																					submitter_match	Morinaga Milk Industry		Bifidobacterium longum subsp. longum	GCF_004333235.1	Tier2	1_79	101.44763928397094	GCF_037997085.1	Tier1	113.01113050219918
GCF_004333265.1	Bifidobacterium longum subsp. longum	MCC10075	Tier2	Draft: contigs=53, N50=104023, completeness=99.23		SAMN06368631	Morinaga Milk Industry	feces	Japan	2017-02-22T09:07:11.280	99.23	0.38	Contig	current	PRJNA374900	53	104023	2384970	gcfgca:GCA_004333265.1	canonical	Bifidobacterium longum																					submitter_match	Morinaga Milk Industry		Bifidobacterium longum subsp. longum	GCF_004333265.1	Tier2	1_193	93.37856468728744	GCF_004333265.1	Tier2	93.37856468728744
GCF_004333275.1	Bifidobacterium longum subsp. longum	MCC10073	Tier2	Draft: contigs=42, N50=120386, completeness=98.77		SAMN06368629	Morinaga Milk Industry	feces	Japan	2017-02-22T09:07:11.193	98.77	0.16	Contig	current	PRJNA374900	42	120386	2284295	gcfgca:GCA_004333275.1	canonical	Bifidobacterium longum																					submitter_match	Morinaga Milk Industry		Bifidobacterium longum subsp. longum	GCF_004333275.1	Tier2	1_124	102.4658879774363	GCF_004333275.1	Tier2	102.4658879774363
GCF_004333305.1	Bifidobacterium longum subsp. longum	MCC10071	Tier2	Draft: contigs=49, N50=100179, completeness=99.17		SAMN06368627	Morinaga Milk Industry	feces	Japan	2017-02-22T09:07:11.110	99.17	0.16	Contig	current	PRJNA374900	49	100179	2287718	gcfgca:GCA_004333305.1	canonical	Bifidobacterium longum																					submitter_match	Morinaga Milk Industry		Bifidobacterium longum subsp. longum	GCF_004333305.1	Tier2	1_133	102.38118836917408	GCF_004333305.1	Tier2	102.38118836917408
GCF_004333325.1	Bifidobacterium longum subsp. longum	MCC10070	Tier2	Draft: contigs=48, N50=107690, completeness=98.91		SAMN06368626	Morinaga Milk Industry	feces	Japan	2017-02-22T09:07:11.046	98.91	0.16	Contig	current	PRJNA374900	48	107690	2508225	gcfgca:GCA_004333325.1	canonical	Bifidobacterium longum																					submitter_match	Morinaga Milk Industry		Bifidobacterium longum subsp. longum	GCF_004333325.1	Tier2	1_124	101.81168767360336	GCF_004333275.1	Tier2	102.4658879774363
GCF_004333335.1	Bifidobacterium longum subsp. longum	MCC10069	Tier2	Draft: contigs=57, N50=107420, completeness=98.91		SAMN06368625	Morinaga Milk Industry	feces	Japan	2017-02-22T09:07:11.003	98.91	0.16	Contig	current	PRJNA374900	57	107420	2367175	gcfgca:GCA_004333335.1	canonical	Bifidobacterium longum																					submitter_match	Morinaga Milk Industry		Bifidobacterium longum subsp. longum	GCF_004333335.1	Tier2	1_148	101.43554257401976	GCF_004333335.1	Tier2	101.43554257401976
GCF_004333365.1	Bifidobacterium longum subsp. longum	MCC10068	Tier2	Draft: contigs=58, N50=100125, completeness=98.91		SAMN06368624	Morinaga Milk Industry	feces	Japan	2017-02-22T09:07:10.956	98.91	0.16	Contig	current	PRJNA374900	58	100125	2407868	gcfgca:GCA_004333365.1	canonical	Bifidobacterium longum																					submitter_match	Morinaga Milk Industry		Bifidobacterium longum subsp. longum	GCF_004333365.1	Tier2	1_120	97.637471261852	GCF_004333935.1	Tier2	101.416075852199
GCF_004333375.1	Bifidobacterium longum subsp. longum	MCC10067	Tier2	Draft: contigs=55, N50=87768, completeness=98.85		SAMN06368623	Morinaga Milk Industry	feces	Japan	2017-02-22T09:07:10.910	98.85	0.16	Contig	current	PRJNA374900	55	87768	2394373	gcfgca:GCA_004333375.1	canonical	Bifidobacterium longum																					submitter_match	Morinaga Milk Industry		Bifidobacterium longum subsp. longum	GCF_004333375.1	Tier2	1_120	95.4779931021454	GCF_004333935.1	Tier2	101.416075852199
GCF_004333385.1	Bifidobacterium longum subsp. longum	MCC10066	Tier2	Draft: contigs=53, N50=99542, completeness=99.38		SAMN06368622	Morinaga Milk Industry	feces	Japan	2017-02-22T09:07:10.856	99.38	0.16	Contig	current	PRJNA374900	53	99542	2293826	gcfgca:GCA_004333385.1	canonical	Bifidobacterium longum																					submitter_match	Morinaga Milk Industry		Bifidobacterium longum subsp. longum	GCF_004333385.1	Tier2	1_202	96.69960317106592	GCF_004334445.1	Tier2	100.28817850329744
GCF_004333425.1	Bifidobacterium longum subsp. longum	MCC10064	Tier2	Draft: contigs=40, N50=145462, completeness=99.38		SAMN06368621	Morinaga Milk Industry	feces	Japan	2017-02-22T09:07:10.810	99.38	0.25	Contig	current	PRJNA374900	40	145462	2265777	gcfgca:GCA_004333425.1	canonical	Bifidobacterium longum																					submitter_match	Morinaga Milk Industry		Bifidobacterium longum subsp. longum	GCF_004333425.1	Tier2	1_88	102.23157476037976	GCF_024125265.1	Tier2	102.9232467409564
GCF_004333445.1	Bifidobacterium longum subsp. longum	MCC10062	Tier2	Draft: contigs=59, N50=90902, completeness=98.96		SAMN06368620	Morinaga Milk Industry	feces	Japan	2017-02-22T09:07:10.760	98.96	0.34	Contig	current	PRJNA374900	59	90902	2325915	gcfgca:GCA_004333445.1	canonical	Bifidobacterium longum																					submitter_match	Morinaga Milk Industry		Bifidobacterium longum subsp. longum	GCF_004333445.1	Tier2	1_145	101.3792867192755	GCF_004333445.1	Tier2	101.3792867192755
GCF_004333455.1	Bifidobacterium longum subsp. longum	MCC10055	Tier2	Draft: contigs=72, N50=74000, completeness=99.03		SAMN06368614	Morinaga Milk Industry	feces	Japan	2017-02-22T09:07:10.470	99.03	0.16	Contig	current	PRJNA374900	72	74000	2486026	gcfgca:GCA_004333455.1	canonical	Bifidobacterium longum																					submitter_match	Morinaga Milk Industry		Bifidobacterium longum subsp. longum	GCF_004333455.1	Tier2	1_132	100.32631585347588	GCF_000829295.1	Tier1	113.04163148384283
GCF_004333465.1	Bifidobacterium longum subsp. longum	MCC10060	Tier2	Draft: contigs=59, N50=89775, completeness=98.76		SAMN06368619	Morinaga Milk Industry	feces	Japan	2017-02-22T09:07:10.696	98.76	0.25	Contig	current	PRJNA374900	59	89775	2313106	gcfgca:GCA_004333465.1	canonical	Bifidobacterium longum																					submitter_match	Morinaga Milk Industry		Bifidobacterium longum subsp. longum	GCF_004333465.1	Tier2	1_121	94.84657770689904	GCF_004333465.1	Tier2	94.84657770689904
GCF_004333475.1	Bifidobacterium longum subsp. longum	MCC10056	Tier2	Draft: contigs=79, N50=55659, completeness=99.24		SAMN06368615	Morinaga Milk Industry	feces	Japan	2017-02-22T09:07:10.516	99.24	0.37	Contig	current	PRJNA374900	79	55659	2299748	gcfgca:GCA_004333475.1	canonical	Bifidobacterium longum																					submitter_match	Morinaga Milk Industry		Bifidobacterium longum subsp. longum	GCF_004333475.1	Tier2	1_123	101.13276769964811	GCF_004333475.1	Tier2	101.13276769964811
GCF_004333515.1	Bifidobacterium longum subsp. longum	MCC10053	Tier2	Draft: contigs=51, N50=104988, completeness=99.28		SAMN06368612	Morinaga Milk Industry	feces	Japan	2017-02-22T09:07:10.370	99.28	0.25	Contig	current	PRJNA374900	51	104988	2425822	gcfgca:GCA_004333515.1	canonical	Bifidobacterium longum																					submitter_match	Morinaga Milk Industry		Bifidobacterium longum subsp. longum	GCF_004333515.1	Tier2	1_171	95.16056983128922	GCF_004333515.1	Tier2	95.16056983128922
GCF_004333535.1	Bifidobacterium longum subsp. longum	MCC10052	Tier2	Draft: contigs=65, N50=119614, completeness=99.15		SAMN06368611	Morinaga Milk Industry	feces	Japan	2017-02-22T09:07:10.223	99.15	0.25	Contig	current	PRJNA374900	65	119614	2428737	gcfgca:GCA_004333535.1	canonical	Bifidobacterium longum																					submitter_match	Morinaga Milk Industry		Bifidobacterium longum subsp. longum	GCF_004333535.1	Tier2	1_125	100.57889100691196	GCF_004333535.1	Tier2	100.57889100691196
GCF_004333555.1	Bifidobacterium longum subsp. longum	MCC10050	Tier2	Draft: contigs=34, N50=119403, completeness=98.87		SAMN06368609	Morinaga Milk Industry	feces	Japan	2017-02-22T09:07:10.113	98.87	0.16	Contig	current	PRJNA374900	34	119403	2280366	gcfgca:GCA_004333555.1	canonical	Bifidobacterium longum																					submitter_match	Morinaga Milk Industry		Bifidobacterium longum subsp. longum	GCF_004333555.1	Tier2	1_122	96.36910760918002	GCF_004333065.1	Tier2	102.25004895719346
GCF_004333565.1	Bifidobacterium longum subsp. longum	MCC10048	Tier2	Draft: contigs=71, N50=86574, completeness=98.91		SAMN06368608	Morinaga Milk Industry	feces	Japan	2017-02-22T09:07:10.066	98.91	0.16	Contig	current	PRJNA374900	71	86574	2456016	gcfgca:GCA_004333565.1	canonical	Bifidobacterium longum																					submitter_match	Morinaga Milk Industry		Bifidobacterium longum subsp. longum	GCF_004333565.1	Tier2	1_120	97.36656874690507	GCF_004333935.1	Tier2	101.416075852199
GCF_004333575.1	Bifidobacterium longum subsp. longum	MCC10046	Tier2	Draft: contigs=71, N50=85849, completeness=99.38		SAMN06368606	Morinaga Milk Industry	feces	Japan	2017-02-22T09:07:09.966	99.38	0.16	Contig	current	PRJNA374900	71	85849	2286406	gcfgca:GCA_004333575.1	canonical	Bifidobacterium longum																					submitter_match	Morinaga Milk Industry		Bifidobacterium longum subsp. longum	GCF_004333575.1	Tier2	1_87	102.41446763933224	GCF_004333575.1	Tier2	102.41446763933224
GCF_004333625.1	Bifidobacterium longum subsp. longum	MCC10045	Tier2	Draft: contigs=61, N50=96174, completeness=99.38		SAMN06368605	Morinaga Milk Industry	feces	Japan	2017-02-22T09:07:09.923	99.38	0.25	Contig	current	PRJNA374900	61	96174	2437781	gcfgca:GCA_004333625.1	canonical	Bifidobacterium longum																					submitter_match	Morinaga Milk Industry		Bifidobacterium longum subsp. longum	GCF_004333625.1	Tier2	1_190	95.7316288657738	GCF_004333625.1	Tier2	95.7316288657738
GCF_004333635.1	Bifidobacterium longum subsp. longum	MCC10043	Tier2	Draft: contigs=62, N50=99529, completeness=98.68		SAMN06368603	Morinaga Milk Industry	feces	Japan	2017-02-22T09:07:09.746	98.68	0.16	Contig	current	PRJNA374900	62	99529	2623861	gcfgca:GCA_004333635.1	canonical	Bifidobacterium longum																					submitter_match	Morinaga Milk Industry		Bifidobacterium longum subsp. longum	GCF_004333635.1	Tier2	1_120	95.56664983681962	GCF_004333935.1	Tier2	101.416075852199
GCF_004333645.1	Bifidobacterium longum subsp. longum	MCC10044	Tier2	Draft: contigs=50, N50=146060, completeness=99.38		SAMN06368604	Morinaga Milk Industry	feces	Japan	2017-02-22T09:07:09.823	99.38	0.72	Contig	current	PRJNA374900	50	146060	2512809	gcfgca:GCA_004333645.1	canonical	Bifidobacterium longum																					submitter_match	Morinaga Milk Industry		Bifidobacterium longum subsp. longum	GCF_004333645.1	Tier2	1_194	93.23226564815272	GCF_004333645.1	Tier2	93.23226564815272
GCF_004333675.1	Bifidobacterium longum subsp. longum	MCC10042	Tier2	Draft: contigs=53, N50=87304, completeness=99.38		SAMN06368602	Morinaga Milk Industry	feces	Japan	2017-02-22T09:07:09.686	99.38	0.16	Contig	current	PRJNA374900	53	87304	2320556	gcfgca:GCA_004333675.1	canonical	Bifidobacterium longum																					submitter_match	Morinaga Milk Industry		Bifidobacterium longum subsp. longum	GCF_004333675.1	Tier2	1_85	102.30051708063426	GCF_004333675.1	Tier2	102.30051708063426
GCF_004333695.1	Bifidobacterium longum subsp. longum	MCC10041	Tier2	Draft: contigs=47, N50=100906, completeness=99.07		SAMN06368601	Morinaga Milk Industry	feces	Japan	2017-02-22T09:07:09.630	99.07	0.72	Contig	current	PRJNA374900	47	100906	2370638	gcfgca:GCA_004333695.1	canonical	Bifidobacterium longum																					submitter_match	Morinaga Milk Industry		Bifidobacterium longum subsp. longum	GCF_004333695.1	Tier2	1_160	101.43195849535542	GCF_004333695.1	Tier2	101.43195849535542
GCF_004333715.1	Bifidobacterium longum subsp. longum	MCC10035	Tier2	Draft: contigs=52, N50=123287, completeness=99.34		SAMN06368596	Morinaga Milk Industry	feces	Japan	2017-02-22T09:07:09.370	99.34	0.16	Contig	current	PRJNA374900	52	123287	2457503	gcfgca:GCA_004333715.1	canonical	Bifidobacterium longum																					submitter_match	Morinaga Milk Industry		Bifidobacterium longum subsp. longum	GCF_004333715.1	Tier2	1_210	95.29545864241013	GCF_004333715.1	Tier2	95.29545864241013
GCF_004333735.1	Bifidobacterium longum subsp. longum	MCC10036	Tier2	Draft: contigs=22, N50=362417, completeness=98.35		SAMN06368597	Morinaga Milk Industry	feces	Japan	2017-02-22T09:07:09.423	98.35	0.31	Contig	current	PRJNA374900	22	362417	2249978	gcfgca:GCA_004333735.1	canonical	Bifidobacterium longum																					submitter_match	Morinaga Milk Industry		Bifidobacterium longum subsp. longum	GCF_004333735.1	Tier2	1_108	95.40579428607116	GCF_014334075.1	Tier1	112.89328377873572
GCF_004333765.1	Bifidobacterium longum subsp. longum	MCC10034	Tier2	Draft: contigs=70, N50=76880, completeness=99.38		SAMN06368595	Morinaga Milk Industry	feces	Japan	2017-02-22T09:07:09.323	99.38	0.25	Contig	current	PRJNA374900	70	76880	2253632	gcfgca:GCA_004333765.1	canonical	Bifidobacterium longum																					submitter_match	Morinaga Milk Industry		Bifidobacterium longum subsp. longum	GCF_004333765.1	Tier2	1_173	96.84290668733026	GCF_004333765.1	Tier2	96.84290668733026
GCF_004333775.1	Bifidobacterium longum subsp. longum	MCC10033	Tier2	Draft: contigs=63, N50=87837, completeness=99.85		SAMN06368594	Morinaga Milk Industry	feces	Japan	2017-02-22T09:07:09.273	99.85	0.29	Contig	current	PRJNA374900	63	87837	2392045	gcfgca:GCA_004333775.1	canonical	Bifidobacterium longum																					submitter_match	Morinaga Milk Industry		Bifidobacterium longum subsp. longum	GCF_004333775.1	Tier2	1_189	96.29303877704544	GCF_004333775.1	Tier2	96.29303877704544
GCF_004333785.1	Bifidobacterium longum subsp. longum	MCC10031	Tier2	Draft: contigs=41, N50=147308, completeness=98.45		SAMN06368593	Morinaga Milk Industry	feces	Japan	2017-02-22T09:07:09.213	98.45	0.78	Contig	current	PRJNA374900	41	147308	2401154	gcfgca:GCA_004333785.1	canonical	Bifidobacterium longum																					submitter_match	Morinaga Milk Industry		Bifidobacterium longum subsp. longum	GCF_004333785.1	Tier2	1_159	95.66341316962144	GCF_004334645.1	Tier2	96.37551307439306
GCF_004333795.1	Bifidobacterium longum subsp. longum	MCC10029	Tier2	Draft: contigs=55, N50=121134, completeness=99.34		SAMN06368591	Morinaga Milk Industry	feces	Japan	2017-02-22T09:07:09.093	99.34	0.16	Contig	current	PRJNA374900	55	121134	2346104	gcfgca:GCA_004333795.1	canonical	Bifidobacterium longum																					submitter_match	Morinaga Milk Industry		Bifidobacterium longum subsp. longum	GCF_004333795.1	Tier2	1_198	101.32163302920952	GCF_004333795.1	Tier2	101.32163302920952
GCF_004333845.1	Bifidobacterium longum subsp. longum	MCC10025	Tier2	Draft: contigs=56, N50=90355, completeness=98.96		SAMN06368588	Morinaga Milk Industry	feces	Japan	2017-02-22T09:07:08.930	98.96	0.35	Contig	current	PRJNA374900	56	90355	2408845	gcfgca:GCA_004333845.1	canonical	Bifidobacterium longum																					submitter_match	Morinaga Milk Industry		Bifidobacterium longum subsp. longum	GCF_004333845.1	Tier2	1_128	94.4879760951188	GCF_004333845.1	Tier2	94.4879760951188
GCF_004333855.1	Bifidobacterium longum subsp. longum	MCC10023	Tier2	Draft: contigs=41, N50=137131, completeness=98.86		SAMN06368587	Morinaga Milk Industry	feces	Japan	2017-02-22T09:07:08.753	98.86	0.16	Contig	current	PRJNA374900	41	137131	2308165	gcfgca:GCA_004333855.1	canonical	Bifidobacterium longum																					submitter_match	Morinaga Milk Industry		Bifidobacterium longum subsp. longum	GCF_004333855.1	Tier2	1_122	96.43356782628084	GCF_004333065.1	Tier2	102.25004895719346
GCF_004333875.1	Bifidobacterium longum subsp. longum	MCC10021	Tier2	Draft: contigs=58, N50=73859, completeness=99.26		SAMN06368585	Morinaga Milk Industry	feces	Japan	2017-02-22T09:07:08.580	99.26	0.31	Contig	current	PRJNA374900	58	73859	2235753	gcfgca:GCA_004333875.1	canonical	Bifidobacterium longum																					submitter_match	Morinaga Milk Industry		Bifidobacterium longum subsp. longum	GCF_004333875.1	Tier2	1_190	95.38430173778396	GCF_004333625.1	Tier2	95.7316288657738
GCF_004333895.1	Bifidobacterium longum subsp. longum	MCC10022	Tier2	Draft: contigs=55, N50=85747, completeness=99.85		SAMN06368586	Morinaga Milk Industry	feces	Japan	2017-02-22T09:07:08.666	99.85	0.16	Contig	current	PRJNA374900	55	85747	2419042	gcfgca:GCA_004333895.1	canonical	Bifidobacterium longum																					submitter_match	Morinaga Milk Industry		Bifidobacterium longum subsp. longum	GCF_004333895.1	Tier2	1_195	94.59660946723648	GCF_004333895.1	Tier2	94.59660946723648
GCF_004333905.1	Bifidobacterium longum subsp. longum	MCC10018	Tier2	Draft: contigs=32, N50=187586, completeness=99.23		SAMN06368583	Morinaga Milk Industry	feces	Japan	2017-02-22T09:07:08.366	99.23	0.16	Contig	current	PRJNA374900	32	187586	2330414	gcfgca:GCA_004333905.1	canonical	Bifidobacterium longum																					submitter_match	Morinaga Milk Industry		Bifidobacterium longum subsp. longum	GCF_004333905.1	Tier2	1_191	100.27660021139886	GCF_004333905.1	Tier2	100.27660021139886
GCF_004333925.1	Bifidobacterium longum subsp. longum	MCC10015	Tier2	Draft: contigs=83, N50=55877, completeness=98.29		SAMN06368580	Morinaga Milk Industry	feces	Japan	2017-02-22T09:07:08.046	98.29	0.81	Contig	current	PRJNA374900	83	55877	2630290	gcfgca:GCA_004333925.1	canonical	Bifidobacterium longum																					submitter_match	Morinaga Milk Industry		Bifidobacterium longum subsp. longum	GCF_004333925.1	Tier2	1_162	92.77361654053908	GCF_004333925.1	Tier2	92.77361654053908
GCF_004333935.1	Bifidobacterium longum subsp. longum	MCC10017	Tier2	Draft: contigs=60, N50=79360, completeness=98.82		SAMN06368582	Morinaga Milk Industry	feces	Japan	2017-02-22T09:07:08.300	98.82	0.16	Contig	current	PRJNA374900	60	79360	2448826	gcfgca:GCA_004333935.1	canonical	Bifidobacterium longum																					submitter_match	Morinaga Milk Industry		Bifidobacterium longum subsp. longum	GCF_004333935.1	Tier2	1_120	101.416075852199	GCF_004333935.1	Tier2	101.416075852199
GCF_004333975.1	Bifidobacterium longum subsp. longum	MCC10014	Tier2	Draft: contigs=59, N50=88026, completeness=99.38		SAMN06368579	Morinaga Milk Industry	feces	Japan	2017-02-22T09:07:07.950	99.38	0.16	Contig	current	PRJNA374900	59	88026	2466212	gcfgca:GCA_004333975.1	canonical	Bifidobacterium longum																					submitter_match	Morinaga Milk Industry		Bifidobacterium longum subsp. longum	GCF_004333975.1	Tier2	1_147	94.84230548373856	GCF_004333975.1	Tier2	94.84230548373856
GCF_004333995.1	Bifidobacterium longum subsp. longum	MCC10012	Tier2	Draft: contigs=67, N50=80579, completeness=99.38		SAMN06368578	Morinaga Milk Industry	feces	Japan	2017-02-22T09:07:07.856	99.38	0.62	Contig	current	PRJNA374900	67	80579	2479873	gcfgca:GCA_004333995.1	canonical	Bifidobacterium longum																					submitter_match	Morinaga Milk Industry		Bifidobacterium longum subsp. longum	GCF_004333995.1	Tier2	1_151	95.40311093670628	GCF_004333995.1	Tier2	95.40311093670628
GCF_004334005.1	Bifidobacterium longum subsp. longum	MCC10010	Tier2	Draft: contigs=93, N50=71393, completeness=98.76		SAMN06368576	Morinaga Milk Industry	feces	Japan	2017-02-22T09:07:07.696	98.76	1.18	Contig	current	PRJNA374900	93	71393	2452447	gcfgca:GCA_004334005.1	canonical	Bifidobacterium longum																					submitter_match	Morinaga Milk Industry		Bifidobacterium longum subsp. longum	GCF_004334005.1	Tier2	1_187	101.97167782557904	GCF_000008945.1	Tier1	112.768054212425
GCF_004334035.1	Bifidobacterium longum subsp. longum	MCC10008	Tier2	Draft: contigs=80, N50=66885, completeness=98.53		SAMN06368574	Morinaga Milk Industry	feces	Japan	2017-02-22T09:07:07.580	98.53	0.46	Contig	current	PRJNA374900	80	66885	2543674	gcfgca:GCA_004334035.1	canonical	Bifidobacterium longum																					submitter_match	Morinaga Milk Industry		Bifidobacterium longum subsp. longum	GCF_004334035.1	Tier2	1_189	90.59386439555266	GCF_004333775.1	Tier2	96.29303877704544
GCF_004334045.1	Bifidobacterium longum subsp. longum	MCC10007	Tier2	Draft: contigs=59, N50=91121, completeness=99.85		SAMN06368573	Morinaga Milk Industry	feces	Japan	2017-02-22T09:07:07.533	99.85	0.45	Contig	current	PRJNA374900	59	91121	2484629	gcfgca:GCA_004334045.1	canonical	Bifidobacterium longum																					submitter_match	Morinaga Milk Industry		Bifidobacterium longum subsp. longum	GCF_004334045.1	Tier2	1_152	94.45980923861332	GCF_004334045.1	Tier2	94.45980923861332
GCF_004334065.1	Bifidobacterium longum subsp. longum	MCC10004	Tier2	Draft: contigs=52, N50=120136, completeness=98.76		SAMN06368571	Morinaga Milk Industry	feces	Japan	2017-02-22T09:07:07.436	98.76	0.48	Contig	current	PRJNA374900	52	120136	2551732	gcfgca:GCA_004334065.1	canonical	Bifidobacterium longum																					submitter_match	Morinaga Milk Industry		Bifidobacterium longum subsp. longum	GCF_004334065.1	Tier2	1_142	100.98983658387873	GCF_004334065.1	Tier2	100.98983658387873
GCF_004334075.1	Bifidobacterium longum subsp. longum	MCC10003	Tier2	Draft: contigs=69, N50=78633, completeness=98.84		SAMN06368570	Morinaga Milk Industry	feces	Japan	2017-02-22T09:07:07.383	98.84	0.34	Contig	current	PRJNA374900	69	78633	2526769	gcfgca:GCA_004334075.1	canonical	Bifidobacterium longum																					submitter_match	Morinaga Milk Industry		Bifidobacterium longum subsp. longum	GCF_004334075.1	Tier2	1_146	93.42780242257555	GCF_004334075.1	Tier2	93.42780242257555
GCF_004334105.1	Bifidobacterium longum subsp. longum	MCC10085	Tier2	Draft: contigs=64, N50=85495, completeness=99.38		SAMN06368640	Morinaga Milk Industry	feces	Japan	2017-02-22T09:07:11.700	99.38	0.16	Contig	current	PRJNA374900	64	85495	2366299	gcfgca:GCA_004334105.1	canonical	Bifidobacterium longum																					submitter_match	Morinaga Milk Industry		Bifidobacterium longum subsp. longum	GCF_004334105.1	Tier2	1_164	96.40587034172978	GCF_004334625.1	Tier2	102.34949968393371
GCF_004334145.1	Bifidobacterium longum subsp. longum	MCC10083	Tier2	Draft: contigs=64, N50=95640, completeness=98.91		SAMN06368638	Morinaga Milk Industry	feces	Japan	2017-02-22T09:07:11.600	98.91	0.22	Contig	current	PRJNA374900	64	95640	2475567	gcfgca:GCA_004334145.1	canonical	Bifidobacterium longum																					submitter_match	Morinaga Milk Industry		Bifidobacterium longum subsp. longum	GCF_004334145.1	Tier2	1_192	95.2789197898254	GCF_004333175.1	Tier2	102.16041080520048
GCF_004334155.1	Bifidobacterium longum subsp. longum	MCC10077	Tier2	Draft: contigs=40, N50=161805, completeness=99.38		SAMN06368633	Morinaga Milk Industry	feces	Japan	2017-02-22T09:07:11.373	99.38	0.16	Contig	current	PRJNA374900	40	161805	2411622	gcfgca:GCA_004334155.1	canonical	Bifidobacterium longum																					submitter_match	Morinaga Milk Industry		Bifidobacterium longum subsp. longum	GCF_004334155.1	Tier2	1_203	101.0044959688942	GCF_004334155.1	Tier2	101.0044959688942
GCF_004334165.1	Bifidobacterium longum subsp. longum	MCC10074	Tier2	Draft: contigs=34, N50=117272, completeness=99.34		SAMN06368630	Morinaga Milk Industry	feces	Japan	2017-02-22T09:07:11.236	99.34	0.34	Contig	current	PRJNA374900	34	117272	2410008	gcfgca:GCA_004334165.1	canonical	Bifidobacterium longum																					submitter_match	Morinaga Milk Industry		Bifidobacterium longum subsp. longum	GCF_004334165.1	Tier2	1_211	101.46534715089642	GCF_017312605.1	Tier2	102.3775837091631
GCF_004334205.1	Bifidobacterium longum subsp. longum	MCC10072	Tier2	Draft: contigs=23, N50=203892, completeness=99.38		SAMN06368628	Morinaga Milk Industry	feces	Japan	2017-02-22T09:07:11.150	99.38	0.25	Contig	current	PRJNA374900	23	203892	2233880	gcfgca:GCA_004334205.1	canonical	Bifidobacterium longum																					submitter_match	Morinaga Milk Industry		Bifidobacterium longum subsp. longum	GCF_004334205.1	Tier2	1_168	96.4748001190982	GCF_004332855.1	Tier2	102.16441930691522
GCF_004334215.1	Bifidobacterium longum subsp. longum	MCC10058	Tier2	Draft: contigs=65, N50=105374, completeness=98.34		SAMN06368617	Morinaga Milk Industry	feces	Japan	2017-02-22T09:07:10.610	98.34	0.37	Contig	current	PRJNA374900	65	105374	2329562	gcfgca:GCA_004334215.1	canonical	Bifidobacterium longum																					submitter_match	Morinaga Milk Industry		Bifidobacterium longum subsp. longum	GCF_004334215.1	Tier2	1_201	95.99166676261356	GCF_004334215.1	Tier2	95.99166676261356
GCF_004334235.1	Bifidobacterium longum subsp. longum	MCC10059	Tier2	Draft: contigs=47, N50=104148, completeness=98.91		SAMN06368618	Morinaga Milk Industry	feces	Japan	2017-02-22T09:07:10.653	98.91	0.16	Contig	current	PRJNA374900	47	104148	2437180	gcfgca:GCA_004334235.1	canonical	Bifidobacterium longum																					submitter_match	Morinaga Milk Industry		Bifidobacterium longum subsp. longum	GCF_004334235.1	Tier2	1_127	102.2087254506137	GCF_004332635.1	Tier2	102.25872128059936
GCF_004334245.1	Bifidobacterium longum subsp. longum	MCC10054	Tier2	Draft: contigs=61, N50=113023, completeness=99.15		SAMN06368613	Morinaga Milk Industry	feces	Japan	2017-02-22T09:07:10.420	99.15	0.25	Contig	current	PRJNA374900	61	113023	2295637	gcfgca:GCA_004334245.1	canonical	Bifidobacterium longum																					submitter_match	Morinaga Milk Industry		Bifidobacterium longum subsp. longum	GCF_004334245.1	Tier2	1_185	102.35718340524632	GCF_004334245.1	Tier2	102.35718340524632
GCF_004334255.1	Bifidobacterium longum subsp. longum	MCC10057	Tier2	Draft: contigs=73, N50=56021, completeness=98.75		SAMN06368616	Morinaga Milk Industry	feces	Japan	2017-02-22T09:07:10.560	98.75	0.43	Contig	current	PRJNA374900	73	56021	2188617	gcfgca:GCA_004334255.1	canonical	Bifidobacterium longum																					submitter_match	Morinaga Milk Industry		Bifidobacterium longum subsp. longum	GCF_004334255.1	Tier2	1_172	99.61487543493912	GCF_004334255.1	Tier2	99.61487543493912
GCF_004334285.1	Bifidobacterium longum subsp. longum	MCC10051	Tier2	Draft: contigs=42, N50=137425, completeness=99.38		SAMN06368610	Morinaga Milk Industry	feces	Japan	2017-02-22T09:07:10.173	99.38	0.25	Contig	current	PRJNA374900	42	137425	2303629	gcfgca:GCA_004334285.1	canonical	Bifidobacterium longum																					submitter_match	Morinaga Milk Industry		Bifidobacterium longum subsp. longum	GCF_004334285.1	Tier2	1_201	95.80383287420172	GCF_004334215.1	Tier2	95.99166676261356
GCF_004334325.1	Bifidobacterium longum subsp. longum	MCC10047	Tier2	Draft: contigs=64, N50=85850, completeness=99.29		SAMN06368607	Morinaga Milk Industry	feces	Japan	2017-02-22T09:07:10.016	99.29	0.16	Contig	current	PRJNA374900	64	85850	2364509	gcfgca:GCA_004334325.1	canonical	Bifidobacterium longum																					submitter_match	Morinaga Milk Industry		Bifidobacterium longum subsp. longum	GCF_004334325.1	Tier2	1_83	101.00687014974848	GCF_004334325.1	Tier2	101.00687014974848
GCF_004334335.1	Bifidobacterium longum subsp. longum	MCC10039	Tier2	Draft: contigs=34, N50=152226, completeness=99.15		SAMN06368599	Morinaga Milk Industry	feces	Japan	2017-02-22T09:07:09.526	99.15	0.29	Contig	current	PRJNA374900	34	152226	2389049	gcfgca:GCA_004334335.1	canonical	Bifidobacterium longum																					submitter_match	Morinaga Milk Industry		Bifidobacterium longum subsp. longum	GCF_004334335.1	Tier2	1_170	101.62124441784728	GCF_004334335.1	Tier2	101.62124441784728
GCF_004334345.1	Bifidobacterium longum subsp. longum	MCC10040	Tier2	Draft: contigs=45, N50=119753, completeness=99.23		SAMN06368600	Morinaga Milk Industry	feces	Japan	2017-02-22T09:07:09.580	99.23	0.16	Contig	current	PRJNA374900	45	119753	2449960	gcfgca:GCA_004334345.1	canonical	Bifidobacterium longum																					submitter_match	Morinaga Milk Industry		Bifidobacterium longum subsp. longum	GCF_004334345.1	Tier2	1_213	93.32914320098956	GCF_004334345.1	Tier2	93.32914320098956
GCF_004334355.1	Bifidobacterium longum subsp. longum	MCC10030	Tier2	Draft: contigs=64, N50=78736, completeness=98.91		SAMN06368592	Morinaga Milk Industry	feces	Japan	2017-02-22T09:07:09.163	98.91	0.27	Contig	current	PRJNA374900	64	78736	2518444	gcfgca:GCA_004334355.1	canonical	Bifidobacterium longum																					submitter_match	Morinaga Milk Industry		Bifidobacterium longum subsp. longum	GCF_004334355.1	Tier2	1_150	96.20798665725108	GCF_004334515.1	Tier2	102.1780839573416
GCF_004334365.1	Bifidobacterium longum subsp. longum	MCC10038	Tier2	Draft: contigs=38, N50=118336, completeness=99.26		SAMN06368598	Morinaga Milk Industry	feces	Japan	2017-02-22T09:07:09.476	99.26	0.16	Contig	current	PRJNA374900	38	118336	2367010	gcfgca:GCA_004334365.1	canonical	Bifidobacterium longum																					submitter_match	Morinaga Milk Industry		Bifidobacterium longum subsp. longum	GCF_004334365.1	Tier2	1_208	94.01735846565046	GCF_004334705.1	Tier2	102.2631499191625
GCF_004334425.1	Bifidobacterium longum subsp. longum	MCC10028	Tier2	Draft: contigs=44, N50=120049, completeness=98.91		SAMN06368590	Morinaga Milk Industry	feces	Japan	2017-02-22T09:07:09.046	98.91	0.25	Contig	current	PRJNA374900	44	120049	2425414	gcfgca:GCA_004334425.1	canonical	Bifidobacterium longum																					submitter_match	Morinaga Milk Industry		Bifidobacterium longum subsp. longum	GCF_004334425.1	Tier2	1_209	96.03067927004446	GCF_004333165.1	Tier2	101.91153718657844
GCF_004334435.1	Bifidobacterium longum subsp. longum	MCC10019	Tier2	Draft: contigs=41, N50=111255, completeness=99.38		SAMN06368584	Morinaga Milk Industry	feces	Japan	2017-02-22T09:07:08.490	99.38	0.25	Contig	current	PRJNA374900	41	111255	2304529	gcfgca:GCA_004334435.1	canonical	Bifidobacterium longum																					submitter_match	Morinaga Milk Industry		Bifidobacterium longum subsp. longum	GCF_004334435.1	Tier2	1_201	95.90815977380213	GCF_004334215.1	Tier2	95.99166676261356
GCF_004334445.1	Bifidobacterium longum subsp. longum	MCC10027	Tier2	Draft: contigs=59, N50=82254, completeness=99.38		SAMN06368589	Morinaga Milk Industry	feces	Japan	2017-02-22T09:07:08.986	99.38	0.25	Contig	current	PRJNA374900	59	82254	2505832	gcfgca:GCA_004334445.1	canonical	Bifidobacterium longum																					submitter_match	Morinaga Milk Industry		Bifidobacterium longum subsp. longum	GCF_004334445.1	Tier2	1_202	100.28817850329744	GCF_004334445.1	Tier2	100.28817850329744
GCF_004334465.1	Bifidobacterium longum subsp. longum	MCC10016	Tier2	Draft: contigs=66, N50=68950, completeness=98.6		SAMN06368581	Morinaga Milk Industry	feces	Japan	2017-02-22T09:07:08.220	98.6	0.72	Contig	current	PRJNA374900	66	68950	2371177	gcfgca:GCA_004334465.1	canonical	Bifidobacterium longum																					submitter_match	Morinaga Milk Industry		Bifidobacterium longum subsp. longum	GCF_004334465.1	Tier2	1_140	102.319867125147	GCF_004334465.1	Tier2	102.319867125147
GCF_004334485.1	Bifidobacterium longum subsp. longum	MCC10011	Tier2	Draft: contigs=34, N50=181644, completeness=99.38		SAMN06368577	Morinaga Milk Industry	feces	Japan	2017-02-22T09:07:07.766	99.38	0.72	Contig	current	PRJNA374900	34	181644	2397460	gcfgca:GCA_004334485.1	canonical	Bifidobacterium longum																					submitter_match	Morinaga Milk Industry		Bifidobacterium longum subsp. longum	GCF_004334485.1	Tier2	1_141	95.31961052848742	GCF_004334485.1	Tier2	95.31961052848742
GCF_004334515.1	Bifidobacterium longum subsp. longum	MCC10009	Tier2	Draft: contigs=60, N50=86371, completeness=98.86		SAMN06368575	Morinaga Milk Industry	feces	Japan	2017-02-22T09:07:07.630	98.86	0.4	Contig	current	PRJNA374900	60	86371	2523697	gcfgca:GCA_004334515.1	canonical	Bifidobacterium longum																					submitter_match	Morinaga Milk Industry		Bifidobacterium longum subsp. longum	GCF_004334515.1	Tier2	1_150	102.1780839573416	GCF_004334515.1	Tier2	102.1780839573416
GCF_004334535.1	Bifidobacterium longum subsp. longum	MCC10006	Tier2	Draft: contigs=83, N50=54028, completeness=98.91		SAMN06368572	Morinaga Milk Industry	feces	Japan	2017-02-22T09:07:07.483	98.91	1.07	Contig	current	PRJNA374900	83	54028	2450141	gcfgca:GCA_004334535.1	canonical	Bifidobacterium longum																					submitter_match	Morinaga Milk Industry		Bifidobacterium longum subsp. longum	GCF_004334535.1	Tier2	1_187	102.02120943377044	GCF_000008945.1	Tier1	112.768054212425
GCF_004334545.1	Bifidobacterium longum subsp. longum	MCC10002	Tier2	Draft: contigs=59, N50=117094, completeness=99.3		SAMN06368569	Morinaga Milk Industry	feces	Japan	2017-02-22T09:07:07.183	99.3	0.16	Contig	current	PRJNA374900	59	117094	2634509	gcfgca:GCA_004334545.1	canonical	Bifidobacterium longum																					submitter_match	Morinaga Milk Industry		Bifidobacterium longum subsp. longum	GCF_004334545.1	Tier2	1_139	92.0242673210048	GCF_004334545.1	Tier2	92.0242673210048
GCF_004334555.1	Bifidobacterium longum subsp. longum	MCC10212	Tier2	Draft: contigs=28, N50=182659, completeness=99.38		SAMN06368681	Morinaga Milk Industry	feces	Japan	2017-02-22T09:07:13.703	99.38	0.16	Contig	current	PRJNA374900	28	182659	2365474	gcfgca:GCA_004334555.1	canonical	Bifidobacterium longum																					submitter_match	Morinaga Milk Industry		Bifidobacterium longum subsp. longum	GCF_004334555.1	Tier2	1_92	102.17212052468632	GCF_004334555.1	Tier2	102.17212052468632
GCF_004334615.1	Bifidobacterium longum subsp. longum	MCC10127	Tier2	Draft: contigs=41, N50=113274, completeness=99.69		SAMN06368677	Morinaga Milk Industry	feces	Japan	2017-02-22T09:07:13.526	99.69	0.16	Contig	current	PRJNA374900	41	113274	2356733	gcfgca:GCA_004334615.1	canonical	Bifidobacterium longum																					submitter_match	Morinaga Milk Industry		Bifidobacterium longum subsp. longum	GCF_004334615.1	Tier2	1_185	95.35766510831644	GCF_004334245.1	Tier2	102.35718340524632
GCF_004334625.1	Bifidobacterium longum subsp. longum	MCC10130	Tier2	Draft: contigs=59, N50=104520, completeness=99.38		SAMN06368680	Morinaga Milk Industry	feces	Japan	2017-02-22T09:07:13.660	99.38	0.16	Contig	current	PRJNA374900	59	104520	2368573	gcfgca:GCA_004334625.1	canonical	Bifidobacterium longum																					submitter_match	Morinaga Milk Industry		Bifidobacterium longum subsp. longum	GCF_004334625.1	Tier2	1_164	102.34949968393371	GCF_004334625.1	Tier2	102.34949968393371
GCF_004334635.1	Bifidobacterium longum subsp. longum	MCC10126	Tier2	Draft: contigs=68, N50=81309, completeness=98.59		SAMN06368676	Morinaga Milk Industry	feces	Japan	2017-02-22T09:07:13.483	98.59	0.95	Contig	current	PRJNA374900	68	81309	2553070	gcfgca:GCA_004334635.1	canonical	Bifidobacterium longum																					submitter_match	Morinaga Milk Industry		Bifidobacterium longum subsp. longum	GCF_004334635.1	Tier2	1_149	93.99506930990655	GCF_004334635.1	Tier2	93.99506930990655
GCF_004334645.1	Bifidobacterium longum subsp. longum	MCC10124	Tier2	Draft: contigs=47, N50=129487, completeness=98.45		SAMN06368674	Morinaga Milk Industry	feces	Japan	2017-02-22T09:07:13.403	98.45	0.25	Contig	current	PRJNA374900	47	129487	2457023	gcfgca:GCA_004334645.1	canonical	Bifidobacterium longum																					submitter_match	Morinaga Milk Industry		Bifidobacterium longum subsp. longum	GCF_004334645.1	Tier2	1_159	96.37551307439306	GCF_004334645.1	Tier2	96.37551307439306
GCF_004334695.1	Bifidobacterium longum subsp. longum	MCC10121	Tier2	Draft: contigs=26, N50=227578, completeness=99.15		SAMN06368671	Morinaga Milk Industry	feces	Japan	2017-02-22T09:07:13.270	99.15	0.25	Contig	current	PRJNA374900	26	227578	2384465	gcfgca:GCA_004334695.1	canonical	Bifidobacterium longum																					submitter_match	Morinaga Milk Industry		Bifidobacterium longum subsp. longum	GCF_004334695.1	Tier2	1_170	93.60856513821916	GCF_004334335.1	Tier2	101.62124441784728
GCF_004334705.1	Bifidobacterium longum subsp. longum	MCC10118	Tier2	Draft: contigs=36, N50=183950, completeness=99.3		SAMN06368668	Morinaga Milk Industry	feces	Japan	2017-02-22T09:07:13.133	99.3	0.16	Contig	current	PRJNA374900	36	183950	2349751	gcfgca:GCA_004334705.1	canonical	Bifidobacterium longum																					submitter_match	Morinaga Milk Industry		Bifidobacterium longum subsp. longum	GCF_004334705.1	Tier2	1_208	102.2631499191625	GCF_004334705.1	Tier2	102.2631499191625
GCF_004334715.1	Bifidobacterium longum subsp. longum	MCC10120	Tier2	Draft: contigs=62, N50=122808, completeness=98.64		SAMN06368670	Morinaga Milk Industry	feces	Japan	2017-02-22T09:07:13.223	98.64	0.81	Contig	current	PRJNA374900	62	122808	2483766	gcfgca:GCA_004334715.1	canonical	Bifidobacterium longum																					submitter_match	Morinaga Milk Industry		Bifidobacterium longum subsp. longum	GCF_004334715.1	Tier2	1_153	93.83461332934186	GCF_004334715.1	Tier2	93.83461332934186
GCF_004334745.1	Bifidobacterium longum subsp. longum	MCC10117	Tier2	Draft: contigs=35, N50=199249, completeness=99.3		SAMN06368667	Morinaga Milk Industry	feces	Japan	2017-02-22T09:07:13.093	99.3	0.51	Contig	current	PRJNA374900	35	199249	2301675	gcfgca:GCA_004334745.1	canonical	Bifidobacterium longum																					submitter_match	Morinaga Milk Industry		Bifidobacterium longum subsp. longum	GCF_004334745.1	Tier2	1_84	96.1996980752083	GCF_004334745.1	Tier2	96.1996980752083
GCF_004334775.1	Bifidobacterium longum subsp. longum	MCC10129	Tier2	Draft: contigs=18, N50=483167, completeness=99.23		SAMN06368679	Morinaga Milk Industry	feces	Japan	2017-02-22T09:07:13.606	99.23	0.16	Contig	current	PRJNA374900	18	483167	2273526	gcfgca:GCA_004334775.1	canonical	Bifidobacterium longum																					submitter_match	Morinaga Milk Industry		Bifidobacterium longum subsp. longum	GCF_004334775.1	Tier2	1_174	101.98224861541397	GCF_000196575.1	Tier1	113.00033383128236
GCF_004334785.1	Bifidobacterium longum subsp. longum	MCC10128	Tier2	Draft: contigs=57, N50=113879, completeness=99.15		SAMN06368678	Morinaga Milk Industry	feces	Japan	2017-02-22T09:07:13.570	99.15	0.27	Contig	current	PRJNA374900	57	113879	2509605	gcfgca:GCA_004334785.1	canonical	Bifidobacterium longum																					submitter_match	Morinaga Milk Industry		Bifidobacterium longum subsp. longum	GCF_004334785.1	Tier2	1_85	93.8082218319583	GCF_004333675.1	Tier2	102.30051708063426
GCF_004334795.1	Bifidobacterium longum subsp. longum	MCC10125	Tier2	Draft: contigs=43, N50=117852, completeness=98.45		SAMN06368675	Morinaga Milk Industry	feces	Japan	2017-02-22T09:07:13.446	98.45	0.16	Contig	current	PRJNA374900	43	117852	2447743	gcfgca:GCA_004334795.1	canonical	Bifidobacterium longum																					submitter_match	Morinaga Milk Industry		Bifidobacterium longum subsp. longum	GCF_004334795.1	Tier2	1_159	95.91516848498244	GCF_004334645.1	Tier2	96.37551307439306
GCF_004334815.1	Bifidobacterium longum subsp. longum	MCC10123	Tier2	Draft: contigs=49, N50=142768, completeness=99.34		SAMN06368673	Morinaga Milk Industry	feces	Japan	2017-02-22T09:07:13.360	99.34	0.31	Contig	current	PRJNA374900	49	142768	2506502	gcfgca:GCA_004334815.1	canonical	Bifidobacterium longum																					submitter_match	Morinaga Milk Industry		Bifidobacterium longum subsp. longum	GCF_004334815.1	Tier2	1_155	94.77751542094092	GCF_014898215.1	Tier1	107.26931033034845
GCF_004334855.1	Bifidobacterium longum subsp. longum	MCC10122	Tier2	Draft: contigs=49, N50=124788, completeness=98.91		SAMN06368672	Morinaga Milk Industry	feces	Japan	2017-02-22T09:07:13.313	98.91	0.27	Contig	current	PRJNA374900	49	124788	2460426	gcfgca:GCA_004334855.1	canonical	Bifidobacterium longum																					submitter_match	Morinaga Milk Industry		Bifidobacterium longum subsp. longum	GCF_004334855.1	Tier2	1_184	95.55858644502868	GCF_033658525.1	Tier2	102.43171825337345
GCF_004334865.1	Bifidobacterium longum subsp. longum	MCC10119	Tier2	Draft: contigs=45, N50=110734, completeness=98.76		SAMN06368669	Morinaga Milk Industry	feces	Japan	2017-02-22T09:07:13.180	98.76	0.37	Contig	current	PRJNA374900	45	110734	2486893	gcfgca:GCA_004334865.1	canonical	Bifidobacterium longum																					submitter_match	Morinaga Milk Industry		Bifidobacterium longum subsp. longum	GCF_004334865.1	Tier2	1_143	101.32214049402228	GCF_004334865.1	Tier2	101.32214049402228
GCF_004799295.1	Bifidobacterium bifidum	ICIS-202	Tier2	Draft: contigs=21, N50=357567, completeness=96.15		SAMN07709009	Institute for Cellular and Intracellular Symbiosis		Russia: Orenburg	2017-09-26T21:56:05.940	96.15	0.42	Contig	current	PRJNA412271	21	357567	2265060	gcfgca:GCA_004799295.1	canonical	Bifidobacterium bifidum																					literature	PMID 31799343	1.0	Bifidobacterium bifidum	GCF_004799295.1	Tier2	4_3	102.1936120365399	GCF_016070035.1	Tier2	102.27382722678256
GCF_004802595.1	Bifidobacterium breve	UBBR-01	Tier2	Draft: contigs=114, N50=120544, completeness=99.3		SAMN11381953	Unique Biotech Limited	fermented food	India:Hyderabad	2019-04-10T01:23:15.026	99.3	2.0	Contig	current	PRJNA493554	114	120544	2333831	gcfgca:GCA_004802595.1	canonical	Bifidobacterium breve																					isolation_source_match;literature;submitter_match	fermented food;PMID 40647242;Unique Biotech Limited		Bifidobacterium breve	GCF_004802595.1	Tier2	1_16	101.65047278266766	GCF_002914865.1	Tier2	101.87271183081792
GCF_004803425.1	Bifidobacterium longum subsp. infantis	UBBI-01	Tier2	Draft: contigs=91, N50=135994, completeness=99.17		SAMN11370925	Unique Biotech Limited	fermented food	India:Hyderabad	2019-04-09T07:55:05.340	99.17	1.87	Contig	current	PRJNA493554	91	135994	2731642	gcfgca:GCA_004803425.1	canonical	Bifidobacterium longum																					isolation_source_match;literature;submitter_match	fermented food;PMID 40647242;Unique Biotech Limited		Bifidobacterium longum subsp. infantis	GCF_004803425.1	Tier2	1_60	98.56675987394844	GCF_004803425.1	Tier2	98.56675987394844
GCF_004919065.2	Bifidobacterium longum subsp. infantis	Bi-26	Tier1	Closed genome: contigs=1, N50=2608123, len=2608223		SAMN10380491	DuPont Nutrition and Health	infant feces	USA	2018-11-05T14:51:04.340	98.05	1.83	Chromosome	current	PRJNA503890	1	2608123	2608223	gcfgca:GCA_004919065.2	canonical	Bifidobacterium longum																					literature;submitter_match	PMID 36896934;DuPont Nutrition and Health	8.0	Bifidobacterium longum subsp. infantis	GCF_004919065.2	Tier1	1_52	110.85807860205124	GCF_026967535.1	Tier1	111.19459418099356
GCF_004936435.1	Bifidobacterium longum	51A	Tier1	Closed genome: contigs=1, N50=2365873, len=2365873		SAMN08457432	UFMG	fecal sample	Brazil	2018-02-02T10:46:05.490	99.38	0.39	Complete Genome	current	PRJNA432691	1	2365873	2365873	gcfgca:GCA_004936435.1	canonical	Bifidobacterium longum																					literature	PMID 26322542	8.0	Bifidobacterium longum unspecified	GCF_004936435.1	Tier1	1_95	112.92779573707958	GCF_004936435.1	Tier1	112.92779573707958
GCF_005406285.1	Bifidobacterium longum	ZJ1	Tier1	Closed genome: contigs=1, N50=2414672, len=2414672		SAMN11513273	University of Science and Technology of China	centenarian fecal sample	China: Hefei, Anhui	2019-04-25T23:12:03.483	98.91	0.25	Complete Genome	current	PRJNA539831	1	2414672	2414672	gcfgca:GCA_005406285.1	canonical	Bifidobacterium longum																					literature	PMID 37628988	2.0	Bifidobacterium longum unspecified	GCF_005406285.1	Tier1	1_180	112.76267908142373	GCF_005406285.1	Tier1	112.76267908142373
GCF_006538245.1	Bifidobacterium animalis	J063	Tier2	Draft: contigs=16, N50=330915, completeness=98.97		SAMD00168440	Institute for Advanced Biosciences, Keio University		Japan	2019-04-17T01:00:35.500	98.97	0.27	Scaffold	current	PRJDB8215	16	330915	1917421	gcfgca:GCA_006538245.1	canonical	Bifidobacterium animalis																					literature	PMID 32328204	1.0	Bifidobacterium animalis unspecified	GCF_006538245.1	Tier2	3_1	101.58555737335148	GCF_011770105.1	Tier1	112.25343520812255
GCF_006538265.1	Bifidobacterium animalis	J218	Tier2	Draft: contigs=16, N50=1012700, completeness=98.97		SAMD00168441	Institute for Advanced Biosciences, Keio University		Japan	2019-04-17T01:00:35.530	98.97	0.27	Scaffold	current	PRJDB8215	16	1012700	1918142	gcfgca:GCA_006538265.1	canonical	Bifidobacterium animalis																					literature	PMID 32328204	1.0	Bifidobacterium animalis unspecified	GCF_006538265.1	Tier2	3_1	101.85450578596608	GCF_011770105.1	Tier1	112.25343520812255
GCF_006538285.1	Bifidobacterium animalis	J231	Tier2	Draft: contigs=15, N50=339940, completeness=98.5		SAMD00168442	Institute for Advanced Biosciences, Keio University		Japan	2019-04-17T01:00:35.563	98.5	0.27	Contig	current	PRJDB8215	15	339940	1910072	gcfgca:GCA_006538285.1	canonical	Bifidobacterium animalis																					literature	PMID 32328204	1.0	Bifidobacterium animalis unspecified	GCF_006538285.1	Tier2	3_1	101.5354887784226	GCF_011770105.1	Tier1	112.25343520812255
GCF_008041995.1	Bifidobacterium animalis	B06	Tier1	Closed genome: contigs=1, N50=1944145, len=1944145		SAMN12569105	Haerbin Meihua Biotechnology	feces of healthy Chinese centenarian	China: guangxi province	2019-08-14T02:31:03.610	98.97	0.27	Complete Genome	current	PRJNA560132	1	1944145	1944145	gcfgca:GCA_008041995.1	canonical	Bifidobacterium animalis																					literature;submitter_match	PMID 41990927;Haerbin Meihua Biotechnology	1.0	Bifidobacterium animalis unspecified	GCF_008041995.1	Tier1	3_1	111.95418567183106	GCF_011770105.1	Tier1	112.25343520812255
GCF_008086305.1	Bifidobacterium longum	BAMA-B05	Tier1	Closed genome: contigs=1, N50=2268110, len=2268110		SAMN12569298	Haerbin Meihua Biotechnology	feces of healthy centenarian	China: guangxi province	2019-08-14T03:13:03.736	99.16	0.31	Complete Genome	current	PRJNA560141	1	2268110	2268110	gcfgca:GCA_008086305.1	canonical	Bifidobacterium longum																					submitter_match	Haerbin Meihua Biotechnology		Bifidobacterium longum unspecified	GCF_008086305.1	Tier1	1_108	112.88401205460872	GCF_014334075.1	Tier1	112.89328377873572
GCF_008868405.1	Bifidobacterium breve	BIO6018	Tier2	Draft: contigs=18, N50=389497, completeness=99.31		SAMN12856546	Bioprox	intestine	missing	2019-09-26T10:24:03.503	99.31	0.27	Contig	current	PRJNA574342	18	389497	2261339	gcfgca:GCA_008868405.1	canonical	Bifidobacterium breve																					submitter_match	Bioprox		Bifidobacterium breve	GCF_008868405.1	Tier2	1_6	102.08513205049844	GCF_900637145.1	Tier1	112.46844406327646
GCF_008868415.1	Bifidobacterium bifidum	BIO5480	Tier2	Draft: contigs=34, N50=175720, completeness=95.8		SAMN12856545	Bioprox	intestine	missing	2019-09-26T10:24:03.486	95.8	2.59	Contig	current	PRJNA574342	34	175720	2228298	gcfgca:GCA_008868415.1	canonical	Bifidobacterium bifidum																					submitter_match	Bioprox		Bifidobacterium bifidum	GCF_008868415.1	Tier2	4_1	101.70311060378162	GCF_016069985.1	Tier2	101.8921089867421
GCF_008868445.1	Bifidobacterium longum subsp. infantis	BIO5478	Tier2	Draft: contigs=29, N50=212284, completeness=98.05		SAMN12856543	Bioprox	baby feces	missing	2019-09-26T10:24:03.450	98.05	1.83	Contig	current	PRJNA574342	29	212284	2573636	gcfgca:GCA_008868445.1	canonical	Bifidobacterium longum																					submitter_match	Bioprox		Bifidobacterium longum subsp. infantis	GCF_008868445.1	Tier2	1_52	100.26342112865628	GCF_026967535.1	Tier1	111.19459418099356
GCF_008868455.1	Bifidobacterium animalis subsp. lactis	BIO5764	Tier2	Draft: contigs=13, N50=1021750, completeness=98.97		SAMN12856544	Bioprox	breast milk	missing	2019-09-26T10:24:03.470	98.97	0.27	Contig	current	PRJNA574342	13	1021750	1920179	gcfgca:GCA_008868455.1	canonical	Bifidobacterium animalis																					literature;submitter_match	PMID 36266398;Bioprox	4.0	Bifidobacterium animalis subsp. lactis	GCF_008868455.1	Tier2	3_1	101.79451951161634	GCF_011770105.1	Tier1	112.25343520812255
GCF_009371875.1	Bifidobacterium tibiigranuli	TMW 2.1764	Tier2	Draft: contigs=27, N50=223814, completeness=95.99		SAMN08971054	Technische Universitaet Muenchen	Water Kefir	Germany	2018-04-23T09:51:02.890	95.99	2.71	Contig	current	PRJNA401313	27	223814	2738945	gcfgca:GCA_009371875.1	canonical	Bifidobacterium tibiigranuli																					isolation_source_match	Water Kefir		Bifidobacterium tibiigranuli	GCF_009371875.1	Tier2	11_1	92.6649436245023	GCF_009371885.1	Tier2	92.78494265428718
GCF_009371885.1	Bifidobacterium tibiigranuli	TMW 2.2057	Tier2	Draft: contigs=32, N50=223813, completeness=95.99		SAMN08970487	Technische Universitaet Muenchen	Water Kefir	Germany	2018-04-23T09:00:08.540	95.99	2.71	Contig	current	PRJNA401313	32	223813	2753210	gcfgca:GCA_009371885.1	canonical	Bifidobacterium tibiigranuli		type strain of Bifidobacterium tibiigranuli																			isolation_source_match	Water Kefir		Bifidobacterium tibiigranuli	GCF_009371885.1	Tier2	11_1	92.78494265428718	GCF_009371885.1	Tier2	92.78494265428718
GCF_009429085.1	Bifidobacterium breve	IDCC4401	Tier1	Closed genome: contigs=1, N50=2452239, len=2452339		SAMN13091495	Research Laboratories, Ildong Pharmaceutical	Infant feces	South Korea: Hwaseong	2019-10-23T07:24:04.636	97.74	0.42	Chromosome	current	PRJNA579060	1	2452239	2452339	gcfgca:GCA_009429085.1	canonical	Bifidobacterium breve																					literature;submitter_match	PMID 41309379;Research Laboratories, Ildong Pharmaceutical	3.0	Bifidobacterium breve	GCF_009429085.1	Tier1	1_9	110.82469023583435	GCF_000220135.1	Tier1	112.8120483689713
GCF_009684555.1	Bifidobacterium catenulatum subsp. kashiwanohense	APCKJ1	Tier1	Closed genome: contigs=1, N50=2445409, len=2445409		SAMN08498918	University College Cork	infant faeces	Ireland	2018-02-08T12:13:09.053	98.09		Complete Genome	current	PRJNA433514	1	2445409	2445409	gcfgca:GCA_009684555.1	canonical	Bifidobacterium catenulatum																					literature	PMID 31659215	1.0	Bifidobacterium catenulatum subsp. kashiwanohense	GCF_009684555.1	Tier1	2_61	110.47417575311798	GCF_009684555.1	Tier1	110.47417575311798
GCF_009728915.1	Bifidobacterium longum	LTBL16	Tier1	Closed genome: contigs=1, N50=2430682, len=2430682		SAMN10473362	GuangXi University		China: GuangXi	2018-11-23T22:17:06.223	99.33	0.34	Complete Genome	current	PRJNA506747	1	2430682	2430682	gcfgca:GCA_009728915.1	canonical	Bifidobacterium longum																					literature	PMID 31226482	1.0	Bifidobacterium longum unspecified	GCF_009728915.1	Tier1	1_94	112.63646408332546	GCF_000166315.1	Tier1	112.81122450134592
GCF_009832825.1	Bifidobacterium adolescentis	ZJ2	Tier1	Closed genome: contigs=1, N50=2401766, len=2401766		SAMN12769615	University of Science and Technology of China		China	2019-09-16T21:38:03.813	95.43	3.73	Complete Genome	current	PRJNA565810	1	2401766	2401766	gcfgca:GCA_009832825.1	canonical	Bifidobacterium adolescentis																					literature	PMID 32675191	1.0	Bifidobacterium adolescentis	GCF_009832825.1	Tier1	5_4	109.3002653462755	GCF_009832825.1	Tier1	109.3002653462755
GCF_009834975.1	Bifidobacterium animalis subsp. lactis	MN-Gup	Tier2	Draft: contigs=26, N50=181349, completeness=98.93		SAMN13530334	Mengniu Hi-tech Dairy Product Beijing Co., Ltd.	gut of healthy centenarian	China: Bama, Guangxi	2019-12-11T00:10:04.113	98.93	0.27	Contig	current	PRJNA594794	26	181349	1917013	gcfgca:GCA_009834975.1	canonical	Bifidobacterium animalis																					literature;submitter_match	PMID 42294137;Mengniu Hi-tech Dairy Product Beijing Co., Ltd.	2.0	Bifidobacterium animalis subsp. lactis	GCF_009834975.1	Tier2	3_1	101.41908567138113	GCF_011770105.1	Tier1	112.25343520812255
GCF_010667645.1	Bifidobacterium platyrrhinorum	SMA15	Tier2	Draft: contigs=36, N50=159959, completeness=98.65		SAMN13066448	University of Bologna	feces	Italy:Verona	2019-10-21T04:23:04.296	98.65	0.41	Scaffold	current	PRJNA578600	36	159959	2615073	gcfgca:GCA_010667645.1	canonical	Bifidobacterium platyrrhinorum		type strain of Bifidobacterium platyrrhinorum																			literature	PMID 32847786	1.0	Bifidobacterium platyrrhinorum	GCF_010667645.1	Tier2	19_0	98.10130385685169	GCF_010667645.1	Tier2	98.10130385685169
GCF_011029205.1	Bifidobacterium bifidum	VA07-1AN	Tier2	Draft: contigs=16, N50=212216, completeness=96.64		SAMN14087237	RCEID, Khon Kaen University	vagina	Thailand: Khon Kean	2020-02-12T08:21:05.564	96.64	0.24	Contig	current	PRJNA604908	16	212216	2161794	gcfgca:GCA_011029205.1	canonical	Bifidobacterium bifidum																					literature	PMID 32276519	1.0	Bifidobacterium bifidum	GCF_011029205.1	Tier2	4_8	101.66481048923576	GCF_001025135.1	Tier1	112.36685533953278
GCF_011764605.1	Bifidobacterium longum	Jih1	Tier1	Closed genome: contigs=1, N50=2371107, len=2371107		SAMN14390487	Keio University	human feces	Japan: Tsuruoka, Yamagata	2020-03-17T11:12:04.100	99.38	0.25	Complete Genome	current	PRJNA613014	1	2371107	2371107	gcfgca:GCA_011764605.1	canonical	Bifidobacterium longum																					literature	PMID 32467270	1.0	Bifidobacterium longum unspecified	GCF_011764605.1	Tier1	1_126	111.58747557632717	GCF_011764605.1	Tier1	111.58747557632717
GCF_011770105.1	Bifidobacterium animalis	Probio-M8	Tier1	Closed genome: contigs=1, N50=1937197, len=1937197		SAMN13663592	Inner Mongolia Agricultural University		missing	2019-12-20T22:56:03.927	98.97	0.27	Complete Genome	current	PRJNA597109	1	1937197	1937197	gcfgca:GCA_011770105.1	canonical	Bifidobacterium animalis																					literature	PMID 35086715	26.0	Bifidobacterium animalis unspecified	GCF_011770105.1	Tier1	3_1	112.25343520812255	GCF_011770105.1	Tier1	112.25343520812255
GCF_013204895.1	Bifidobacterium longum subsp. infantis	BI-G201	Tier2	Draft: contigs=67, N50=108808, completeness=98.05		SAMN14908987	Research and Development Center	feces	China: Qinghai	2020-05-13T02:24:06.130	98.05	2.3	Contig	current	PRJNA632428	67	108808	2568669	gcfgca:GCA_013204895.1	canonical	Bifidobacterium longum																					literature;submitter_match	PMID 33214292;Research and Development Center	1.0	Bifidobacterium longum subsp. infantis	GCF_013204895.1	Tier2	1_52	100.11823039720905	GCF_026967535.1	Tier1	111.19459418099356
GCF_013249115.1	Bifidobacterium adolescentis	BIO5485	Tier2	Draft: contigs=11, N50=381534, completeness=99.81		SAMN14848232	Bioprox	intestine	missing	2020-05-07T11:06:03.780	99.81	1.23	Contig	current	PRJNA574342	11	381534	2063860	gcfgca:GCA_013249115.1	canonical	Bifidobacterium adolescentis																					submitter_match	Bioprox		Bifidobacterium adolescentis	GCF_013249115.1	Tier2	5_16	101.68068328562757	GCF_000010425.1	Tier1	112.04993624940136
GCF_013249165.1	Bifidobacterium longum subsp. longum	BIO6283	Tier2	Draft: contigs=16, N50=501317, completeness=99.38		SAMN14848233	Bioprox	intestine	missing	2020-05-07T11:06:03.800	99.38	0.31	Contig	current	PRJNA574342	16	501317	2251436	gcfgca:GCA_013249165.1	canonical	Bifidobacterium longum																					submitter_match	Bioprox		Bifidobacterium longum subsp. longum	GCF_013249165.1	Tier2	1_108	102.576266218941	GCF_014334075.1	Tier1	112.89328377873572
GCF_013267755.1	Bifidobacterium breve	JTL	Tier1	Closed genome: contigs=1, N50=2289549, len=2289549		SAMN15028705	KHEPRIOME	infant feces	South Korea	2020-05-26T23:18:03.223	99.61	0.3	Complete Genome	current	PRJNA635210	1	2289549	2289549	gcfgca:GCA_013267755.1	canonical	Bifidobacterium breve																					submitter_match	KHEPRIOME		Bifidobacterium breve	GCF_013267755.1	Tier1	1_22	112.8671749802116	GCF_013267755.1	Tier1	112.8671749802116
GCF_013393765.1	Bifidobacterium longum subsp. longum	YS108R	Tier1	Closed genome: contigs=1, N50=2520995, len=2520995		SAMN09355369	Jiangnan University		China	2018-06-05T03:49:12.626	97.36	0.34	Complete Genome	current	PRJNA474590	1	2520995	2520995	gcfgca:GCA_013393765.1	canonical	Bifidobacterium longum																					literature	PMID 30806428	2.0	Bifidobacterium longum subsp. longum	GCF_013393765.1	Tier1	1_107	111.5616859722292	GCF_040711965.1	Tier1	112.99002914147052
GCF_014334075.1	Bifidobacterium longum	BIM B-813D	Tier1	Closed genome: contigs=1, N50=2305513, len=2305513	BIM<BLR>: B-813D	SAMN15862323	Institute of Microbiology, Belarus National Academy of Sciences	missing	missing	2020-08-20T04:22:04.446	98.68	0.16	Complete Genome	current	PRJNA658229	1	2305513	2305513	gcfgca:GCA_014334075.1	canonical	Bifidobacterium longum																					literature	PMID 42214519;PMID 42214519	1.0	Bifidobacterium longum unspecified	GCF_014334075.1	Tier1	1_108	112.89328377873572	GCF_014334075.1	Tier1	112.89328377873572
GCF_014334375.1	Bifidobacterium longum	LC67	Tier1	Closed genome: contigs=1, N50=2360935, len=2360935		SAMN15719936	Kyung Hee University		South Korea: Seoul	2020-08-04T06:18:05.450	99.85	0.16	Complete Genome	current	PRJNA650278	1	2360935	2360935	gcfgca:GCA_014334375.1	canonical	Bifidobacterium longum																					literature	PMID 37485519	1.0	Bifidobacterium longum unspecified	GCF_014334375.1	Tier1	1_169	111.90654201523994	GCF_014334375.1	Tier1	111.90654201523994
GCF_014524935.1	Bifidobacterium adolescentis	HD17T2H	Tier2	Draft: contigs=12, N50=441467, completeness=97.08		SAMN14738162	University of Parma	feces	Spain	2020-04-27T12:00:11.227	97.08	2.08	Contig	current	PRJNA628660	12	441467	2163875	gcfgca:GCA_014524935.1	canonical	Bifidobacterium adolescentis																					literature	PMID 40647242	1.0	Bifidobacterium adolescentis	GCF_014524935.1	Tier2	5_7	100.63244912263907	GCF_014524935.1	Tier2	100.63244912263907
GCF_014779835.1	Bifidobacterium longum subsp. longum	815	Tier2	Draft: contigs=63, N50=106093, completeness=99.44		SAMN12139133	CSIR-Institute of Microbial Technology	feces from healthy newborn	India	2019-06-26T06:11:03.343	99.44	0.22	Contig	current	PRJNA551112	63	106093	2246954	gcfgca:GCA_014779835.1	canonical	Bifidobacterium longum																					literature	PMID 34553262	1.0	Bifidobacterium longum subsp. longum	GCF_014779835.1	Tier2	1_131	101.05344335497244	GCF_000219455.1	Tier1	112.73937158501536
GCF_014898215.1	Bifidobacterium longum subsp. longum	JCM 7050	Tier1	Closed genome: contigs=1, N50=2389025, len=2389025	JCM:7050	SAMN16365389	Korea University	feces	Japan	2020-10-05T03:06:04.610	98.76	0.58	Complete Genome	current	PRJNA666154	1	2389025	2389025	gcfgca:GCA_014898215.1	canonical	Bifidobacterium longum																					literature	PMID 35319259;PMID 35319259	1.0	Bifidobacterium longum subsp. longum	GCF_014898215.1	Tier1	1_155	107.26931033034845	GCF_014898215.1	Tier1	107.26931033034845
GCF_015100215.1	Bifidobacterium longum subsp. longum	JCM 7052	Tier1	Closed genome: contigs=1, N50=2273627, len=2273627		SAMD00200813	Kagoshima university		not applicable	2020-10-21T01:00:39.486	98.97	0.16	Complete Genome	current	PRJDB9197	1	2273627	2273627	gcfgca:GCA_015100215.1	canonical	Bifidobacterium longum																					literature	PMID 29734011	2.0	Bifidobacterium longum subsp. longum	GCF_015100215.1	Tier1	1_112	112.74649961029236	GCA_045689215.1	Tier1	112.74650916078
GCF_015101725.1	Bifidobacterium longum subsp. longum	JCM 11340	Tier1	Closed genome: contigs=1, N50=2467500, len=2467500	JCM:11340	SAMN16378287	Korea University	infant feces	Japan	2020-10-06T04:28:15.980	98.91	0.7	Complete Genome	current	PRJNA667574	1	2467500	2467500	gcfgca:GCA_015101725.1	canonical	Bifidobacterium longum																					literature	PMID 29734011;PMID 29734011	1.0	Bifidobacterium longum subsp. longum	GCF_015101725.1	Tier1	1_176	106.58612858067085	GCF_015101725.1	Tier1	106.58612858067085
GCF_015102215.1	Bifidobacterium longum subsp. infantis	JCM 11347	Tier1	Closed genome: contigs=1, N50=2821460, len=2821460	JCM:11347	SAMN16365393	Korea University	Infant feces	Japan	2020-10-05T03:15:05.796	98.44	1.96	Complete Genome	current	PRJNA666146	1	2821460	2821460	gcfgca:GCA_015102215.1	canonical	Bifidobacterium longum																					literature	PMID 28667113;PMID 28667113	1.0	Bifidobacterium longum subsp. infantis	GCF_015102215.1	Tier1	1_48	102.99523694881596	GCF_015102215.1	Tier1	102.99523694881596
GCF_015377505.1	Bifidobacterium animalis	TK-J6A	Tier1	Closed genome: contigs=1, N50=1944283, len=1944283		SAMN13106276	Zhejiang Tianke High Technology Development Co.Ltd.	probitic products	China:Zhejiang province	2019-10-23T22:06:04.400	98.97	0.27	Complete Genome	current	PRJNA579198	1	1944283	1944283	gcfgca:GCA_015377505.1	canonical	Bifidobacterium animalis																					isolation_source_match;literature;submitter_match	probitic products;PMID 33761872;Zhejiang Tianke High Technology Development Co.Ltd.		Bifidobacterium animalis unspecified	GCF_015377505.1	Tier1	3_1	111.95421456828196	GCF_011770105.1	Tier1	112.25343520812255
GCF_016069975.1	Bifidobacterium adolescentis	VKPM Ac-1245	Tier2	Draft: contigs=12, N50=1127661, completeness=97.38	VKPM:Ac-1245	SAMN15880059	Kurchatov Center for Genome Research	feces	Russia: Moscow	2020-08-22T08:14:17.943	97.38	3.45	Contig	current	PRJNA656137	12	1127661	2218534	gcfgca:GCA_016069975.1	canonical	Bifidobacterium adolescentis																					literature	PMID 33490330;PMID 33490330	1.0	Bifidobacterium adolescentis	GCF_016069975.1	Tier2	5_14	98.07608928033925	GCF_016069975.1	Tier2	98.07608928033925
GCF_016069985.1	Bifidobacterium bifidum	VKPM Ac-1579	Tier2	Draft: contigs=41, N50=348994, completeness=95.29	VKPM:Ac-1579	SAMN15880060	Kurchatov Center for Genome Research	feces	Russia: Moscow	2020-08-22T08:14:17.970	95.29	2.07	Contig	current	PRJNA656137	41	348994	2231702	gcfgca:GCA_016069985.1	canonical	Bifidobacterium bifidum																					literature	PMID 33490330;PMID 33490330	1.0	Bifidobacterium bifidum	GCF_016069985.1	Tier2	4_1	101.8921089867421	GCF_016069985.1	Tier2	101.8921089867421
GCF_016069995.1	Bifidobacterium longum subsp. longum	VKPM Ac-1635	Tier2	Draft: contigs=19, N50=209044, completeness=99.38	VKPM:Ac-1635	SAMN15880061	Kurchatov Center for Genome Research	feces	Russia: Moscow	2020-08-22T08:14:17.990	99.38	0.39	Contig	current	PRJNA656137	19	209044	2240429	gcfgca:GCA_016069995.1	canonical	Bifidobacterium longum																					literature	PMID 33490330;PMID 33490330	1.0	Bifidobacterium longum subsp. longum	GCF_016069995.1	Tier2	1_95	101.96091887653162	GCF_004936435.1	Tier1	112.92779573707958
GCF_016070035.1	Bifidobacterium bifidum	VKPM Ac-1784	Tier2	Draft: contigs=15, N50=517354, completeness=96.03	VKPM:Ac-1784	SAMN15880062	Kurchatov Center for Genome Research	feces	Russia: Moscow	2020-08-22T08:14:18.010	96.03	0.42	Contig	current	PRJNA656137	15	517354	2267064	gcfgca:GCA_016070035.1	canonical	Bifidobacterium bifidum																					literature	PMID 33490330;PMID 33490330	1.0	Bifidobacterium bifidum	GCF_016070035.1	Tier2	4_3	102.27382722678256	GCF_016070035.1	Tier2	102.27382722678256
GCF_016307165.1	Bifidobacterium bifidum	UBBB-55	Tier2	Draft: contigs=7, N50=563380, completeness=96.82		SAMN16793263	Unique Biotech Limited	Healthy infant fecal sample	India: Unique Biotech Limited, Hyderabad	2020-11-13T12:36:05.233	96.82	0.24	Scaffold	current	PRJNA493554	7	563380	2199865	gcfgca:GCA_016307165.1	canonical	Bifidobacterium bifidum																					literature;submitter_match	PMID 33694215;Unique Biotech Limited	2.0	Bifidobacterium bifidum	GCF_016307165.1	Tier2	4_8	102.29068317857627	GCF_001025135.1	Tier1	112.36685533953278
GCF_016634435.1	Bifidobacterium longum subsp. longum	CECT7894	Tier2	Draft: contigs=31, N50=199561, completeness=98.91		SAMN13264073	University of Massachusetts Amherst	infant feces	Spain: Valencia	2019-11-12T11:42:03.400	98.91	0.57	Contig	current	PRJNA589035	31	199561	2286958	gcfgca:GCA_016634435.1	canonical	Bifidobacterium longum																					literature	PMID 35979230	4.0	Bifidobacterium longum subsp. longum	GCF_016634435.1	Tier2	1_89	102.47983786217772	GCF_024349265.1	Tier2	102.53003868774488
GCF_016648895.1	Bifidobacterium longum subsp. longum	39B	Tier2	Draft: contigs=25, N50=191322, completeness=99.38		SAMN16287680	University of Parma		Italy	2020-09-29T05:42:06.200	99.38	0.25	Contig	current	PRJNA666301	25	191322	2287000	gcfgca:GCA_016648895.1	canonical	Bifidobacterium longum																					literature	PMID 33483308	2.0	Bifidobacterium longum subsp. longum	GCF_016648895.1	Tier2	1_105	102.4506491436302	GCF_016648895.1	Tier2	102.4506491436302
GCF_016648955.1	Bifidobacterium breve	PRL2020	Tier2	Draft: contigs=6, N50=729119, completeness=97.92		SAMN16287677	University of Parma		Italy	2020-09-29T05:42:06.137	97.92	0.96	Contig	current	PRJNA666301	6	729119	2426298	gcfgca:GCA_016648955.1	canonical	Bifidobacterium breve																					literature	PMID 33483308	1.0	Bifidobacterium breve	GCF_016648955.1	Tier2	1_41	101.98126587220764	GCF_001281425.1	Tier1	112.24187437360372
GCF_016648985.1	Bifidobacterium breve	M1D	Tier2	Draft: contigs=7, N50=597006, completeness=98.4		SAMN16287678	University of Parma		Italy	2020-09-29T05:42:06.167	98.4	0.96	Contig	current	PRJNA666301	7	597006	2421612	gcfgca:GCA_016648985.1	canonical	Bifidobacterium breve																					literature	PMID 33483308	1.0	Bifidobacterium breve	GCF_016648985.1	Tier2	1_41	101.93772269662551	GCF_001281425.1	Tier1	112.24187437360372
GCF_016838685.1	Bifidobacterium longum	HN001	Tier1	Closed genome: contigs=1, N50=2433093, len=2433093		SAMN17735675	Korea Research Institute of Bioscience and Biotechnology	human feces	South Korea: Jeongup	2021-02-02T02:54:13.320	99.15	0.16	Complete Genome	current	PRJNA698753	1	2433093	2433093	gcfgca:GCA_016838685.1	canonical	Bifidobacterium longum																					literature	PMID 32582075	2.0	Bifidobacterium longum unspecified	GCF_016838685.1	Tier1	1_115	112.0730793546329	GCF_016838685.1	Tier1	112.0730793546329
GCF_017132775.1	Bifidobacterium longum subsp. longum	KCTC 3128	Tier1	Closed genome: contigs=1, N50=2403825, len=2403825	KCTC:3128	SAMN18035029	Korea University	intestine of adult	Missing	2021-02-23T02:22:15.980	98.91	0.58	Complete Genome	current	PRJNA704186	1	2403825	2403825	gcfgca:GCA_017132775.1	canonical	Bifidobacterium longum		type strain of Bifidobacterium longum																			literature	PMID 42510758;PMID 42510758	1.0	Bifidobacterium longum subsp. longum	GCF_017132775.1	Tier1	1_136	110.07037998335828	GCF_000196555.1	Tier1	111.58870197055336
GCF_017291355.1	Bifidobacterium longum subsp. longum	BL-G301	Tier2	Draft: contigs=37, N50=229936, completeness=98.29		SAMN18090926	Research and Development Center	feces from healthy juvenile	China: Sichuan	2021-02-28T21:43:04.516	98.29	0.39	Contig	current	PRJNA705509	37	229936	2397219	gcfgca:GCA_017291355.1	canonical	Bifidobacterium longum																					submitter_match	Research and Development Center		Bifidobacterium longum subsp. longum	GCF_017291355.1	Tier2	1_179	102.19067013718454	GCF_055383495.1	Tier1	112.7017871831216
GCF_017299595.1	Bifidobacterium longum subsp. infantis	JCM 7009	Tier1	Closed genome: contigs=1, N50=2673222, len=2673222		SAMN18034992	Korea University	Infant feces	Japan	2021-02-23T02:02:11.210	98.64	2.05	Complete Genome	current	PRJNA688845	1	2673222	2673222	gcfgca:GCA_017299595.1	canonical	Bifidobacterium longum																					literature	PMID 23200660	1.0	Bifidobacterium longum subsp. infantis	GCF_017299595.1	Tier1	1_46	107.15341749671092	GCF_017299595.1	Tier1	107.15341749671092
GCF_017312505.1	Bifidobacterium longum subsp. longum	MCC00055	Tier2	Draft: contigs=32, N50=206828, completeness=99.34		SAMD00248946	MORINAGA MILK INDUSTRY CO.,LTD.		Japan:Kanagawa	2021-02-26T01:00:36.956	99.34	0.16	Contig	current	PRJDB10586	32	206828	2359453	gcfgca:GCA_017312505.1	canonical	Bifidobacterium longum																					submitter_match	MORINAGA MILK INDUSTRY CO.,LTD.		Bifidobacterium longum subsp. longum	GCF_017312505.1	Tier2	1_137	95.28800464932112	GCF_054130475.1	Tier1	113.0493455033485
GCF_017312525.1	Bifidobacterium longum subsp. longum	MCC00198	Tier2	Draft: contigs=33, N50=196098, completeness=99.53		SAMD00248947	MORINAGA MILK INDUSTRY CO.,LTD.		Japan:Kanagawa	2021-02-26T01:00:36.976	99.53	0.16	Scaffold	current	PRJDB10586	33	196098	2376223	gcfgca:GCA_017312525.1	canonical	Bifidobacterium longum																					submitter_match	MORINAGA MILK INDUSTRY CO.,LTD.		Bifidobacterium longum subsp. longum	GCF_017312525.1	Tier2	1_167	94.84623658216437	GCF_017312525.1	Tier2	94.84623658216437
GCF_017312545.1	Bifidobacterium longum subsp. longum	MCC00215	Tier2	Draft: contigs=46, N50=191908, completeness=98.68		SAMD00248948	MORINAGA MILK INDUSTRY CO.,LTD.		Japan:Kanagawa	2021-02-26T01:00:36.993	98.68	0.25	Contig	current	PRJDB10586	46	191908	2273332	gcfgca:GCA_017312545.1	canonical	Bifidobacterium longum																					submitter_match	MORINAGA MILK INDUSTRY CO.,LTD.		Bifidobacterium longum subsp. longum	GCF_017312545.1	Tier2	1_156	102.36164656582628	GCF_017312545.1	Tier2	102.36164656582628
GCF_017312565.1	Bifidobacterium longum subsp. longum	MCC00231	Tier2	Draft: contigs=26, N50=195315, completeness=99.38		SAMD00248949	MORINAGA MILK INDUSTRY CO.,LTD.		Japan:Kanagawa	2021-02-26T01:00:37.010	99.38	0.25	Contig	current	PRJDB10586	26	195315	2260497	gcfgca:GCA_017312565.1	canonical	Bifidobacterium longum																					submitter_match	MORINAGA MILK INDUSTRY CO.,LTD.		Bifidobacterium longum subsp. longum	GCF_017312565.1	Tier2	1_92	97.51666778581829	GCF_004334555.1	Tier2	102.17212052468632
GCF_017312585.1	Bifidobacterium longum subsp. longum	MCC00256	Tier2	Draft: contigs=19, N50=194057, completeness=99.29		SAMD00248950	MORINAGA MILK INDUSTRY CO.,LTD.		Japan:Kanagawa	2021-02-26T01:00:37.023	99.29	0.46	Contig	current	PRJDB10586	19	194057	2303257	gcfgca:GCA_017312585.1	canonical	Bifidobacterium longum																					submitter_match	MORINAGA MILK INDUSTRY CO.,LTD.		Bifidobacterium longum subsp. longum	GCF_017312585.1	Tier2	1_100	96.5348646366558	GCF_001446275.1	Tier1	111.63619127271538
GCF_017312605.1	Bifidobacterium longum subsp. longum	MCC00300	Tier2	Draft: contigs=36, N50=196638, completeness=99.48		SAMD00248951	MORINAGA MILK INDUSTRY CO.,LTD.		Japan:Kanagawa	2021-02-26T01:00:37.040	99.48	0.16	Contig	current	PRJDB10586	36	196638	2386319	gcfgca:GCA_017312605.1	canonical	Bifidobacterium longum																					submitter_match	MORINAGA MILK INDUSTRY CO.,LTD.		Bifidobacterium longum subsp. longum	GCF_017312605.1	Tier2	1_211	102.3775837091631	GCF_017312605.1	Tier2	102.3775837091631
GCF_017312625.1	Bifidobacterium longum subsp. longum	MCC00316	Tier2	Draft: contigs=42, N50=199840, completeness=99.38		SAMD00248952	MORINAGA MILK INDUSTRY CO.,LTD.		Japan:Kanagawa	2021-02-26T01:00:37.053	99.38	0.25	Contig	current	PRJDB10586	42	199840	2382226	gcfgca:GCA_017312625.1	canonical	Bifidobacterium longum																					submitter_match	MORINAGA MILK INDUSTRY CO.,LTD.		Bifidobacterium longum subsp. longum	GCF_017312625.1	Tier2	1_118	102.41124119058324	GCF_017312625.1	Tier2	102.41124119058324
GCF_017312645.1	Bifidobacterium longum subsp. longum	MCC00325	Tier2	Draft: contigs=33, N50=196066, completeness=99.38		SAMD00248953	MORINAGA MILK INDUSTRY CO.,LTD.		Japan:Kanagawa	2021-02-26T01:00:37.070	99.38	0.19	Contig	current	PRJDB10586	33	196066	2379733	gcfgca:GCA_017312645.1	canonical	Bifidobacterium longum																					submitter_match	MORINAGA MILK INDUSTRY CO.,LTD.		Bifidobacterium longum subsp. longum	GCF_017312645.1	Tier2	1_108	95.23724116556062	GCF_014334075.1	Tier1	112.89328377873572
GCF_017312665.1	Bifidobacterium longum subsp. longum	MCC00328	Tier2	Draft: contigs=42, N50=129110, completeness=99.38		SAMD00248954	MORINAGA MILK INDUSTRY CO.,LTD.		Japan:Kanagawa	2021-02-26T01:00:37.083	99.38	0.16	Contig	current	PRJDB10586	42	129110	2379295	gcfgca:GCA_017312665.1	canonical	Bifidobacterium longum																					submitter_match	MORINAGA MILK INDUSTRY CO.,LTD.		Bifidobacterium longum subsp. longum	GCF_017312665.1	Tier2	1_165	95.1461799470474	GCF_000003135.1	Tier2	100.89556397112744
GCF_017312685.1	Bifidobacterium longum subsp. longum	MCC00353	Tier2	Draft: contigs=55, N50=118028, completeness=99.85		SAMD00248955	MORINAGA MILK INDUSTRY CO.,LTD.		Japan:Kanagawa	2021-02-26T01:00:37.100	99.85	0.16	Contig	current	PRJDB10586	55	118028	2388394	gcfgca:GCA_017312685.1	canonical	Bifidobacterium longum																					submitter_match	MORINAGA MILK INDUSTRY CO.,LTD.		Bifidobacterium longum subsp. longum	GCF_017312685.1	Tier2	1_166	95.92709253726076	GCF_004332925.1	Tier2	100.6656609296832
GCF_017357365.1	Bifidobacterium longum subsp. infantis	JCM 7011	Tier1	Closed genome: contigs=1, N50=2685568, len=2685668		SAMN18034730	Korea University	Infant feces	Japan	2021-02-23T01:15:21.500	98.64	2.05	Chromosome	current	PRJNA688847	1	2685568	2685668	gcfgca:GCA_017357365.1	canonical	Bifidobacterium longum																					literature	PMID 23200660	1.0	Bifidobacterium longum subsp. infantis	GCF_017357365.1	Tier1	1_46	106.54442614567374	GCF_017299595.1	Tier1	107.15341749671092
GCF_017743155.1	Bifidobacterium longum	K5	Tier1	Closed genome: contigs=1, N50=2427458, len=2427458		SAMN18520740	Northeast Agricultural University	Feces of healthy 3-month-old male infants	China:Harbin	2021-03-28T05:21:03.946	99.85	0.48	Complete Genome	current	PRJNA718007	1	2427458	2427458	gcfgca:GCA_017743155.1	canonical	Bifidobacterium longum																					literature	PMID 34795651	3.0	Bifidobacterium longum unspecified	GCF_017743155.1	Tier1	1_158	112.84247584563614	GCF_017743155.1	Tier1	112.84247584563614
GCF_017743175.1	Bifidobacterium longum	K15	Tier1	Closed genome: contigs=1, N50=2421525, len=2421525		SAMN18520777	Northeast Agricultural University	Feces of healthy 3-month-old male infants	China:Harbin	2021-03-28T05:35:04.950	99.85	0.48	Complete Genome	current	PRJNA718010	1	2421525	2421525	gcfgca:GCA_017743175.1	canonical	Bifidobacterium longum																					literature	PMID 34795651	1.0	Bifidobacterium longum unspecified	GCF_017743175.1	Tier1	1_158	112.84194446195282	GCF_017743155.1	Tier1	112.84247584563614
GCF_017743195.1	Bifidobacterium dentium	N8	Tier1	Closed genome: contigs=1, N50=2535489, len=2535489		SAMN18520778	Northeast Agricultural University	Feces of healthy 12 day male infants	China:Harbin	2021-03-28T05:42:05.726	88.6	1.44	Complete Genome	current	PRJNA718011	1	2535489	2535489	gcfgca:GCA_017743195.1	canonical	Bifidobacterium dentium																					literature	PMID 34269367	1.0	Bifidobacterium dentium	GCF_017743195.1	Tier1	6_3	110.54203086536944	GCF_017743195.1	Tier1	110.54203086536944
GCF_017814645.1	Bifidobacterium bifidum	BB-G90	Tier2	Draft: contigs=20, N50=283252, completeness=96.91		SAMN18436315	Research and Development Center, Biogrowing Co., Ltd.	feces	China: Neimenggu	2021-03-23T02:44:09.620	96.91	0.24	Contig	current	PRJNA716462	20	283252	2204253	gcfgca:GCA_017814645.1	canonical	Bifidobacterium bifidum																					submitter_match	Research and Development Center, Biogrowing Co., Ltd.		Bifidobacterium bifidum	GCF_017814645.1	Tier2	4_8	101.8206722109447	GCF_001025135.1	Tier1	112.36685533953278
GCF_017815835.1	Bifidobacterium adolescentis	PRL2019	Tier1	Closed genome: contigs=1, N50=2212477, len=2212477		SAMN14752293	University of Parma		Italy	2020-04-28T05:43:09.266	96.51	0.62	Complete Genome	current	PRJNA628852	1	2212477	2212477	gcfgca:GCA_017815835.1	canonical	Bifidobacterium adolescentis																					literature	PMID 40647242	2.0	Bifidobacterium adolescentis	GCF_017815835.1	Tier1	5_18	112.48233936572942	GCF_017815835.1	Tier1	112.48233936572942
GCF_017894325.1	Bifidobacterium bifidum	CNCM I-4319	Tier1	Closed genome: contigs=1, N50=2193720, len=2193720		SAMN15324980	University College Cork		France	2020-06-19T07:23:10.260	96.81	0.95	Complete Genome	current	PRJNA640518	1	2193720	2193720	gcfgca:GCA_017894325.1	canonical	Bifidobacterium bifidum																					literature	PMID 32872165	1.0	Bifidobacterium bifidum	GCF_017894325.1	Tier1	4_6	112.26194062228832	GCF_017894325.1	Tier1	112.26194062228832
GCF_017963615.1	Bifidobacterium animalis subsp. lactis	BL-G101	Tier2	Draft: contigs=31, N50=143903, completeness=98.91		SAMN18593862	Research and Development Center, Biogrowing Co., Ltd.	feces	China:Tibet	2021-04-02T05:04:06.040	98.91	0.27	Contig	current	PRJNA719271	31	143903	1917453	gcfgca:GCA_017963615.1	canonical	Bifidobacterium animalis																					literature;submitter_match	PMID 38045645;Research and Development Center, Biogrowing Co., Ltd.	1.0	Bifidobacterium animalis subsp. lactis	GCF_017963615.1	Tier2	3_1	101.31877761406284	GCF_011770105.1	Tier1	112.25343520812255
GCF_018140675.1	Bifidobacterium longum subsp. infantis	BINF	Tier1	Closed genome: contigs=1, N50=2770240, len=2770240		SAMN18751768	Pendulum Therapeutics		USA	2021-04-15T18:10:04.010	98.42	1.89	Complete Genome	current	PRJNA722306	1	2770240	2770240	gcfgca:GCA_018140675.1	canonical	Bifidobacterium longum																					literature;submitter_match	PMID 29176981;Pendulum Therapeutics	2.0	Bifidobacterium longum subsp. infantis	GCF_018140675.1	Tier1	1_53	102.6212586979186	GCF_023205855.1	Tier1	109.62031271961116
GCF_018408965.1	Bifidobacterium longum subsp. longum	DLBL 09	Tier2	Draft: contigs=150, N50=419474, completeness=99.11		SAMN18436804	Microbion SrL		Italy	2021-03-23T05:31:08.350	99.11	0.72	Contig	current	PRJNA716495	150	419474	2372186	gcfgca:GCA_018408965.1	canonical	Bifidobacterium longum																					literature;submitter_match	PMID 38045645;Microbion SrL	1.0	Bifidobacterium longum subsp. longum	GCF_018408965.1	Tier2	1_205	100.62127251041989	GCF_033659065.1	Tier2	102.80526034192695
GCF_018408985.1	Bifidobacterium animalis subsp. lactis	BS 05	Tier2	Draft: contigs=67, N50=305494, completeness=97.96		SAMN18436806	Microbion SrL		Italy	2021-03-23T05:31:08.376	97.96	3.41	Scaffold	current	PRJNA716495	67	305494	2089853	gcfgca:GCA_018408985.1	canonical	Bifidobacterium animalis																					literature;submitter_match	PMID 38045645;Microbion SrL	1.0	Bifidobacterium animalis subsp. lactis	GCF_018408985.1	Tier2	3_1	101.52178394381454	GCF_011770105.1	Tier1	112.25343520812255
GCF_018409015.1	Bifidobacterium animalis subsp. lactis	MB 2409	Tier2	Draft: contigs=158, N50=151033, completeness=98.91		SAMN18436807	Microbion SrL		Italy	2021-03-23T05:31:08.390	98.91	1.16	Scaffold	current	PRJNA716495	158	151033	1972106	gcfgca:GCA_018409015.1	canonical	Bifidobacterium animalis																					literature;submitter_match	PMID 36896934;Microbion SrL	3.0	Bifidobacterium animalis subsp. lactis	GCF_018409015.1	Tier2	3_1	101.43019503065824	GCF_011770105.1	Tier1	112.25343520812255
GCF_018409165.1	Bifidobacterium longum subsp. longum	DLBL 07	Tier2	Draft: contigs=147, N50=1351428, completeness=99.11		SAMN18436803	Microbion SrL		Italy	2021-03-23T05:31:08.333	99.11	0.39	Scaffold	current	PRJNA716495	147	1351428	2370304	gcfgca:GCA_018409165.1	canonical	Bifidobacterium longum																					literature;submitter_match	PMID 38045645;Microbion SrL	2.0	Bifidobacterium longum subsp. longum	GCF_018409165.1	Tier2	1_205	102.79531644310158	GCF_033659065.1	Tier2	102.80526034192695
GCF_018409185.1	Bifidobacterium longum subsp. longum	BL 03	Tier2	Draft: contigs=111, N50=203797, completeness=99.38		SAMN18436802	Microbion SrL		Italy	2021-03-23T05:31:08.316	99.38	0.16	Contig	current	PRJNA716495	111	203797	2354445	gcfgca:GCA_018409185.1	canonical	Bifidobacterium longum																					literature;submitter_match	PMID 40431448;Microbion SrL	3.0	Bifidobacterium longum subsp. longum	GCF_018409185.1	Tier2	1_180	102.40014889996414	GCF_005406285.1	Tier1	112.76267908142373
GCF_019576095.1	Bifidobacterium animalis subsp. lactis	i797	Tier1	Closed genome: contigs=1, N50=1943538, len=1943538		SAMN20586788	Shijiazhuang Junlebao Dairy Co., Ltd.	isolate from baby feces	China	2021-08-05T01:10:10.170	98.38	0.27	Complete Genome	current	PRJNA752179	1	1943538	1943538	gcfgca:GCA_019576095.1	canonical	Bifidobacterium animalis																					submitter_match	Shijiazhuang Junlebao Dairy Co., Ltd.		Bifidobacterium animalis subsp. lactis	GCF_019576095.1	Tier1	3_1	111.87412460633143	GCF_011770105.1	Tier1	112.25343520812255
GCF_019660445.1	Bifidobacterium longum subsp. infantis	JCM 7007	Tier2	Draft: contigs=2, N50=1449447, completeness=98.71		SAMN18034897	Korea University	Infant feces	Japan	2021-02-23T01:24:09.393	98.71	0.39	Contig	current	PRJNA688843	2	1449447	2859213	gcfgca:GCA_019660445.1	canonical	Bifidobacterium longum																					literature	PMID 23200660	2.0	Bifidobacterium longum subsp. infantis	GCF_019660445.1	Tier2	1_51	94.8805178226948	GCF_000269965.1	Tier1	106.57576324158852
GCF_020008065.1	Bifidobacterium longum subsp. longum	BCBL-583	Tier1	Closed genome: contigs=1, N50=2393285, len=2393285		SAMN20254318	Seoul National University	human stool	South Korea	2021-07-15T22:40:05.310	98.91	0.16	Complete Genome	current	PRJNA747062	1	2393285	2393285	gcfgca:GCA_020008065.1	canonical	Bifidobacterium longum																					literature	PMID 35783421	2.0	Bifidobacterium longum subsp. longum	GCF_020008065.1	Tier1	1_197	113.02949720943154	GCA_045689155.1	Tier1	113.02950628242972
GCF_020072545.1	Bifidobacterium longum subsp. longum	PCB133	Tier2	Draft: contigs=54, N50=179102, completeness=99.38		SAMN10765878	University of Bologna	feces	Italy	2019-01-17T13:21:02.856	99.38	0.62	Contig	current	PRJNA515722	54	179102	2408466	gcfgca:GCA_020072545.1	canonical	Bifidobacterium longum																					literature	PMID 20452074	2.0	Bifidobacterium longum subsp. longum	GCF_020072545.1	Tier2	1_175	101.5733502232184	GCF_000772485.1	Tier1	112.91494443149966
GCF_020525745.1	Bifidobacterium pseudocatenulatum	YIT12823	Tier2	Draft: contigs=26, N50=219683, completeness=98.74		SAMN20132730	Yakult Central Institute		Japan	2021-07-09T05:10:05.456	98.74	1.14	Contig	current	PRJNA745059	26	219683	2447262	gcfgca:GCA_020525745.1	canonical	Bifidobacterium pseudocatenulatum																					submitter_match	Yakult Central Institute		Bifidobacterium pseudocatenulatum	GCF_020525745.1	Tier2	2_3	99.93071251429494	GCF_060708265.1	Tier1	110.30885448205186
GCF_020525765.1	Bifidobacterium pseudocatenulatum	YIT12988	Tier2	Draft: contigs=16, N50=1684086, completeness=98.94		SAMN20132735	Yakult Central Institute		Japan	2021-07-09T05:10:05.526	98.94	0.16	Contig	current	PRJNA745059	16	1684086	2132055	gcfgca:GCA_020525765.1	canonical	Bifidobacterium pseudocatenulatum																					submitter_match	Yakult Central Institute		Bifidobacterium pseudocatenulatum	GCF_020525765.1	Tier2	2_12	101.30388213925085	GCF_020525765.1	Tier2	101.30388213925085
GCF_020526125.1	Bifidobacterium pseudocatenulatum	YIT12986	Tier2	Draft: contigs=22, N50=584916, completeness=98.33		SAMN20132733	Yakult Central Institute		Japan	2021-07-09T05:10:05.500	98.33	0.16	Contig	current	PRJNA745059	22	584916	2340805	gcfgca:GCA_020526125.1	canonical	Bifidobacterium pseudocatenulatum																					submitter_match	Yakult Central Institute		Bifidobacterium pseudocatenulatum	GCF_020526125.1	Tier2	2_6	99.23354675068563	GCF_020526125.1	Tier2	99.23354675068563
GCF_020526145.1	Bifidobacterium pseudocatenulatum	YIT12989	Tier2	Draft: contigs=16, N50=408789, completeness=98.74		SAMN20132736	Yakult Central Institute		Japan	2021-07-09T05:10:05.540	98.74	0.16	Contig	current	PRJNA745059	16	408789	2174115	gcfgca:GCA_020526145.1	canonical	Bifidobacterium pseudocatenulatum																					submitter_match	Yakult Central Institute		Bifidobacterium pseudocatenulatum	GCF_020526145.1	Tier2	2_14	99.15574960048166	GCF_020526145.1	Tier2	99.15574960048166
GCF_020526155.1	Bifidobacterium pseudocatenulatum	YIT12824	Tier2	Draft: contigs=22, N50=399726, completeness=98.74		SAMN20132731	Yakult Central Institute		Japan	2021-07-09T05:10:05.470	98.74	1.14	Contig	current	PRJNA745059	22	399726	2448742	gcfgca:GCA_020526155.1	canonical	Bifidobacterium pseudocatenulatum																					submitter_match	Yakult Central Institute		Bifidobacterium pseudocatenulatum	GCF_020526155.1	Tier2	2_3	100.06069548779196	GCF_060708265.1	Tier1	110.30885448205186
GCF_020526185.1	Bifidobacterium pseudocatenulatum	YIT12985	Tier2	Draft: contigs=32, N50=208819, completeness=98.45		SAMN20132732	Yakult Central Institute		Japan	2021-07-09T05:10:05.486	98.45	0.16	Contig	current	PRJNA745059	32	208819	2492264	gcfgca:GCA_020526185.1	canonical	Bifidobacterium pseudocatenulatum																					submitter_match	Yakult Central Institute		Bifidobacterium pseudocatenulatum	GCF_020526185.1	Tier2	2_13	98.10988500583308	GCF_020526185.1	Tier2	98.10988500583308
GCF_020526195.1	Bifidobacterium pseudocatenulatum	YIT12987	Tier2	Draft: contigs=11, N50=558241, completeness=98.74		SAMN20132734	Yakult Central Institute		Japan	2021-07-09T05:10:05.513	98.74	0.16	Contig	current	PRJNA745059	11	558241	2256499	gcfgca:GCA_020526195.1	canonical	Bifidobacterium pseudocatenulatum																					submitter_match	Yakult Central Institute		Bifidobacterium pseudocatenulatum	GCF_020526195.1	Tier2	2_8	98.0736108481571	GCF_020526385.1	Tier2	99.96755021279154
GCF_020526225.1	Bifidobacterium pseudocatenulatum	YIT12822	Tier2	Draft: contigs=36, N50=177503, completeness=97.86		SAMN20132729	Yakult Central Institute		Japan	2021-07-09T05:10:05.443	97.86	0.65	Contig	current	PRJNA745059	36	177503	2414591	gcfgca:GCA_020526225.1	canonical	Bifidobacterium pseudocatenulatum																					submitter_match	Yakult Central Institute		Bifidobacterium pseudocatenulatum	GCF_020526225.1	Tier2	2_1	99.1043028585816	GCF_020526225.1	Tier2	99.1043028585816
GCF_020526245.1	Bifidobacterium pseudocatenulatum	YIT12819	Tier2	Draft: contigs=4, N50=1621566, completeness=98.74		SAMN20132727	Yakult Central Institute		Japan	2021-07-09T05:10:05.410	98.74	0.16	Contig	current	PRJNA745059	4	1621566	2202109	gcfgca:GCA_020526245.1	canonical	Bifidobacterium pseudocatenulatum																					submitter_match	Yakult Central Institute		Bifidobacterium pseudocatenulatum	GCF_020526245.1	Tier2	2_9	101.0548672982863	GCF_020526245.1	Tier2	101.0548672982863
GCF_020526265.1	Bifidobacterium pseudocatenulatum	YIT12821	Tier2	Draft: contigs=18, N50=381108, completeness=98.74		SAMN20132728	Yakult Central Institute		Japan	2021-07-09T05:10:05.430	98.74	0.65	Contig	current	PRJNA745059	18	381108	2429229	gcfgca:GCA_020526265.1	canonical	Bifidobacterium pseudocatenulatum																					submitter_match	Yakult Central Institute		Bifidobacterium pseudocatenulatum	GCF_020526265.1	Tier2	2_24	98.89032405908073	GCF_020526265.1	Tier2	98.89032405908073
GCF_020526285.1	Bifidobacterium pseudocatenulatum	YIT12818	Tier2	Draft: contigs=14, N50=1210365, completeness=98.74		SAMN20132726	Yakult Central Institute		Japan	2021-07-09T05:10:05.396	98.74	0.65	Contig	current	PRJNA745059	14	1210365	2285966	gcfgca:GCA_020526285.1	canonical	Bifidobacterium pseudocatenulatum																					submitter_match	Yakult Central Institute		Bifidobacterium pseudocatenulatum	GCF_020526285.1	Tier2	2_31	100.59125820479072	GCF_020526285.1	Tier2	100.59125820479072
GCF_020526295.1	Bifidobacterium pseudocatenulatum	YIT12749	Tier2	Draft: contigs=14, N50=374287, completeness=98.25		SAMN20132724	Yakult Central Institute		Japan	2021-07-09T05:10:05.370	98.25	0.16	Contig	current	PRJNA745059	14	374287	2165410	gcfgca:GCA_020526295.1	canonical	Bifidobacterium pseudocatenulatum																					submitter_match	Yakult Central Institute		Bifidobacterium pseudocatenulatum	GCF_020526295.1	Tier2	2_30	99.83640239799388	GCF_020526295.1	Tier2	99.83640239799388
GCF_020526325.1	Bifidobacterium pseudocatenulatum	YIT12817	Tier2	Draft: contigs=15, N50=354297, completeness=98.74		SAMN20132725	Yakult Central Institute		Japan	2021-07-09T05:10:05.380	98.74	0.16	Contig	current	PRJNA745059	15	354297	2303544	gcfgca:GCA_020526325.1	canonical	Bifidobacterium pseudocatenulatum																					submitter_match	Yakult Central Institute		Bifidobacterium pseudocatenulatum	GCF_020526325.1	Tier2	2_36	98.82468373748614	GCF_020526325.1	Tier2	98.82468373748614
GCF_020526345.1	Bifidobacterium pseudocatenulatum	YIT12242	Tier2	Draft: contigs=21, N50=308171, completeness=98.74		SAMN20132723	Yakult Central Institute		Japan	2021-07-09T05:10:05.356	98.74	0.16	Contig	current	PRJNA745059	21	308171	2217929	gcfgca:GCA_020526345.1	canonical	Bifidobacterium pseudocatenulatum																					submitter_match	Yakult Central Institute		Bifidobacterium pseudocatenulatum	GCF_020526345.1	Tier2	2_10	100.13459586693584	GCF_020526365.1	Tier2	100.99857111960206
GCF_020526365.1	Bifidobacterium pseudocatenulatum	YIT12232	Tier2	Draft: contigs=13, N50=655756, completeness=98.58		SAMN20132722	Yakult Central Institute		Japan	2021-07-09T05:10:05.340	98.58	0.65	Contig	current	PRJNA745059	13	655756	2240829	gcfgca:GCA_020526365.1	canonical	Bifidobacterium pseudocatenulatum																					submitter_match	Yakult Central Institute		Bifidobacterium pseudocatenulatum	GCF_020526365.1	Tier2	2_10	100.99857111960206	GCF_020526365.1	Tier2	100.99857111960206
GCF_020526385.1	Bifidobacterium pseudocatenulatum	YIT12228	Tier2	Draft: contigs=23, N50=327115, completeness=98.74		SAMN20132721	Yakult Central Institute		Japan	2021-07-09T05:10:05.330	98.74	0.65	Contig	current	PRJNA745059	23	327115	2360838	gcfgca:GCA_020526385.1	canonical	Bifidobacterium pseudocatenulatum																					submitter_match	Yakult Central Institute		Bifidobacterium pseudocatenulatum	GCF_020526385.1	Tier2	2_8	99.96755021279154	GCF_020526385.1	Tier2	99.96755021279154
GCF_020526405.1	Bifidobacterium pseudocatenulatum	YIT12217	Tier2	Draft: contigs=21, N50=361775, completeness=98.58		SAMN20132720	Yakult Central Institute		Japan	2021-07-09T05:10:05.313	98.58	0.16	Contig	current	PRJNA745059	21	361775	2386524	gcfgca:GCA_020526405.1	canonical	Bifidobacterium pseudocatenulatum																					submitter_match	Yakult Central Institute		Bifidobacterium pseudocatenulatum	GCF_020526405.1	Tier2	2_34	99.48001929917612	GCF_020526585.1	Tier2	100.41849898964747
GCF_020526425.1	Bifidobacterium pseudocatenulatum	YIT12203	Tier2	Draft: contigs=15, N50=675087, completeness=98.69		SAMN20132719	Yakult Central Institute		Japan	2021-07-09T05:10:05.300	98.69	0.16	Contig	current	PRJNA745059	15	675087	2285559	gcfgca:GCA_020526425.1	canonical	Bifidobacterium pseudocatenulatum																					submitter_match	Yakult Central Institute		Bifidobacterium pseudocatenulatum	GCF_020526425.1	Tier2	2_35	99.92467987247862	GCF_020526425.1	Tier2	99.92467987247862
GCF_020526445.1	Bifidobacterium pseudocatenulatum	YIT12189	Tier2	Draft: contigs=13, N50=387320, completeness=98.74		SAMN20132718	Yakult Central Institute		Japan	2021-07-09T05:10:05.286	98.74	0.65	Contig	current	PRJNA745059	13	387320	2175675	gcfgca:GCA_020526445.1	canonical	Bifidobacterium pseudocatenulatum																					submitter_match	Yakult Central Institute		Bifidobacterium pseudocatenulatum	GCF_020526445.1	Tier2	2_37	99.2940349615906	GCF_020526445.1	Tier2	99.2940349615906
GCF_020526465.1	Bifidobacterium pseudocatenulatum	YIT12187	Tier2	Draft: contigs=15, N50=276361, completeness=98.77		SAMN20132717	Yakult Central Institute		Japan	2021-07-09T05:10:05.273	98.77	0.16	Contig	current	PRJNA745059	15	276361	2121451	gcfgca:GCA_020526465.1	canonical	Bifidobacterium pseudocatenulatum																					submitter_match	Yakult Central Institute		Bifidobacterium pseudocatenulatum	GCF_020526465.1	Tier2	2_11	100.920738377745	GCF_020526485.1	Tier2	100.99887970870174
GCF_020526485.1	Bifidobacterium pseudocatenulatum	YIT12186	Tier2	Draft: contigs=15, N50=378233, completeness=98.77		SAMN20132716	Yakult Central Institute		Japan	2021-07-09T05:10:05.260	98.77	0.16	Contig	current	PRJNA745059	15	378233	2169714	gcfgca:GCA_020526485.1	canonical	Bifidobacterium pseudocatenulatum																					submitter_match	Yakult Central Institute		Bifidobacterium pseudocatenulatum	GCF_020526485.1	Tier2	2_11	100.99887970870174	GCF_020526485.1	Tier2	100.99887970870174
GCF_020526505.1	Bifidobacterium pseudocatenulatum	YIT12185	Tier2	Draft: contigs=15, N50=276397, completeness=98.77		SAMN20132715	Yakult Central Institute		Japan	2021-07-09T05:10:05.246	98.77	0.16	Contig	current	PRJNA745059	15	276397	2120670	gcfgca:GCA_020526505.1	canonical	Bifidobacterium pseudocatenulatum																					submitter_match	Yakult Central Institute		Bifidobacterium pseudocatenulatum	GCF_020526505.1	Tier2	2_11	100.92076666245796	GCF_020526485.1	Tier2	100.99887970870174
GCF_020526525.1	Bifidobacterium pseudocatenulatum	YIT12053	Tier2	Draft: contigs=11, N50=666702, completeness=97.76		SAMN20132712	Yakult Central Institute		Japan	2021-07-09T05:10:05.210	97.76	0.65	Contig	current	PRJNA745059	11	666702	2263255	gcfgca:GCA_020526525.1	canonical	Bifidobacterium pseudocatenulatum																					submitter_match	Yakult Central Institute		Bifidobacterium pseudocatenulatum	GCF_020526525.1	Tier2	2_12	101.05266588545597	GCF_020525765.1	Tier2	101.30388213925085
GCF_020526545.1	Bifidobacterium pseudocatenulatum	YIT12054	Tier2	Draft: contigs=14, N50=687068, completeness=98.25		SAMN20132713	Yakult Central Institute		Japan	2021-07-09T05:10:05.223	98.25	0.16	Contig	current	PRJNA745059	14	687068	2283183	gcfgca:GCA_020526545.1	canonical	Bifidobacterium pseudocatenulatum																					submitter_match	Yakult Central Institute		Bifidobacterium pseudocatenulatum	GCF_020526545.1	Tier2	2_32	100.92129985826364	GCF_020526545.1	Tier2	100.92129985826364
GCF_020526555.1	Bifidobacterium pseudocatenulatum	YIT12145	Tier2	Draft: contigs=23, N50=263595, completeness=98.58		SAMN20132714	Yakult Central Institute		Japan	2021-07-09T05:10:05.233	98.58	1.14	Contig	current	PRJNA745059	23	263595	2358745	gcfgca:GCA_020526555.1	canonical	Bifidobacterium pseudocatenulatum																					submitter_match	Yakult Central Institute		Bifidobacterium pseudocatenulatum	GCF_020526555.1	Tier2	2_5	100.06046858404406	GCF_020526555.1	Tier2	100.06046858404406
GCF_020526585.1	Bifidobacterium pseudocatenulatum	YIT11955	Tier2	Draft: contigs=20, N50=343082, completeness=98.74		SAMN20132711	Yakult Central Institute		Japan	2021-07-09T05:10:05.196	98.74	0.16	Contig	current	PRJNA745059	20	343082	2247926	gcfgca:GCA_020526585.1	canonical	Bifidobacterium pseudocatenulatum																					submitter_match	Yakult Central Institute		Bifidobacterium pseudocatenulatum	GCF_020526585.1	Tier2	2_34	100.41849898964747	GCF_020526585.1	Tier2	100.41849898964747
GCF_020526605.1	Bifidobacterium pseudocatenulatum	YIT11954	Tier2	Draft: contigs=19, N50=539522, completeness=98.74		SAMN20132710	Yakult Central Institute		Japan	2021-07-09T05:10:05.183	98.74	0.16	Contig	current	PRJNA745059	19	539522	2208478	gcfgca:GCA_020526605.1	canonical	Bifidobacterium pseudocatenulatum																					submitter_match	Yakult Central Institute		Bifidobacterium pseudocatenulatum	GCF_020526605.1	Tier2	2_32	100.40880457659708	GCF_020526545.1	Tier2	100.92129985826364
GCF_020526625.1	Bifidobacterium pseudocatenulatum	YIT11951	Tier2	Draft: contigs=14, N50=651754, completeness=98.5		SAMN20132709	Yakult Central Institute		Japan	2021-07-09T05:10:05.170	98.5	0.16	Contig	current	PRJNA745059	14	651754	2157126	gcfgca:GCA_020526625.1	canonical	Bifidobacterium pseudocatenulatum																					submitter_match	Yakult Central Institute		Bifidobacterium pseudocatenulatum	GCF_020526625.1	Tier2	2_7	101.39834183945806	GCF_020541905.1	Tier1	111.1237355422907
GCF_020526645.1	Bifidobacterium pseudocatenulatum	YIT11949	Tier2	Draft: contigs=13, N50=1236062, completeness=98.74		SAMN20132708	Yakult Central Institute		Japan	2021-07-09T05:10:05.156	98.74	0.16	Contig	current	PRJNA745059	13	1236062	2222395	gcfgca:GCA_020526645.1	canonical	Bifidobacterium pseudocatenulatum																					submitter_match	Yakult Central Institute		Bifidobacterium pseudocatenulatum	GCF_020526645.1	Tier2	2_28	100.58732011444164	GCF_059738675.1	Tier1	111.02640483642912
GCF_020526665.1	Bifidobacterium pseudocatenulatum	YIT11025	Tier2	Draft: contigs=2, N50=1277180, completeness=98.25		SAMN20132707	Yakult Central Institute		Japan	2021-07-09T05:10:05.140	98.25	0.16	Contig	current	PRJNA745059	2	1277180	2518056	gcfgca:GCA_020526665.1	canonical	Bifidobacterium pseudocatenulatum																					submitter_match	Yakult Central Institute		Bifidobacterium pseudocatenulatum	GCF_020526665.1	Tier2	2_38	97.74342605425704	GCF_020541885.1	Tier1	110.26554253504328
GCF_020541825.1	Bifidobacterium pseudocatenulatum	YIT12820	Tier1	Closed genome: contigs=1, N50=2303552, len=2303552		SAMN20132667	Yakult Central Institute		Japan	2021-07-09T04:57:11.970	98.74	0.16	Complete Genome	current	PRJNA745059	1	2303552	2303552	gcfgca:GCA_020541825.1	canonical	Bifidobacterium pseudocatenulatum																					submitter_match	Yakult Central Institute		Bifidobacterium pseudocatenulatum	GCF_020541825.1	Tier1	2_2	110.43109899360148	GCF_020541825.1	Tier1	110.43109899360148
GCF_020541865.1	Bifidobacterium pseudocatenulatum	YIT11956	Tier1	Closed genome: contigs=1, N50=2373495, len=2373495		SAMN20132666	Yakult Central Institute		Japan	2021-07-09T04:57:11.960	98.74	0.16	Complete Genome	current	PRJNA745059	1	2373495	2373495	gcfgca:GCA_020541865.1	canonical	Bifidobacterium pseudocatenulatum																					submitter_match	Yakult Central Institute		Bifidobacterium pseudocatenulatum	GCF_020541865.1	Tier1	2_4	109.19723703553504	GCF_020541865.1	Tier1	109.19723703553504
GCF_020541885.1	Bifidobacterium pseudocatenulatum	YIT11953	Tier1	Closed genome: contigs=2, N50=2241223, len=2245999		SAMN20132665	Yakult Central Institute		Japan	2021-07-09T04:57:11.943	98.74	0.16	Complete Genome	current	PRJNA745059	2	2241223	2245999	gcfgca:GCA_020541885.1	canonical	Bifidobacterium pseudocatenulatum																					submitter_match	Yakult Central Institute		Bifidobacterium pseudocatenulatum	GCF_020541885.1	Tier1	2_38	110.26554253504328	GCF_020541885.1	Tier1	110.26554253504328
GCF_020541905.1	Bifidobacterium pseudocatenulatum	YIT11952	Tier1	Closed genome: contigs=1, N50=2316707, len=2316707		SAMN20132664	Yakult Central Institute		Japan	2021-07-09T04:57:11.930	98.74	0.65	Complete Genome	current	PRJNA745059	1	2316707	2316707	gcfgca:GCA_020541905.1	canonical	Bifidobacterium pseudocatenulatum																					submitter_match	Yakult Central Institute		Bifidobacterium pseudocatenulatum	GCF_020541905.1	Tier1	2_7	111.1237355422907	GCF_020541905.1	Tier1	111.1237355422907
GCF_020541925.1	Bifidobacterium pseudocatenulatum	YIT11027	Tier1	Closed genome: contigs=1, N50=2556908, len=2556908		SAMN20132663	Yakult Central Institute		Japan	2021-07-09T04:57:11.910	98.74	0.16	Complete Genome	current	PRJNA745059	1	2556908	2556908	gcfgca:GCA_020541925.1	canonical	Bifidobacterium pseudocatenulatum																					submitter_match	Yakult Central Institute		Bifidobacterium pseudocatenulatum	GCF_020541925.1	Tier1	2_39	107.51385755098792	GCF_020541925.1	Tier1	107.51385755098792
GCF_020892075.1	Bifidobacterium bifidum	YIT 10347	Tier1	Closed genome: contigs=1, N50=2149912, len=2149912		SAMD00324644	Yakult Central Institute		not applicable	2021-11-05T01:00:55.163	96.23	0.24	Complete Genome	current	PRJDB11540	1	2149912	2149912	gcfgca:GCA_020892075.1	canonical	Bifidobacterium bifidum																					literature;submitter_match	PMID 34825137;Yakult Central Institute	1.0	Bifidobacterium bifidum	GCF_020892075.1	Tier1	4_9	112.2670103500666	GCF_045273085.1	Tier1	112.47283074476827
GCF_020908005.1	Bifidobacterium bifidum	ICIS-504	Tier2	Draft: contigs=95, N50=311191, completeness=96.75		SAMN22746550	Institute for Cellular and Intracellular Symbiosis	feces	Russia: Orenburg	2021-10-29T07:12:08.207	96.75	0.71	Contig	current	PRJNA776132	95	311191	2250442	gcfgca:GCA_020908005.1	canonical	Bifidobacterium bifidum																					literature	PMID 36425959	1.0	Bifidobacterium bifidum	GCF_020908005.1	Tier2	4_2	101.90632601279152	GCF_002845845.1	Tier1	112.4152700097317
GCF_021018785.1	Bifidobacterium animalis subsp. lactis	DSM 15954	Tier1	Closed genome: contigs=1, N50=1944152, len=1944152		SAMN22442594	IFF Health & Biosciences	Culture tube	USA: Madison, Wisconsin	2021-10-20T15:07:03.216	98.93	0.27	Complete Genome	current	PRJNA773092	1	1944152	1944152	gcfgca:GCA_021018785.1	canonical	Bifidobacterium animalis																					literature;submitter_match	PMID 35633687;IFF Health & Biosciences	3.0	Bifidobacterium animalis subsp. lactis	GCF_021018785.1	Tier1	3_1	111.95421229865592	GCF_011770105.1	Tier1	112.25343520812255
GCF_021184065.1	Bifidobacterium longum subsp. longum	BB-46	Tier1	Closed genome: contigs=1, N50=2385558, len=2385558		SAMN16881102	Chr. Hansen A/S		Unknown	2020-11-24T08:10:03.726	98.76	0.16	Complete Genome	current	PRJNA680474	1	2385558	2385558	gcfgca:GCA_021184065.1	canonical	Bifidobacterium longum																					literature;submitter_match	PMID 18514343;Chr. Hansen A/S	4.0	Bifidobacterium longum subsp. longum	GCF_021184065.1	Tier1	1_136	111.57875212575146	GCF_000196555.1	Tier1	111.58870197055336
GCF_021484885.1	Bifidobacterium pseudocatenulatum	JCLA3	Tier1	Closed genome: contigs=1, N50=2369863, len=2369863		SAMN24730997	Universidad Autonoma Metropolitana		Mexico	2022-01-07T20:22:04.757	98.25	0.41	Complete Genome	current	PRJNA795522	1	2369863	2369863	gcfgca:GCA_021484885.1	canonical	Bifidobacterium pseudocatenulatum																					literature	PMID 41753640	2.0	Bifidobacterium pseudocatenulatum	GCF_021484885.1	Tier1	2_18	109.847361620249	GCF_021484885.1	Tier1	109.847361620249
GCF_023205795.1	Bifidobacterium longum subsp. infantis	PI_004	Tier1	Closed genome: contigs=1, N50=2604558, len=2604558		SAMN15077328	Evolve Biosystems Inc.	probiotic prodcut	USA	2020-06-01T16:00:08.886	98.05	1.83	Complete Genome	current	PRJNA636403	1	2604558	2604558	gcfgca:GCA_023205795.1	canonical	Bifidobacterium longum																					isolation_source_match;submitter_match	probiotic prodcut;Evolve Biosystems Inc.		Bifidobacterium longum subsp. infantis	GCF_023205795.1	Tier1	1_52	110.8577857642082	GCF_026967535.1	Tier1	111.19459418099356
GCF_023205815.1	Bifidobacterium longum subsp. infantis	PI_003	Tier1	Closed genome: contigs=1, N50=2612005, len=2612005		SAMN15077327	Evolve Biosystems Inc.	probiotic prodcut	USA	2020-06-01T16:00:08.870	98.05	1.83	Complete Genome	current	PRJNA636403	1	2612005	2612005	gcfgca:GCA_023205815.1	canonical	Bifidobacterium longum																					isolation_source_match;submitter_match	probiotic prodcut;Evolve Biosystems Inc.		Bifidobacterium longum subsp. infantis	GCF_023205815.1	Tier1	1_52	110.85841824801574	GCF_026967535.1	Tier1	111.19459418099356
GCF_023205835.1	Bifidobacterium longum subsp. infantis	PI_002	Tier1	Closed genome: contigs=1, N50=2604549, len=2604549		SAMN15077326	Evolve Biosystems Inc.	probiotic prodcut	USA	2020-06-01T16:00:08.853	98.05	1.83	Complete Genome	current	PRJNA636403	1	2604549	2604549	gcfgca:GCA_023205835.1	canonical	Bifidobacterium longum																					isolation_source_match;submitter_match	probiotic prodcut;Evolve Biosystems Inc.		Bifidobacterium longum subsp. infantis	GCF_023205835.1	Tier1	1_52	110.8577850138588	GCF_026967535.1	Tier1	111.19459418099356
GCF_023205855.1	Bifidobacterium longum subsp. infantis	BB-02	Tier1	Closed genome: contigs=1, N50=2758198, len=2758198		SAMN15077325	Evolve Biosystems Inc.	probiotic prodcut	USA	2020-06-01T16:00:08.836	98.42	1.54	Complete Genome	current	PRJNA636403	1	2758198	2758198	gcfgca:GCA_023205855.1	canonical	Bifidobacterium longum																					isolation_source_match;literature;submitter_match	probiotic prodcut;PMID 32630805;Evolve Biosystems Inc.		Bifidobacterium longum subsp. infantis	GCF_023205855.1	Tier1	1_53	109.62031271961116	GCF_023205855.1	Tier1	109.62031271961116
GCF_023208035.1	Bifidobacterium longum subsp. infantis	PI_010	Tier1	Closed genome: contigs=1, N50=2609031, len=2609031		SAMN15077334	Evolve Biosystems Inc.	probiotic prodcut	USA	2020-06-01T16:00:08.993	98.05	1.83	Complete Genome	current	PRJNA636403	1	2609031	2609031	gcfgca:GCA_023208035.1	canonical	Bifidobacterium longum																					isolation_source_match;submitter_match	probiotic prodcut;Evolve Biosystems Inc.		Bifidobacterium longum subsp. infantis	GCF_023208035.1	Tier1	1_52	110.858152116323	GCF_026967535.1	Tier1	111.19459418099356
GCF_023208055.1	Bifidobacterium longum subsp. infantis	PI_009	Tier1	Closed genome: contigs=1, N50=2604570, len=2604570		SAMN15077333	Evolve Biosystems Inc.	probiotic prodcut	USA	2020-06-01T16:00:08.976	98.05	1.83	Complete Genome	current	PRJNA636403	1	2604570	2604570	gcfgca:GCA_023208055.1	canonical	Bifidobacterium longum																					isolation_source_match;submitter_match	probiotic prodcut;Evolve Biosystems Inc.		Bifidobacterium longum subsp. infantis	GCF_023208055.1	Tier1	1_52	110.85778676467004	GCF_026967535.1	Tier1	111.19459418099356
GCF_023208075.1	Bifidobacterium longum subsp. infantis	PI_008	Tier1	Closed genome: contigs=1, N50=2612382, len=2612382		SAMN15077332	Evolve Biosystems Inc.	probiotic prodcut	USA	2020-06-01T16:00:08.960	98.05	1.83	Complete Genome	current	PRJNA636403	1	2612382	2612382	gcfgca:GCA_023208075.1	canonical	Bifidobacterium longum																					isolation_source_match;submitter_match	probiotic prodcut;Evolve Biosystems Inc.		Bifidobacterium longum subsp. infantis	GCF_023208075.1	Tier1	1_52	110.85843084172932	GCF_026967535.1	Tier1	111.19459418099356
GCF_023208095.1	Bifidobacterium longum subsp. infantis	PI_007	Tier1	Closed genome: contigs=1, N50=2604585, len=2604585		SAMN15077331	Evolve Biosystems Inc.	probiotic prodcut	USA	2020-06-01T16:00:08.943	98.05	1.83	Complete Genome	current	PRJNA636403	1	2604585	2604585	gcfgca:GCA_023208095.1	canonical	Bifidobacterium longum																					isolation_source_match;submitter_match	probiotic prodcut;Evolve Biosystems Inc.		Bifidobacterium longum subsp. infantis	GCF_023208095.1	Tier1	1_52	110.8577755168919	GCF_026967535.1	Tier1	111.19459418099356
GCF_023208115.1	Bifidobacterium longum subsp. infantis	PI_005	Tier1	Closed genome: contigs=1, N50=2614802, len=2614802		SAMN15077329	Evolve Biosystems Inc.	probiotic prodcut	USA	2020-06-01T16:00:08.903	98.09	1.83	Complete Genome	current	PRJNA636403	1	2614802	2614802	gcfgca:GCA_023208115.1	canonical	Bifidobacterium longum																					isolation_source_match;submitter_match	probiotic prodcut;Evolve Biosystems Inc.		Bifidobacterium longum subsp. infantis	GCF_023208115.1	Tier1	1_52	110.85865065028004	GCF_026967535.1	Tier1	111.19459418099356
GCF_023208135.1	Bifidobacterium longum subsp. infantis	NLS	Tier1	Closed genome: contigs=1, N50=2598286, len=2598286		SAMN15077324	Evolve Biosystems Inc.	probiotic prodcut	USA	2020-06-01T16:00:08.813	98.05	1.83	Complete Genome	current	PRJNA636403	1	2598286	2598286	gcfgca:GCA_023208135.1	canonical	Bifidobacterium longum																					isolation_source_match;literature;submitter_match	probiotic prodcut;PMID 33032471;Evolve Biosystems Inc.		Bifidobacterium longum subsp. infantis	GCF_023208135.1	Tier1	1_52	110.8572372276329	GCF_026967535.1	Tier1	111.19459418099356
GCF_023208155.1	Bifidobacterium longum subsp. infantis	PI_006	Tier1	Closed genome: contigs=1, N50=2610477, len=2610477		SAMN15077330	Evolve Biosystems Inc.	probiotic prodcut	USA	2020-06-01T16:00:08.920	97.94	1.83	Complete Genome	current	PRJNA636403	1	2610477	2610477	gcfgca:GCA_023208155.1	canonical	Bifidobacterium longum																					isolation_source_match;submitter_match	probiotic prodcut;Evolve Biosystems Inc.		Bifidobacterium longum subsp. infantis	GCF_023208155.1	Tier1	1_52	110.85817869647508	GCF_026967535.1	Tier1	111.19459418099356
GCF_023375105.1	Bifidobacterium animalis subsp. lactis	BLa80	Tier1	Closed genome: contigs=1, N50=1935434, len=1935434		SAMN21499763	Jiangsu Wecare Biotechnology Co., Ltd	breast milk	China: Hongyuan, Sichuan	2021-09-18T02:16:06.800	98.97	0.27	Complete Genome	current	PRJNA758747	1	1935434	1935434	gcfgca:GCA_023375105.1	canonical	Bifidobacterium animalis																					literature;submitter_match	PMID 42510758;Jiangsu Wecare Biotechnology Co., Ltd	7.0	Bifidobacterium animalis subsp. lactis	GCF_023375105.1	Tier1	3_1	112.25323300346923	GCF_011770105.1	Tier1	112.25343520812255
GCF_023497865.1	Bifidobacterium adolescentis	NB2B-16-TSAB	Tier1	Closed genome: contigs=1, N50=2492429, len=2492529		SAMN28102063	MET-4		not applicable	2022-05-05T12:30:19.970	97.5	6.73	Chromosome	current	PRJNA835435	1	2492429	2492529	gcfgca:GCA_023497865.1	canonical	Bifidobacterium adolescentis																					submitter_match	MET-4		Bifidobacterium adolescentis	GCF_023497865.1	Tier1	5_20	110.8083201099646	GCF_023497865.1	Tier1	110.8083201099646
GCF_023656765.1	Bifidobacterium sp. M3-R-103	M3-R-103	Tier2-unconfirmed	Passes size/contig thresholds, CheckM missing -- needs CheckM2		SAMN28745539	Kyungpook National University School of Medicine	feces	South Korea: Daegu	2022-05-30T02:34:03.767	98.77		Contig	current	PRJNA843546	9	448464	2080619	gcfgca:GCA_023656765.1	canonical	Bifidobacterium sp.																					literature	PMID 42199000	1.0	Bifidobacterium sp.	GCF_023656765.1	Tier2	2_44	100.23586379311163	GCF_023656765.1	Tier2	100.23586379311163
GCF_023704215.1	Bifidobacterium animalis	HY8002	Tier1	Closed genome: contigs=1, N50=1944140, len=1944140		SAMN26937365	hy research institute	feces	South Korea	2022-03-25T05:11:02.930	98.93	0.27	Complete Genome	current	PRJNA819830	1	1944140	1944140	gcfgca:GCA_023704215.1	canonical	Bifidobacterium animalis																					literature;submitter_match	PMID 37299451;hy research institute	5.0	Bifidobacterium animalis unspecified	GCF_023704215.1	Tier1	3_1	112.05417612578894	GCF_011770105.1	Tier1	112.25343520812255
GCF_024125265.1	Bifidobacterium longum	NB2B-11-FAA	Tier2	Draft: contigs=2, N50=2323237, completeness=99.02		SAMN28102054	MET-4	feces	not applicable	2022-05-05T12:30:19.826	99.02	0.16	Contig	current	PRJNA835435	2	2323237	2328141	gcfgca:GCA_024125265.1	canonical	Bifidobacterium longum																					submitter_match	MET-4		Bifidobacterium longum unspecified	GCF_024125265.1	Tier2	1_88	102.9232467409564	GCF_024125265.1	Tier2	102.9232467409564
GCF_024138855.1	Bifidobacterium pseudolongum	NjM1	Tier1	Closed genome: contigs=1, N50=2172569, len=2172569		SAMN18292318	Shanghai Jiao Tong University	feces	China: Shanghai	2021-03-13T01:42:06.417	95.93	3.33	Complete Genome	current	PRJNA714197	1	2172569	2172569	gcfgca:GCA_024138855.1	canonical	Bifidobacterium pseudolongum																					literature	PMID 36746963	1.0	Bifidobacterium pseudolongum unspecified	GCF_024138855.1	Tier1	7_4	110.77848678918714	GCF_024138855.1	Tier1	110.77848678918714
GCF_024341745.1	Bifidobacterium bifidum JCM 1254	JCM 1254	Tier2	Draft: contigs=62, N50=67162, completeness=96.38		SAMD00422522	Next Generation Institute, MORINAGA MILK INDUSTRY CO.,LTD.		Japan:Kanagawa	2022-07-06T01:01:09.540	96.38	0.6	Contig	current	PRJDB12576	62	67162	2216167	gcfgca:GCA_024341745.1	canonical	Bifidobacterium bifidum																					submitter_match	Next Generation Institute, MORINAGA MILK INDUSTRY CO.,LTD.		Bifidobacterium bifidum	GCF_024341745.1	Tier2	4_2	101.47339930558798	GCF_002845845.1	Tier1	112.4152700097317
GCF_024349265.1	Bifidobacterium longum subsp. longum	KABP-042	Tier2	Draft: contigs=52, N50=199715, completeness=98.91	DSM:33151	SAMN19945773	AB-Biotics SA	stool	Spain: Valencia	2021-06-29T11:14:51.326	98.91	0.57	Scaffold	current	PRJNA741942	52	199715	2342780	gcfgca:GCA_024349265.1	canonical	Bifidobacterium longum																					literature;submitter_match	PMID 37422465;AB-Biotics SA	1.0	Bifidobacterium longum subsp. longum	GCF_024349265.1	Tier2	1_89	102.53003868774488	GCF_024349265.1	Tier2	102.53003868774488
GCF_024665435.1	Bifidobacterium breve	BIF195	Tier1	Closed genome: contigs=2, N50=2330951, len=2336700	DSM:33360	SAMN29862206	Chr. Hansen A/S		not applicable	2022-07-21T05:47:03.336	99.19	0.72	Complete Genome	current	PRJNA860779	2	2330951	2336700	gcfgca:GCA_024665435.1	canonical	Bifidobacterium breve																					literature;submitter_match	PMID 31095949;Chr. Hansen A/S	2.0	Bifidobacterium breve	GCF_024665435.1	Tier1	1_11	112.8669665761564	GCF_002838605.1	Tier1	113.02103797100578
GCF_025289145.1	Bifidobacterium adolescentis	E298b (Variant c)	Tier2	Draft: contigs=19, N50=356615, completeness=99.81	DSM:20086	SAMN17315634	Kaleido Biosciences	feces	unknown	2021-01-14T12:13:04.053	99.81	1.23	Scaffold	current	PRJNA692187	19	356615	2064046	gcfgca:GCA_025289145.1	canonical	Bifidobacterium adolescentis																					literature;submitter_match	PMID 36602371;Kaleido Biosciences	1.0	Bifidobacterium adolescentis	GCF_025289145.1	Tier2	5_16	101.70765121145384	GCF_000010425.1	Tier1	112.04993624940136
GCF_025506255.1	Bifidobacterium animalis subsp. lactis	CUL34	Tier2	Draft: contigs=158, N50=1021769, completeness=98.08		SAMN09708706	Swansea University	feces	United Kingdom	2018-07-24T07:54:05.610	98.08	0.68	Contig	current	PRJNA482550	158	1021769	1995553	gcfgca:GCA_025506255.1	canonical	Bifidobacterium animalis																					literature	PMID 34391865	4.0	Bifidobacterium animalis subsp. lactis	GCF_025506255.1	Tier2	3_1	99.71444039772246	GCF_011770105.1	Tier1	112.25343520812255
GCF_025506295.1	Bifidobacterium bifidum	20	Tier2	Draft: contigs=36, N50=197508, completeness=96.32		SAMN12565454	Swansea University	feces	United Kingdom	2019-08-13T06:16:03.653	96.32	1.14	Contig	current	PRJNA559984	36	197508	2199325	gcfgca:GCA_025506295.1	canonical	Bifidobacterium bifidum																					literature	PMID 34391865	1.0	Bifidobacterium bifidum	GCF_025506295.1	Tier2	4_8	101.18992807474925	GCF_001025135.1	Tier1	112.36685533953278
GCF_026076095.1	Bifidobacterium bifidum	P671	Tier2	Draft: contigs=8, N50=462713, completeness=96.73		SAMN31654352	AB-Biotics SA		Spain	2022-11-08T04:42:03.617	96.73	1.19	Contig	current	PRJNA899351	8	462713	2180906	gcfgca:GCA_026076095.1	canonical	Bifidobacterium bifidum																					submitter_match	AB-Biotics SA		Bifidobacterium bifidum	GCF_026076095.1	Tier2	4_7	101.65338917610552	GCF_003573895.1	Tier1	112.13925137674391
GCF_026162505.1	Bifidobacterium bifidum	EPS DA-LAIM	Tier2	Draft: contigs=9, N50=629573, completeness=97.3		SAMN30865707	Dong-A Pharmaceutical Co., Ltd.	feces	South Korea: Yongin-si	2022-09-15T05:29:03.653	97.3	1.13	Contig	current	PRJNA880695	9	629573	2236819	gcfgca:GCA_026162505.1	canonical	Bifidobacterium bifidum																					submitter_match	Dong-A Pharmaceutical Co., Ltd.		Bifidobacterium bifidum	GCF_026162505.1	Tier2	4_4	102.23132305745727	GCF_000265095.1	Tier1	112.37603458971144
GCF_026242105.1	Bifidobacterium longum	PT4	Tier2	Draft: contigs=123, N50=363445, completeness=99.47		SAMN31714672	Pontificia Universidad Catolica de Chile	feces	Chile:Santiago	2022-11-14T14:47:03.700	99.47	2.81	Contig	current	PRJNA901470	123	363445	2382293	gcfgca:GCA_026242105.1	canonical	Bifidobacterium longum																					literature	PMID 37227689	1.0	Bifidobacterium longum unspecified	GCF_026242105.1	Tier2	1_181	101.2202193492705	GCF_026242105.1	Tier2	101.2202193492705
GCF_026520375.1	Bifidobacterium longum subsp. longum	CCM7952	Tier2	Draft: contigs=136, N50=189209, completeness=97.75		SAMN19666837	University of Padua	feces	Czech Republic	2021-06-11T05:16:04.233	97.75	1.21	Contig	current	PRJNA736838	136	189209	2373635	gcfgca:GCA_026520375.1	canonical	Bifidobacterium longum																					literature	PMID 27746766	4.0	Bifidobacterium longum subsp. longum	GCF_026520375.1	Tier2	1_72	99.2883708786075	GCF_033658765.1	Tier2	101.67848051622948
GCF_026967535.1	Bifidobacterium longum subsp. infantis	Y46	Tier1	Closed genome: contigs=1, N50=2571733, len=2571733		SAMN32105470	Northeast Agricultural University	Infant feces	China: Harbin	2022-12-08T00:39:03.476	98.15	1.83	Complete Genome	current	PRJNA909931	1	2571733	2571733	gcfgca:GCA_026967535.1	canonical	Bifidobacterium longum																					literature	PMID 36832933	1.0	Bifidobacterium longum subsp. infantis	GCF_026967535.1	Tier1	1_52	111.19459418099356	GCF_026967535.1	Tier1	111.19459418099356
GCF_027664925.1	Bifidobacterium adolescentis	AF91-08b2A	Tier2	Draft: contigs=39, N50=158562, completeness=96.11		SAMN31808408	BGI-Shenzhen		China: Shenzhen	2022-11-21T04:44:08.536	96.11	2.32	Scaffold	current	PRJNA903559	39	158562	2242707	gcfgca:GCA_027664925.1	canonical	Bifidobacterium adolescentis																					literature	PMID 39911710	1.0	Bifidobacterium adolescentis	GCF_027664925.1	Tier2	5_13	100.85993978662924	GCF_027664925.1	Tier2	100.85993978662924
GCF_027696885.1	Bifidobacterium breve	CM02-09TA	Tier2	Draft: contigs=24, N50=257515, completeness=98.75		SAMN31809582	BGI-Shenzhen		China: Shenzhen	2022-11-21T05:32:14.413	98.75	1.15	Scaffold	current	PRJNA903559	24	257515	2340912	gcfgca:GCA_027696885.1	canonical	Bifidobacterium breve																					literature	PMID 40832781	1.0	Bifidobacterium breve	GCF_027696885.1	Tier2	1_35	100.64540126567404	GCF_027696885.1	Tier2	100.64540126567404
GCF_028201535.1	Bifidobacterium longum	LBUX23	Tier1	Closed genome: contigs=1, N50=2287838, len=2287838		SAMN32775812	Universidad Autonoma Metropolitana	intestinal fecal material	Mexico	2023-01-18T00:15:05.150	98.91	0.25	Complete Genome	current	PRJNA924960	1	2287838	2287838	gcfgca:GCA_028201535.1	canonical	Bifidobacterium longum																					literature	PMID 37512821	2.0	Bifidobacterium longum unspecified	GCF_028201535.1	Tier1	1_117	112.1197126345804	GCF_028201535.1	Tier1	112.1197126345804
GCF_028463865.1	Bifidobacterium animalis subsp. lactis	BAMA-B06/BAu-B0111	Tier1	Closed genome: contigs=1, N50=1944152, len=1944252		SAMN32803062	Harbin Meihua Biotechnology Co., LTD	Intestinal	China:Bama-Guangxi	2023-01-20T00:00:06.140	98.97	0.27	Chromosome	current	PRJNA925657	1	1944152	1944252	gcfgca:GCA_028463865.1	canonical	Bifidobacterium animalis																					literature;submitter_match	PMID 41990927;Harbin Meihua Biotechnology Co., LTD	1.0	Bifidobacterium animalis subsp. lactis	GCF_028463865.1	Tier1	3_1	111.95422571451512	GCF_011770105.1	Tier1	112.25343520812255
GCF_028743295.1	Bifidobacterium adolescentis	LMG 10502	Tier1	Closed genome: contigs=1, N50=2089645, len=2089645		SAMN33244129	Zymo Research Corporation		USA	2023-02-10T14:25:03.407	99.84	1.23	Complete Genome	current	PRJNA933628	1	2089645	2089645	gcfgca:GCA_028743295.1	canonical	Bifidobacterium adolescentis		type strain of Bifidobacterium adolescentis																			literature;submitter_match	PMID 37991375;Zymo Research Corporation	1.0	Bifidobacterium adolescentis	GCF_028743295.1	Tier1	5_16	112.04993624940136	GCF_000010425.1	Tier1	112.04993624940136
GCF_028898865.1	Bifidobacterium longum subsp. longum	F2	Tier1	Closed genome: contigs=1, N50=2477907, len=2477907		SAMN33360037	Fujian Agriculture and Forestry University	yogurt	China	2023-02-20T02:40:04.143	98.67	1.96	Complete Genome	current	PRJNA936654	1	2477907	2477907	gcfgca:GCA_028898865.1	canonical	Bifidobacterium longum																					isolation_source_match	yogurt		Bifidobacterium longum subsp. longum	GCF_028898865.1	Tier1	1_179	102.85696471721188	GCF_055383495.1	Tier1	112.7017871831216
GCF_029167605.1	Bifidobacterium animalis subsp. lactis	MH-02	Tier1	Closed genome: contigs=1, N50=1944290, len=1944290		SAMN33451703	Harbin Meihua Biotechnology Co., LTD	human gut	China:Bama	2023-02-27T00:45:04.383	98.05	0.27	Complete Genome	current	PRJNA938976	1	1944290	1944290	gcfgca:GCA_029167605.1	canonical	Bifidobacterium animalis																					literature;submitter_match	PMID 35833120;Harbin Meihua Biotechnology Co., LTD	3.0	Bifidobacterium animalis subsp. lactis	GCF_029167605.1	Tier1	3_1	111.95420299048315	GCF_011770105.1	Tier1	112.25343520812255
GCF_029541965.1	Bifidobacterium pseudocatenulatum	Bi-OTA128	Tier1	Closed genome: contigs=1, N50=2296011, len=2296011		SAMN26116972	China Agricultural University	feces from a 66-year-old healthy woman	China: Beijing	2022-02-21T07:22:03.830	97.96	0.41	Complete Genome	current	PRJNA808866	1	2296011	2296011	gcfgca:GCA_029541965.1	canonical	Bifidobacterium pseudocatenulatum																					literature	PMID 39353276	2.0	Bifidobacterium pseudocatenulatum	GCF_029541965.1	Tier1	2_15	110.18048698220004	GCF_029541965.1	Tier1	110.18048698220004
GCF_029542645.1	Bifidobacterium animalis subsp. lactis	Bifidobacterium animalis subsp. lactis SF	Tier1	Closed genome: contigs=1, N50=1944374, len=1944374		SAMN33824173	Nanchang University	feces	China: Nanchang, Jiangxi	2023-03-20T05:37:09.910	99.0	0.27	Complete Genome	suppressed	PRJNA946551	1	1944374	1944374	gcfgca:GCA_029542645.1	canonical	Bifidobacterium animalis																					literature	PMID 35987480	2.0	Bifidobacterium animalis subsp. lactis	GCF_029542645.1	Tier1	3_1	111.9541988897516	GCF_011770105.1	Tier1	112.25343520812255
GCF_029855065.1	Bifidobacterium adolescentis	iVS-1	Tier1	Closed genome: contigs=1, N50=2306390, len=2306390		SAMN34156685	Synbiotic Health		USA: Lincoln, NE	2023-04-12T15:38:04.786	97.37	3.18	Complete Genome	current	PRJNA954850	1	2306390	2306390	gcfgca:GCA_029855065.1	canonical	Bifidobacterium adolescentis																					submitter_match	Synbiotic Health		Bifidobacterium adolescentis	GCF_029855065.1	Tier1	5_26	111.79146637318942	GCF_029855065.1	Tier1	111.79146637318942
GCF_029911285.1	Bifidobacterium catenulatum subsp. kashiwanohense	YIT 13062	Tier2	Draft: contigs=32, N50=484658, completeness=98.28		SAMN30957850	Yakult Central Institute		Belgium	2022-09-22T01:53:07.216	98.28	0.49	Contig	current	PRJNA883016	32	484658	2533375	gcfgca:GCA_029911285.1	canonical	Bifidobacterium catenulatum																					submitter_match	Yakult Central Institute		Bifidobacterium catenulatum subsp. kashiwanohense	GCF_029911285.1	Tier2	2_57	100.34271769290392	GCF_029911285.1	Tier2	100.34271769290392
GCF_029911315.1	Bifidobacterium catenulatum subsp. catenulatum	YIT 13059	Tier2-unconfirmed	Passes size/contig thresholds, CheckM missing -- needs CheckM2		SAMN30957851	Yakult Central Institute		Japan	2022-09-22T01:53:07.233	98.28		Contig	current	PRJNA883016	19	604992	2025184	gcfgca:GCA_029911315.1	canonical	Bifidobacterium catenulatum																					submitter_match	Yakult Central Institute		Bifidobacterium catenulatum subsp. catenulatum	GCF_029911315.1	Tier2	2_51	100.74087481593877	GCF_029911315.1	Tier2	100.74087481593877
GCF_029911385.1	Bifidobacterium catenulatum subsp. kashiwanohense	YIT 13061	Tier2-unconfirmed	Passes size/contig thresholds, CheckM missing -- needs CheckM2		SAMN30957849	Yakult Central Institute		Belgium	2022-09-22T01:53:07.206	97.84		Contig	current	PRJNA883016	17	322300	2296597	gcfgca:GCA_029911385.1	canonical	Bifidobacterium catenulatum																					submitter_match	Yakult Central Institute		Bifidobacterium catenulatum subsp. kashiwanohense	GCF_029911385.1	Tier2	2_60	99.95413015275616	GCF_029911385.1	Tier2	99.95413015275616
GCF_029911405.1	Bifidobacterium catenulatum subsp. kashiwanohense	YIT 13060	Tier2	Draft: contigs=31, N50=189849, completeness=97.6		SAMN30957848	Yakult Central Institute		Belgium	2022-09-22T01:53:07.186	97.6	0.49	Contig	current	PRJNA883016	31	189849	2370816	gcfgca:GCA_029911405.1	canonical	Bifidobacterium catenulatum																					submitter_match	Yakult Central Institute		Bifidobacterium catenulatum subsp. kashiwanohense	GCF_029911405.1	Tier2	2_58	100.9492041569517	GCF_029911405.1	Tier2	100.9492041569517
GCF_029911415.1	Bifidobacterium catenulatum subsp. kashiwanohense	YIT 13057	Tier2	Draft: contigs=56, N50=119934, completeness=98.03		SAMN30957846	Yakult Central Institute		Japan	2022-09-22T01:53:07.166	98.03	0.98	Contig	current	PRJNA883016	56	119934	2515135	gcfgca:GCA_029911415.1	canonical	Bifidobacterium catenulatum																					submitter_match	Yakult Central Institute		Bifidobacterium catenulatum subsp. kashiwanohense	GCF_029911415.1	Tier2	2_54	100.69110449493505	GCF_029911485.1	Tier2	101.90770479863674
GCF_029911425.1	Bifidobacterium catenulatum subsp. kashiwanohense	YIT 13056	Tier2-unconfirmed	Passes size/contig thresholds, CheckM missing -- needs CheckM2		SAMN30957845	Yakult Central Institute		Japan	2022-09-22T01:53:07.156	98.09		Contig	current	PRJNA883016	18	440592	2276115	gcfgca:GCA_029911425.1	canonical	Bifidobacterium catenulatum																					submitter_match	Yakult Central Institute		Bifidobacterium catenulatum subsp. kashiwanohense	GCF_029911425.1	Tier2	2_52	99.8720183036164	GCF_029911425.1	Tier2	99.8720183036164
GCF_029911435.1	Bifidobacterium catenulatum subsp. kashiwanohense	YIT 13058	Tier2	Draft: contigs=30, N50=194391, completeness=96.56		SAMN30957847	Yakult Central Institute		Japan	2022-09-22T01:53:07.176	96.56	0.49	Contig	current	PRJNA883016	30	194391	2432378	gcfgca:GCA_029911435.1	canonical	Bifidobacterium catenulatum																					submitter_match	Yakult Central Institute		Bifidobacterium catenulatum subsp. kashiwanohense	GCF_029911435.1	Tier2	2_55	100.04433807694942	GCF_029911435.1	Tier2	100.04433807694942
GCF_029911485.1	Bifidobacterium catenulatum subsp. kashiwanohense	YIT 13055	Tier2	Draft: contigs=19, N50=214623, completeness=97.54		SAMN30957844	Yakult Central Institute		Japan	2022-09-22T01:53:07.146	97.54	0.49	Contig	current	PRJNA883016	19	214623	2366111	gcfgca:GCA_029911485.1	canonical	Bifidobacterium catenulatum																					submitter_match	Yakult Central Institute		Bifidobacterium catenulatum subsp. kashiwanohense	GCF_029911485.1	Tier2	2_54	101.90770479863674	GCF_029911485.1	Tier2	101.90770479863674
GCF_029911505.1	Bifidobacterium catenulatum subsp. kashiwanohense	YIT 13054	Tier2	Draft: contigs=23, N50=414320, completeness=98.28		SAMN30957843	Yakult Central Institute		Japan	2022-09-22T01:53:07.133	98.28	0.49	Contig	current	PRJNA883016	23	414320	2256707	gcfgca:GCA_029911505.1	canonical	Bifidobacterium catenulatum																					submitter_match	Yakult Central Institute		Bifidobacterium catenulatum subsp. kashiwanohense	GCF_029911505.1	Tier2	2_54	101.89943461335096	GCF_029911485.1	Tier2	101.90770479863674
GCF_029911515.1	Bifidobacterium catenulatum subsp. kashiwanohense	YIT 13052	Tier2	Draft: contigs=16, N50=410017, completeness=97.6		SAMN30957841	Yakult Central Institute		Japan	2022-09-22T01:53:07.110	97.6	0.49	Contig	current	PRJNA883016	16	410017	2333627	gcfgca:GCA_029911515.1	canonical	Bifidobacterium catenulatum																					submitter_match	Yakult Central Institute		Bifidobacterium catenulatum subsp. kashiwanohense	GCF_029911515.1	Tier2	2_54	101.69833425776577	GCF_029911485.1	Tier2	101.90770479863674
GCF_029911545.1	Bifidobacterium catenulatum subsp. kashiwanohense	YIT 13051	Tier2	Draft: contigs=28, N50=158302, completeness=98.09		SAMN30957840	Yakult Central Institute		Japan	2022-09-22T01:53:07.093	98.09	0.98	Contig	current	PRJNA883016	28	158302	2349394	gcfgca:GCA_029911545.1	canonical	Bifidobacterium catenulatum																					submitter_match	Yakult Central Institute		Bifidobacterium catenulatum subsp. kashiwanohense	GCF_029911545.1	Tier2	2_56	101.04974320090396	GCF_029911545.1	Tier2	101.04974320090396
GCF_029911565.1	Bifidobacterium catenulatum subsp. kashiwanohense	YIT 13053	Tier2	Draft: contigs=15, N50=357486, completeness=98.09		SAMN30957842	Yakult Central Institute		Japan	2022-09-22T01:53:07.123	98.09	0.49	Contig	current	PRJNA883016	15	357486	2340083	gcfgca:GCA_029911565.1	canonical	Bifidobacterium catenulatum																					submitter_match	Yakult Central Institute		Bifidobacterium catenulatum subsp. kashiwanohense	GCF_029911565.1	Tier2	2_53	99.28662951923388	GCF_029911565.1	Tier2	99.28662951923388
GCF_029983035.1	Bifidobacterium longum subsp. infantis	BIF-1	Tier2	Draft: contigs=47, N50=89372, completeness=98.05		SAMN30950990	Quadram Institute Bioscience	blood	United Kingdom	2022-09-21T10:11:04.723	98.05	1.83	Contig	current	PRJNA882778	47	89372	2568131	gcfgca:GCA_029983035.1	canonical	Bifidobacterium longum																					literature	PMID 38344283	2.0	Bifidobacterium longum subsp. infantis	GCF_029983035.1	Tier2	1_52	100.07549447451802	GCF_026967535.1	Tier1	111.19459418099356
GCF_029983055.1	Bifidobacterium longum subsp. infantis	MCM6	Tier2	Draft: contigs=29, N50=237875, completeness=97.59		SAMN30951356	Quadram Institute Bioscience	blood	United Kingdom	2022-09-21T11:05:05.656	97.59	1.83	Contig	current	PRJNA882778	29	237875	2570985	gcfgca:GCA_029983055.1	canonical	Bifidobacterium longum																					literature	PMID 36754140	1.0	Bifidobacterium longum subsp. infantis	GCF_029983055.1	Tier2	1_52	100.38813065083828	GCF_026967535.1	Tier1	111.19459418099356
GCF_030284625.1	Bifidobacterium animalis subsp. lactis	LPL-RH	Tier1	Closed genome: contigs=1, N50=1944123, len=1944223		SAMN35617560	Harbin Meihua Biotechnology Co., LTD	human gut	China:Guangxi Bama	2023-06-05T01:15:12.503	98.94	0.27	Chromosome	current	PRJNA979954	1	1944123	1944223	gcfgca:GCA_030284625.1	canonical	Bifidobacterium animalis																					literature;submitter_match	PMID 34052844;Harbin Meihua Biotechnology Co., LTD	4.0	Bifidobacterium animalis subsp. lactis	GCF_030284625.1	Tier1	3_1	111.98421460977043	GCF_011770105.1	Tier1	112.25343520812255
GCF_030334805.1	Bifidobacterium longum	AO44	Tier2	Draft: contigs=68, N50=130503, completeness=99.69		SAMN32034846	Technion - Israel Institute of Technology		Israel	2022-12-05T02:21:03.153	99.69	0.28	Scaffold	current	PRJNA908295	68	130503	2570071	gcfgca:GCA_030334805.1	canonical	Bifidobacterium longum																					literature	PMID 33317320	2.0	Bifidobacterium longum unspecified	GCF_030334805.1	Tier2	1_98	101.46685457247098	GCF_030334805.1	Tier2	101.46685457247098
GCF_030369575.1	Bifidobacterium longum subsp. longum	BAMA-B05/BAu-B1024	Tier1	Closed genome: contigs=2, N50=2256739, len=2260365		SAMN35813933	Harbin Meihua Biotechnology Co., LTD		China:Bama, Guangxi	2023-06-21T03:01:04.963	99.38	0.16	Chromosome	current	PRJNA985883	2	2256739	2260365	gcfgca:GCA_030369575.1	canonical	Bifidobacterium longum																					submitter_match	Harbin Meihua Biotechnology Co., LTD		Bifidobacterium longum subsp. longum	GCF_030369575.1	Tier1	1_204	113.00669065883292	GCF_045273095.1	Tier1	113.03649533720494
GCF_030414125.1	Bifidobacterium breve	Bif11	Tier2	Draft: contigs=75, N50=164105, completeness=99.25		SAMN08966057	National Agri-Food Biotechnology Institute	stool	India:Chandigarh	2018-04-21T02:27:03.353	99.25	3.33	Contig	current	PRJNA451241	75	164105	2472971	gcfgca:GCA_030414125.1	canonical	Bifidobacterium breve																					literature	PMID 35299989	5.0	Bifidobacterium breve	GCF_030414125.1	Tier2	1_4	101.16756090673414	GCF_030414125.1	Tier2	101.16756090673414
GCF_030414155.1	Bifidobacterium longum subsp. longum	Bif10	Tier2	Draft: contigs=68, N50=146450, completeness=99.34		SAMN08966959	National Agri-Food Biotechnology Institute	stool	India:Chandigarh	2018-04-21T09:14:03.736	99.34	0.5	Contig	current	PRJNA451255	68	146450	2617103	gcfgca:GCA_030414155.1	canonical	Bifidobacterium longum																					literature	PMID 35299989	2.0	Bifidobacterium longum subsp. longum	GCF_030414155.1	Tier2	1_97	100.3328446880088	GCF_030414155.1	Tier2	100.3328446880088
GCF_030441965.1	Bifidobacterium breve	DSM 32583	Tier2	Draft: contigs=11, N50=657788, completeness=98.0	DSM:32583	SAMN34073939	Technical University of Munich	milk	Spain	2023-04-05T05:43:04.970	98.0	1.11	Contig	current	PRJNA952383	11	657788	2292381	gcfgca:GCA_030441965.1	canonical	Bifidobacterium breve																					literature	PMID 39316930	3.0	Bifidobacterium breve	GCF_030441965.1	Tier2	1_5	100.39904297320108	GCF_030441965.1	Tier2	100.39904297320108
GCF_030450025.1	Bifidobacterium longum	XZM1	Tier1	Closed genome: contigs=1, N50=2528511, len=2528511		SAMN31373089	Jiangsu Key Laboratory of Immunity and Metabolism, Xuzhou Medical University		China:Xuzhou, Jiangsu	2022-10-20T01:42:04.697	99.1	0.25	Complete Genome	current	PRJNA892248	1	2528511	2528511	gcfgca:GCA_030450025.1	canonical	Bifidobacterium longum																					literature	PMID 37352557	1.0	Bifidobacterium longum unspecified	GCF_030450025.1	Tier1	1_79	112.67188241846324	GCF_037997085.1	Tier1	113.01113050219918
GCF_030511705.1	Bifidobacterium animalis	ZK-77	Tier2	Draft: contigs=44, N50=321479, completeness=98.97		SAMN36449375	Huazhong University of Science and Technology	missing	China: Wuhan	2023-07-14T08:44:03.863	98.97	0.27	Contig	current	PRJNA994833	44	321479	1930160	gcfgca:GCA_030511705.1	canonical	Bifidobacterium animalis																					literature	PMID 38029238	1.0	Bifidobacterium animalis unspecified	GCF_030511705.1	Tier2	3_1	101.46340214562116	GCF_011770105.1	Tier1	112.25343520812255
GCF_030552855.1	Bifidobacterium animalis subsp. lactis	XLTG11	Tier1	Closed genome: contigs=1, N50=1935437, len=1935437		SAMN36632477	Sunflower Pharmaceutical Group Co., Ltd	Intestines of healthy infants in China	China:Inner Mongolia	2023-07-20T02:35:04.723	98.97	0.27	Complete Genome	current	PRJNA996744	1	1935437	1935437	gcfgca:GCA_030552855.1	canonical	Bifidobacterium animalis																					literature;submitter_match	PMID 42510758;Sunflower Pharmaceutical Group Co., Ltd	5.0	Bifidobacterium animalis subsp. lactis	GCF_030552855.1	Tier1	3_1	112.25320075305808	GCF_011770105.1	Tier1	112.25343520812255
GCF_032463605.1	Bifidobacterium longum	YGMCC0008	Tier1	Closed genome: contigs=1, N50=2313938, len=2314038		SAMN37555085	Beijing YuGen Pharmaceutical Co., Ltd		China	2023-09-27T04:04:04.800	99.21	0.16	Chromosome	current	PRJNA1020989	1	2313938	2314038	gcfgca:GCA_032463605.1	canonical	Bifidobacterium longum																					submitter_match	Beijing YuGen Pharmaceutical Co., Ltd		Bifidobacterium longum unspecified	GCF_032463605.1	Tier1	1_112	112.66030524120112	GCA_045689215.1	Tier1	112.74650916078
GCF_033170275.1	Bifidobacterium longum	YGMCC0410	Tier1	Closed genome: contigs=1, N50=2477907, len=2478007		SAMN37555622	Beijing YuGen Pharmaceutical Co., Ltd		China	2023-09-27T05:59:05.357	98.67	1.96	Chromosome	current	PRJNA1020989	1	2477907	2478007	gcfgca:GCA_033170275.1	canonical	Bifidobacterium longum																					submitter_match	Beijing YuGen Pharmaceutical Co., Ltd		Bifidobacterium longum unspecified	GCF_033170275.1	Tier1	1_179	102.85697348036804	GCF_055383495.1	Tier1	112.7017871831216
GCF_033344515.1	Bifidobacterium longum	YGMCC0049	Tier2	Draft: contigs=42, N50=180020, completeness=98.45		SAMN37555092	Beijing YuGen Pharmaceutical Co., Ltd	feces	China	2023-09-27T04:04:04.866	98.45	0.44	Scaffold	current	PRJNA1020989	42	180020	2350081	gcfgca:GCA_033344515.1	canonical	Bifidobacterium longum																					submitter_match	Beijing YuGen Pharmaceutical Co., Ltd		Bifidobacterium longum unspecified	GCF_033344515.1	Tier2	1_102	102.2773603885054	GCF_033657725.1	Tier2	102.38451999537986
GCF_033344535.1	Bifidobacterium longum	YGMCC0040	Tier2	Draft: contigs=79, N50=93088, completeness=98.42		SAMN37555091	Beijing YuGen Pharmaceutical Co., Ltd	feces	China	2023-09-27T04:04:04.856	98.42	2.12	Contig	current	PRJNA1020989	79	93088	2586656	gcfgca:GCA_033344535.1	canonical	Bifidobacterium longum																					submitter_match	Beijing YuGen Pharmaceutical Co., Ltd		Bifidobacterium longum unspecified	GCF_033344535.1	Tier2	1_66	88.56277728221922	GCF_033658945.1	Tier2	98.93619480903789
GCF_033344545.1	Bifidobacterium longum	YGMCC0039	Tier2	Draft: contigs=37, N50=149237, completeness=97.18		SAMN37555090	Beijing YuGen Pharmaceutical Co., Ltd	feces	China	2023-09-27T04:04:04.846	97.18	0.98	Contig	current	PRJNA1020989	37	149237	2394640	gcfgca:GCA_033344545.1	canonical	Bifidobacterium longum																					submitter_match	Beijing YuGen Pharmaceutical Co., Ltd		Bifidobacterium longum unspecified	GCF_033344545.1	Tier2	1_78	102.28367825055896	GCF_053708835.1	Tier1	112.8908300570263
GCF_033344575.1	Bifidobacterium longum	YGMCC0038	Tier2	Draft: contigs=26, N50=345318, completeness=98.83		SAMN37555089	Beijing YuGen Pharmaceutical Co., Ltd	feces	China	2023-09-27T04:04:04.836	98.83	0.16	Scaffold	current	PRJNA1020989	26	345318	2483951	gcfgca:GCA_033344575.1	canonical	Bifidobacterium longum																					submitter_match	Beijing YuGen Pharmaceutical Co., Ltd		Bifidobacterium longum unspecified	GCF_033344575.1	Tier2	1_109	101.61900959186391	GCF_033659125.1	Tier2	101.71863322394624
GCF_033344585.1	Bifidobacterium longum	YGMCC0025	Tier2	Draft: contigs=32, N50=219519, completeness=98.84		SAMN37555088	Beijing YuGen Pharmaceutical Co., Ltd	feces	China	2023-09-27T04:04:04.830	98.84	1.74	Scaffold	current	PRJNA1020989	32	219519	2586960	gcfgca:GCA_033344585.1	canonical	Bifidobacterium longum																					submitter_match	Beijing YuGen Pharmaceutical Co., Ltd		Bifidobacterium longum unspecified	GCF_033344585.1	Tier2	1_57	101.61036108499964	GCF_033658365.1	Tier2	101.74979326198698
GCF_033344605.1	Bifidobacterium longum	YGMCC0005	Tier2	Draft: contigs=30, N50=181903, completeness=98.05		SAMN37555084	Beijing YuGen Pharmaceutical Co., Ltd	feces	China	2023-09-27T04:04:04.756	98.05	1.09	Contig	current	PRJNA1020989	30	181903	2341466	gcfgca:GCA_033344605.1	canonical	Bifidobacterium longum																					submitter_match	Beijing YuGen Pharmaceutical Co., Ltd		Bifidobacterium longum unspecified	GCF_033344605.1	Tier2	1_78	102.37541993511162	GCF_053708835.1	Tier1	112.8908300570263
GCF_033344625.1	Bifidobacterium longum	YGMCC0018	Tier2	Draft: contigs=49, N50=199715, completeness=98.91		SAMN37555086	Beijing YuGen Pharmaceutical Co., Ltd	feces	China	2023-09-27T04:04:04.810	98.91	0.57	Scaffold	current	PRJNA1020989	49	199715	2338748	gcfgca:GCA_033344625.1	canonical	Bifidobacterium longum																					submitter_match	Beijing YuGen Pharmaceutical Co., Ltd		Bifidobacterium longum unspecified	GCF_033344625.1	Tier2	1_89	102.53003868774488	GCF_024349265.1	Tier2	102.53003868774488
GCF_033344655.1	Bifidobacterium longum	YGMCC0020	Tier2	Draft: contigs=56, N50=164870, completeness=98.89		SAMN37555087	Beijing YuGen Pharmaceutical Co., Ltd	feces	China	2023-09-27T04:04:04.820	98.89	2.12	Contig	current	PRJNA1020989	56	164870	2591793	gcfgca:GCA_033344655.1	canonical	Bifidobacterium longum																					submitter_match	Beijing YuGen Pharmaceutical Co., Ltd		Bifidobacterium longum unspecified	GCF_033344655.1	Tier2	1_66	98.33697951489498	GCF_033658945.1	Tier2	98.93619480903789
GCF_033391045.1	Bifidobacterium longum	YGMCC0051	Tier2	Draft: contigs=35, N50=179102, completeness=99.38		SAMN37555093	Beijing YuGen Pharmaceutical Co., Ltd	feces	China	2023-09-27T04:04:04.876	99.38	0.62	Contig	current	PRJNA1020989	35	179102	2402006	gcfgca:GCA_033391045.1	canonical	Bifidobacterium longum																					submitter_match	Beijing YuGen Pharmaceutical Co., Ltd		Bifidobacterium longum unspecified	GCF_033391045.1	Tier2	1_175	101.5733502232184	GCF_000772485.1	Tier1	112.91494443149966
GCF_033453085.1	Bifidobacterium longum subsp. longum	BG-L47	Tier1	Closed genome: contigs=1, N50=2378960, len=2378960		SAMN38050567	Swedish University of Agricultural Sciences	feces	Finland: Tampere	2023-10-31T12:29:05.533	99.23	0.16	Complete Genome	current	PRJNA1034075	1	2378960	2378960	gcfgca:GCA_033453085.1	canonical	Bifidobacterium longum																					literature	PMID 40892213	2.0	Bifidobacterium longum subsp. longum	GCF_033453085.1	Tier1	1_129	111.82819356992044	GCF_033453085.1	Tier1	111.82819356992044
GCF_033657725.1	Bifidobacterium longum	YGMCC0327	Tier2	Draft: contigs=29, N50=234013, completeness=98.45		SAMN37555372	Beijing YuGen Pharmaceutical Co., Ltd		China	2023-09-27T05:00:08.924	98.45	0.44	Scaffold	current	PRJNA1020989	29	234013	2315118	gcfgca:GCA_033657725.1	canonical	Bifidobacterium longum																					submitter_match	Beijing YuGen Pharmaceutical Co., Ltd		Bifidobacterium longum unspecified	GCF_033657725.1	Tier2	1_102	102.38451999537986	GCF_033657725.1	Tier2	102.38451999537986
GCF_033657745.1	Bifidobacterium longum	YGMCC0325	Tier2	Draft: contigs=14, N50=244739, completeness=98.61		SAMN37555371	Beijing YuGen Pharmaceutical Co., Ltd		China	2023-09-27T05:00:08.911	98.61	2.15	Contig	current	PRJNA1020989	14	244739	2522484	gcfgca:GCA_033657745.1	canonical	Bifidobacterium longum																					submitter_match	Beijing YuGen Pharmaceutical Co., Ltd		Bifidobacterium longum unspecified	GCF_033657745.1	Tier2	1_69	97.4143515905917	GCF_033657745.1	Tier2	97.4143515905917
GCF_033657795.1	Bifidobacterium longum	YGMCC0302	Tier2	Draft: contigs=23, N50=238339, completeness=99.38		SAMN37555367	Beijing YuGen Pharmaceutical Co., Ltd		China	2023-09-27T05:00:08.855	99.38	0.16	Contig	current	PRJNA1020989	23	238339	2346649	gcfgca:GCA_033657795.1	canonical	Bifidobacterium longum																					submitter_match	Beijing YuGen Pharmaceutical Co., Ltd		Bifidobacterium longum unspecified	GCF_033657795.1	Tier2	1_90	102.18374755627768	GCF_000210755.1	Tier2	102.54904300778696
GCF_033657865.1	Bifidobacterium longum	YGMCC0311	Tier2	Draft: contigs=55, N50=89134, completeness=98.64		SAMN37555370	Beijing YuGen Pharmaceutical Co., Ltd		China	2023-09-27T05:00:08.901	98.64	2.18	Contig	current	PRJNA1020989	55	89134	2692014	gcfgca:GCA_033657865.1	canonical	Bifidobacterium longum																					submitter_match	Beijing YuGen Pharmaceutical Co., Ltd		Bifidobacterium longum unspecified	GCF_033657865.1	Tier2	1_55	96.20488838251286	GCF_033657865.1	Tier2	96.20488838251286
GCF_033657905.1	Bifidobacterium longum	YGMCC0308	Tier2	Draft: contigs=25, N50=373576, completeness=98.91		SAMN37555368	Beijing YuGen Pharmaceutical Co., Ltd		China	2023-09-27T05:00:08.866	98.91	0.86	Contig	current	PRJNA1020989	25	373576	2432201	gcfgca:GCA_033657905.1	canonical	Bifidobacterium longum																					submitter_match	Beijing YuGen Pharmaceutical Co., Ltd		Bifidobacterium longum unspecified	GCF_033657905.1	Tier2	1_93	101.24628950996006	GCF_033657905.1	Tier2	101.24628950996006
GCF_033657925.1	Bifidobacterium longum	YGMCC0271	Tier2	Draft: contigs=31, N50=166864, completeness=98.89		SAMN37555364	Beijing YuGen Pharmaceutical Co., Ltd		China	2023-09-27T05:00:08.803	98.89	0.51	Contig	current	PRJNA1020989	31	166864	2518936	gcfgca:GCA_033657925.1	canonical	Bifidobacterium longum																					submitter_match	Beijing YuGen Pharmaceutical Co., Ltd		Bifidobacterium longum unspecified	GCF_033657925.1	Tier2	1_68	100.28118132505692	GCF_033657925.1	Tier2	100.28118132505692
GCF_033657955.1	Bifidobacterium longum	YGMCC0295	Tier2	Draft: contigs=25, N50=213180, completeness=98.89		SAMN37555365	Beijing YuGen Pharmaceutical Co., Ltd		China	2023-09-27T05:00:08.820	98.89	2.09	Contig	current	PRJNA1020989	25	213180	2711077	gcfgca:GCA_033657955.1	canonical	Bifidobacterium longum																					submitter_match	Beijing YuGen Pharmaceutical Co., Ltd		Bifidobacterium longum unspecified	GCF_033657955.1	Tier2	1_55	96.12423991321434	GCF_033657865.1	Tier2	96.20488838251286
GCF_033657985.1	Bifidobacterium longum	YGMCC0233	Tier2	Draft: contigs=6, N50=1609469, completeness=98.19		SAMN37555363	Beijing YuGen Pharmaceutical Co., Ltd		China	2023-09-27T05:00:08.794	98.19	2.19	Contig	current	PRJNA1020989	6	1609469	2395492	gcfgca:GCA_033657985.1	canonical	Bifidobacterium longum																					submitter_match	Beijing YuGen Pharmaceutical Co., Ltd		Bifidobacterium longum unspecified	GCF_033657985.1	Tier2	1_77	101.26334130807572	GCF_033657985.1	Tier2	101.26334130807572
GCF_033658025.1	Bifidobacterium longum	YGMCC0192	Tier2	Draft: contigs=29, N50=164458, completeness=98.82		SAMN37555358	Beijing YuGen Pharmaceutical Co., Ltd		China	2023-09-27T05:00:08.724	98.82	2.29	Contig	current	PRJNA1020989	29	164458	2645579	gcfgca:GCA_033658025.1	canonical	Bifidobacterium longum																					submitter_match	Beijing YuGen Pharmaceutical Co., Ltd		Bifidobacterium longum unspecified	GCF_033658025.1	Tier2	1_58	99.25797034987596	GCA_045689145.1	Tier1	109.7563467011142
GCF_033658055.1	Bifidobacterium longum	YGMCC0227	Tier2	Draft: contigs=15, N50=352488, completeness=98.42		SAMN37555360	Beijing YuGen Pharmaceutical Co., Ltd		China	2023-09-27T05:00:08.746	98.42	2.24	Contig	current	PRJNA1020989	15	352488	2783170	gcfgca:GCA_033658055.1	canonical	Bifidobacterium longum																					submitter_match	Beijing YuGen Pharmaceutical Co., Ltd		Bifidobacterium longum unspecified	GCF_033658055.1	Tier2	1_66	96.15630695554822	GCF_033658945.1	Tier2	98.93619480903789
GCF_033658105.1	Bifidobacterium longum	YGMCC0186	Tier2	Draft: contigs=3, N50=2383108, completeness=98.76		SAMN37555356	Beijing YuGen Pharmaceutical Co., Ltd		China	2023-09-27T05:00:08.699	98.76	3.63	Contig	current	PRJNA1020989	3	2383108	2592345	gcfgca:GCA_033658105.1	canonical	Bifidobacterium longum																					submitter_match	Beijing YuGen Pharmaceutical Co., Ltd		Bifidobacterium longum unspecified	GCF_033658105.1	Tier2	1_63	98.47857186228552	GCF_033658105.1	Tier2	98.47857186228552
GCF_033658165.1	Bifidobacterium longum	YGMCC0181	Tier2	Draft: contigs=30, N50=165752, completeness=98.31		SAMN37555355	Beijing YuGen Pharmaceutical Co., Ltd		China	2023-09-27T05:00:08.689	98.31	1.66	Contig	current	PRJNA1020989	30	165752	2540267	gcfgca:GCA_033658165.1	canonical	Bifidobacterium longum																					submitter_match	Beijing YuGen Pharmaceutical Co., Ltd		Bifidobacterium longum unspecified	GCF_033658165.1	Tier2	1_66	98.84824242903576	GCF_033658945.1	Tier2	98.93619480903789
GCF_033658185.1	Bifidobacterium longum	YGMCC0145	Tier2	Draft: contigs=23, N50=216244, completeness=98.84		SAMN37555353	Beijing YuGen Pharmaceutical Co., Ltd		China	2023-09-27T05:00:08.669	98.84	1.74	Scaffold	current	PRJNA1020989	23	216244	2573051	gcfgca:GCA_033658185.1	canonical	Bifidobacterium longum																					submitter_match	Beijing YuGen Pharmaceutical Co., Ltd		Bifidobacterium longum unspecified	GCF_033658185.1	Tier2	1_57	101.6003586297946	GCF_033658365.1	Tier2	101.74979326198698
GCF_033658205.1	Bifidobacterium longum	YGMCC0120	Tier2	Draft: contigs=19, N50=218921, completeness=98.84		SAMN37555352	Beijing YuGen Pharmaceutical Co., Ltd		China	2023-09-27T05:00:08.659	98.84	1.74	Contig	current	PRJNA1020989	19	218921	2560895	gcfgca:GCA_033658205.1	canonical	Bifidobacterium longum																					submitter_match	Beijing YuGen Pharmaceutical Co., Ltd		Bifidobacterium longum unspecified	GCF_033658205.1	Tier2	1_57	101.59984370655692	GCF_033658365.1	Tier2	101.74979326198698
GCF_033658265.1	Bifidobacterium longum	YGMCC0102	Tier2	Draft: contigs=35, N50=108363, completeness=98.91		SAMN37555350	Beijing YuGen Pharmaceutical Co., Ltd		China	2023-09-27T05:00:08.621	98.91	0.16	Contig	current	PRJNA1020989	35	108363	2405873	gcfgca:GCA_033658265.1	canonical	Bifidobacterium longum																					submitter_match	Beijing YuGen Pharmaceutical Co., Ltd		Bifidobacterium longum unspecified	GCF_033658265.1	Tier2	1_163	100.88744050992572	GCF_033658265.1	Tier2	100.88744050992572
GCF_033658285.1	Bifidobacterium longum	YGMCC0092	Tier2	Draft: contigs=18, N50=290332, completeness=98.89		SAMN37555348	Beijing YuGen Pharmaceutical Co., Ltd		China	2023-09-27T05:00:08.587	98.89	2.24	Contig	current	PRJNA1020989	18	290332	2798442	gcfgca:GCA_033658285.1	canonical	Bifidobacterium longum																					submitter_match	Beijing YuGen Pharmaceutical Co., Ltd		Bifidobacterium longum unspecified	GCF_033658285.1	Tier2	1_66	95.16413875987404	GCF_033658945.1	Tier2	98.93619480903789
GCF_033658365.1	Bifidobacterium longum	YGMCCO110	Tier2	Draft: contigs=19, N50=217072, completeness=98.65		SAMN37555351	Beijing YuGen Pharmaceutical Co., Ltd		China	2023-09-27T05:00:08.640	98.65	1.46	Scaffold	current	PRJNA1020989	19	217072	2594024	gcfgca:GCA_033658365.1	canonical	Bifidobacterium longum																					submitter_match	Beijing YuGen Pharmaceutical Co., Ltd		Bifidobacterium longum unspecified	GCF_033658365.1	Tier2	1_57	101.74979326198698	GCF_033658365.1	Tier2	101.74979326198698
GCF_033658405.1	Bifidobacterium longum	YGMCC0093	Tier2	Draft: contigs=54, N50=67572, completeness=98.31		SAMN37555349	Beijing YuGen Pharmaceutical Co., Ltd		China	2023-09-27T05:00:08.601	98.31	0.16	Contig	current	PRJNA1020989	54	67572	2205781	gcfgca:GCA_033658405.1	canonical	Bifidobacterium longum																					submitter_match	Beijing YuGen Pharmaceutical Co., Ltd		Bifidobacterium longum unspecified	GCF_033658405.1	Tier2	1_81	101.86488339623106	GCF_004333105.1	Tier2	102.14221164286872
GCF_033658425.1	Bifidobacterium longum	YGMCC0069	Tier2	Draft: contigs=33, N50=126425, completeness=98.42		SAMN37555344	Beijing YuGen Pharmaceutical Co., Ltd		China	2023-09-27T05:00:08.537	98.42	1.66	Contig	current	PRJNA1020989	33	126425	2536263	gcfgca:GCA_033658425.1	canonical	Bifidobacterium longum																					submitter_match	Beijing YuGen Pharmaceutical Co., Ltd		Bifidobacterium longum unspecified	GCF_033658425.1	Tier2	1_66	98.78933386121572	GCF_033658945.1	Tier2	98.93619480903789
GCF_033658445.1	Bifidobacterium longum	YGMCC0005b	Tier2	Draft: contigs=20, N50=234794, completeness=98.42		SAMN37555628	Beijing YuGen Pharmaceutical Co., Ltd		China	2023-09-27T05:59:05.414	98.42	2.24	Contig	current	PRJNA1020989	20	234794	2801809	gcfgca:GCA_033658445.1	canonical	Bifidobacterium longum																					submitter_match	Beijing YuGen Pharmaceutical Co., Ltd		Bifidobacterium longum unspecified	GCF_033658445.1	Tier2	1_66	95.6681087218078	GCF_033658945.1	Tier2	98.93619480903789
GCF_033658485.1	Bifidobacterium longum	YGMCC0341	Tier2	Draft: contigs=20, N50=219925, completeness=99.38		SAMN37555626	Beijing YuGen Pharmaceutical Co., Ltd		China	2023-09-27T05:59:05.396	99.38	0.25	Contig	current	PRJNA1020989	20	219925	2274618	gcfgca:GCA_033658485.1	canonical	Bifidobacterium longum																					submitter_match	Beijing YuGen Pharmaceutical Co., Ltd		Bifidobacterium longum unspecified	GCF_033658485.1	Tier2	1_105	102.39103730359568	GCF_016648895.1	Tier2	102.4506491436302
GCF_033658525.1	Bifidobacterium longum	YGMCC0342	Tier2	Draft: contigs=3, N50=2526018, completeness=99.85		SAMN37555625	Beijing YuGen Pharmaceutical Co., Ltd		China	2023-09-27T05:59:05.383	99.85	0.16	Contig	current	PRJNA1020989	3	2526018	2532578	gcfgca:GCA_033658525.1	canonical	Bifidobacterium longum																					submitter_match	Beijing YuGen Pharmaceutical Co., Ltd		Bifidobacterium longum unspecified	GCF_033658525.1	Tier2	1_184	102.43171825337345	GCF_033658525.1	Tier2	102.43171825337345
GCF_033658565.1	Bifidobacterium longum	YGMCC0335	Tier2	Draft: contigs=22, N50=166728, completeness=99.29		SAMN37555627	Beijing YuGen Pharmaceutical Co., Ltd		China	2023-09-27T05:59:05.404	99.29	0.27	Contig	current	PRJNA1020989	22	166728	2359497	gcfgca:GCA_033658565.1	canonical	Bifidobacterium longum																					submitter_match	Beijing YuGen Pharmaceutical Co., Ltd		Bifidobacterium longum unspecified	GCF_033658565.1	Tier2	1_104	102.31100427982972	GCF_033658565.1	Tier2	102.31100427982972
GCF_033658605.1	Bifidobacterium longum	YGMCC0406	Tier2	Draft: contigs=22, N50=199217, completeness=98.91		SAMN37555623	Beijing YuGen Pharmaceutical Co., Ltd		China	2023-09-27T05:59:05.366	98.91	0.57	Contig	current	PRJNA1020989	22	199217	2295144	gcfgca:GCA_033658605.1	canonical	Bifidobacterium longum																					submitter_match	Beijing YuGen Pharmaceutical Co., Ltd		Bifidobacterium longum unspecified	GCF_033658605.1	Tier2	1_89	102.47939654658268	GCF_024349265.1	Tier2	102.53003868774488
GCF_033658625.1	Bifidobacterium longum	YGMCC0388	Tier2	Draft: contigs=28, N50=188023, completeness=98.84		SAMN37555624	Beijing YuGen Pharmaceutical Co., Ltd		China	2023-09-27T05:59:05.375	98.84	0.31	Contig	current	PRJNA1020989	28	188023	2394534	gcfgca:GCA_033658625.1	canonical	Bifidobacterium longum																					submitter_match	Beijing YuGen Pharmaceutical Co., Ltd		Bifidobacterium longum unspecified	GCF_033658625.1	Tier2	1_112	102.14792550336956	GCA_045689215.1	Tier1	112.74650916078
GCF_033658685.1	Bifidobacterium longum	YGMCC0429	Tier2	Draft: contigs=32, N50=146877, completeness=98.42		SAMN37555621	Beijing YuGen Pharmaceutical Co., Ltd		China	2023-09-27T05:59:05.348	98.42	1.66	Contig	current	PRJNA1020989	32	146877	2537878	gcfgca:GCA_033658685.1	canonical	Bifidobacterium longum																					submitter_match	Beijing YuGen Pharmaceutical Co., Ltd		Bifidobacterium longum unspecified	GCF_033658685.1	Tier2	1_66	98.8218507964572	GCF_033658945.1	Tier2	98.93619480903789
GCF_033658725.1	Bifidobacterium longum	YGMCC0436	Tier2	Draft: contigs=31, N50=164272, completeness=98.42		SAMN37555620	Beijing YuGen Pharmaceutical Co., Ltd		China	2023-09-27T05:59:05.339	98.42	1.66	Contig	current	PRJNA1020989	31	164272	2540154	gcfgca:GCA_033658725.1	canonical	Bifidobacterium longum																					submitter_match	Beijing YuGen Pharmaceutical Co., Ltd		Bifidobacterium longum unspecified	GCF_033658725.1	Tier2	1_66	98.84629046412672	GCF_033658945.1	Tier2	98.93619480903789
GCF_033658745.1	Bifidobacterium longum	YGMCC0446	Tier2	Draft: contigs=40, N50=97031, completeness=99.2		SAMN37555619	Beijing YuGen Pharmaceutical Co., Ltd		China	2023-09-27T05:59:05.329	99.2	0.23	Contig	current	PRJNA1020989	40	97031	2315293	gcfgca:GCA_033658745.1	canonical	Bifidobacterium longum																					submitter_match	Beijing YuGen Pharmaceutical Co., Ltd		Bifidobacterium longum unspecified	GCF_033658745.1	Tier2	1_215	102.27758858698316	GCF_001446255.1	Tier1	106.06626636439258
GCF_033658765.1	Bifidobacterium longum	YGMCC0458	Tier2	Draft: contigs=15, N50=454110, completeness=97.28		SAMN37555618	Beijing YuGen Pharmaceutical Co., Ltd		China	2023-09-27T05:59:05.317	97.28	0.16	Contig	current	PRJNA1020989	15	454110	2308765	gcfgca:GCA_033658765.1	canonical	Bifidobacterium longum																					submitter_match	Beijing YuGen Pharmaceutical Co., Ltd		Bifidobacterium longum unspecified	GCF_033658765.1	Tier2	1_72	101.67848051622948	GCF_033658765.1	Tier2	101.67848051622948
GCF_033658785.1	Bifidobacterium longum	YGMCC0478	Tier2	Draft: contigs=24, N50=188332, completeness=99.38		SAMN37555616	Beijing YuGen Pharmaceutical Co., Ltd		China	2023-09-27T05:59:05.299	99.38	0.25	Contig	current	PRJNA1020989	24	188332	2442881	gcfgca:GCA_033658785.1	canonical	Bifidobacterium longum																					submitter_match	Beijing YuGen Pharmaceutical Co., Ltd		Bifidobacterium longum unspecified	GCF_033658785.1	Tier2	1_105	101.0273287236285	GCF_016648895.1	Tier2	102.4506491436302
GCF_033658805.1	Bifidobacterium longum	YGMCC0469	Tier2	Draft: contigs=30, N50=165752, completeness=98.31		SAMN37555617	Beijing YuGen Pharmaceutical Co., Ltd		China	2023-09-27T05:59:05.308	98.31	1.66	Contig	current	PRJNA1020989	30	165752	2540267	gcfgca:GCA_033658805.1	canonical	Bifidobacterium longum																					submitter_match	Beijing YuGen Pharmaceutical Co., Ltd		Bifidobacterium longum unspecified	GCF_033658805.1	Tier2	1_66	98.84824242903576	GCF_033658945.1	Tier2	98.93619480903789
GCF_033658825.1	Bifidobacterium longum	YGMCC0480	Tier2	Draft: contigs=31, N50=162891, completeness=98.42		SAMN37555615	Beijing YuGen Pharmaceutical Co., Ltd		China	2023-09-27T05:59:05.291	98.42	1.66	Contig	current	PRJNA1020989	31	162891	2537093	gcfgca:GCA_033658825.1	canonical	Bifidobacterium longum																					submitter_match	Beijing YuGen Pharmaceutical Co., Ltd		Bifidobacterium longum unspecified	GCF_033658825.1	Tier2	1_66	98.84435287915844	GCF_033658945.1	Tier2	98.93619480903789
GCF_033658845.1	Bifidobacterium longum	YGMCC0483	Tier2	Draft: contigs=26, N50=191974, completeness=98.73		SAMN37555614	Beijing YuGen Pharmaceutical Co., Ltd		China	2023-09-27T05:59:05.282	98.73	2.29	Contig	current	PRJNA1020989	26	191974	2657150	gcfgca:GCA_033658845.1	canonical	Bifidobacterium longum																					submitter_match	Beijing YuGen Pharmaceutical Co., Ltd		Bifidobacterium longum unspecified	GCF_033658845.1	Tier2	1_58	99.24153549552588	GCA_045689145.1	Tier1	109.7563467011142
GCF_033658865.1	Bifidobacterium longum	YGMCC0491	Tier2	Draft: contigs=33, N50=164272, completeness=98.36		SAMN37555612	Beijing YuGen Pharmaceutical Co., Ltd		China	2023-09-27T05:59:05.264	98.36	1.66	Contig	current	PRJNA1020989	33	164272	2535086	gcfgca:GCA_033658865.1	canonical	Bifidobacterium longum																					submitter_match	Beijing YuGen Pharmaceutical Co., Ltd		Bifidobacterium longum unspecified	GCF_033658865.1	Tier2	1_66	98.89621220322812	GCF_033658945.1	Tier2	98.93619480903789
GCF_033658885.1	Bifidobacterium longum	YGMCC0492	Tier2	Draft: contigs=21, N50=146707, completeness=99.15		SAMN37555611	Beijing YuGen Pharmaceutical Co., Ltd		China	2023-09-27T05:59:05.256	99.15	0.16	Contig	current	PRJNA1020989	21	146707	2251456	gcfgca:GCA_033658885.1	canonical	Bifidobacterium longum																					submitter_match	Beijing YuGen Pharmaceutical Co., Ltd		Bifidobacterium longum unspecified	GCF_033658885.1	Tier2	1_108	102.2349954353122	GCF_014334075.1	Tier1	112.89328377873572
GCF_033658905.1	Bifidobacterium longum	YGMCC0484	Tier2	Draft: contigs=13, N50=233400, completeness=99.08		SAMN37555613	Beijing YuGen Pharmaceutical Co., Ltd		China	2023-09-27T05:59:05.273	99.08	1.84	Contig	current	PRJNA1020989	13	233400	2595901	gcfgca:GCA_033658905.1	canonical	Bifidobacterium longum																					submitter_match	Beijing YuGen Pharmaceutical Co., Ltd		Bifidobacterium longum unspecified	GCF_033658905.1	Tier2	1_70	98.86405042585469	GCF_033658905.1	Tier2	98.86405042585469
GCF_033658925.1	Bifidobacterium longum	YGMCC0494	Tier2	Draft: contigs=43, N50=96309, completeness=97.49		SAMN37555610	Beijing YuGen Pharmaceutical Co., Ltd		China	2023-09-27T05:59:05.247	97.49	1.23	Contig	current	PRJNA1020989	43	96309	2460906	gcfgca:GCA_033658925.1	canonical	Bifidobacterium longum																					submitter_match	Beijing YuGen Pharmaceutical Co., Ltd		Bifidobacterium longum unspecified	GCF_033658925.1	Tier2	1_47	97.82183343674866	GCF_033658925.1	Tier2	97.82183343674866
GCF_033658945.1	Bifidobacterium longum	YGMCC0507	Tier2	Draft: contigs=30, N50=164272, completeness=98.89		SAMN37555609	Beijing YuGen Pharmaceutical Co., Ltd		China	2023-09-27T05:59:05.238	98.89	2.12	Contig	current	PRJNA1020989	30	164272	2539459	gcfgca:GCA_033658945.1	canonical	Bifidobacterium longum																					submitter_match	Beijing YuGen Pharmaceutical Co., Ltd		Bifidobacterium longum unspecified	GCF_033658945.1	Tier2	1_66	98.93619480903789	GCF_033658945.1	Tier2	98.93619480903789
GCF_033658965.1	Bifidobacterium longum	YGMCC0514	Tier2	Draft: contigs=8, N50=418876, completeness=99.11		SAMN37555607	Beijing YuGen Pharmaceutical Co., Ltd		China	2023-09-27T05:59:05.220	99.11	0.16	Contig	current	PRJNA1020989	8	418876	2305330	gcfgca:GCA_033658965.1	canonical	Bifidobacterium longum																					submitter_match	Beijing YuGen Pharmaceutical Co., Ltd		Bifidobacterium longum unspecified	GCF_033658965.1	Tier2	1_205	102.5410027321893	GCF_033659065.1	Tier2	102.80526034192695
GCF_033658985.1	Bifidobacterium longum	YGMCC0538	Tier2	Draft: contigs=32, N50=164272, completeness=98.31		SAMN37555604	Beijing YuGen Pharmaceutical Co., Ltd		China	2023-09-27T05:59:05.191	98.31	1.66	Contig	current	PRJNA1020989	32	164272	2536770	gcfgca:GCA_033658985.1	canonical	Bifidobacterium longum																					submitter_match	Beijing YuGen Pharmaceutical Co., Ltd		Bifidobacterium longum unspecified	GCF_033658985.1	Tier2	1_66	98.83621220063662	GCF_033658945.1	Tier2	98.93619480903789
GCF_033659005.1	Bifidobacterium longum	YGMCC0516	Tier2	Draft: contigs=25, N50=213180, completeness=98.89		SAMN37555606	Beijing YuGen Pharmaceutical Co., Ltd		China	2023-09-27T05:59:05.212	98.89	2.09	Contig	current	PRJNA1020989	25	213180	2711077	gcfgca:GCA_033659005.1	canonical	Bifidobacterium longum																					submitter_match	Beijing YuGen Pharmaceutical Co., Ltd		Bifidobacterium longum unspecified	GCF_033659005.1	Tier2	1_55	96.12423991321434	GCF_033657865.1	Tier2	96.20488838251286
GCF_033659025.1	Bifidobacterium longum	YGMCC0555	Tier2	Draft: contigs=6, N50=1924469, completeness=98.89		SAMN37555602	Beijing YuGen Pharmaceutical Co., Ltd		China	2023-09-27T05:59:05.172	98.89	1.43	Contig	current	PRJNA1020989	6	1924469	2618972	gcfgca:GCA_033659025.1	canonical	Bifidobacterium longum																					submitter_match	Beijing YuGen Pharmaceutical Co., Ltd		Bifidobacterium longum unspecified	GCF_033659025.1	Tier2	1_61	98.902155459862	GCF_033659025.1	Tier2	98.902155459862
GCF_033659045.1	Bifidobacterium longum	YGMCC0556	Tier2	Draft: contigs=105, N50=52716, completeness=98.3		SAMN37555601	Beijing YuGen Pharmaceutical Co., Ltd		China	2023-09-27T05:59:05.163	98.3	1.29	Scaffold	current	PRJNA1020989	105	52716	2496197	gcfgca:GCA_033659045.1	canonical	Bifidobacterium longum																					submitter_match	Beijing YuGen Pharmaceutical Co., Ltd		Bifidobacterium longum unspecified	GCF_033659045.1	Tier2	1_62	99.58378002532938	GCF_033659045.1	Tier2	99.58378002532938
GCF_033659065.1	Bifidobacterium longum	YGMCC0581	Tier2	Draft: contigs=8, N50=1350830, completeness=99.11		SAMN37555600	Beijing YuGen Pharmaceutical Co., Ltd		China	2023-09-27T05:59:05.155	99.11	0.16	Scaffold	current	PRJNA1020989	8	1350830	2306591	gcfgca:GCA_033659065.1	canonical	Bifidobacterium longum																					submitter_match	Beijing YuGen Pharmaceutical Co., Ltd		Bifidobacterium longum unspecified	GCF_033659065.1	Tier2	1_205	102.80526034192695	GCF_033659065.1	Tier2	102.80526034192695
GCF_033659085.1	Bifidobacterium longum	YGMCC0593	Tier2	Draft: contigs=33, N50=164272, completeness=98.36		SAMN37555599	Beijing YuGen Pharmaceutical Co., Ltd		China	2023-09-27T05:59:05.146	98.36	1.66	Contig	current	PRJNA1020989	33	164272	2535086	gcfgca:GCA_033659085.1	canonical	Bifidobacterium longum																					submitter_match	Beijing YuGen Pharmaceutical Co., Ltd		Bifidobacterium longum unspecified	GCF_033659085.1	Tier2	1_66	98.89621220322812	GCF_033658945.1	Tier2	98.93619480903789
GCF_033659105.1	Bifidobacterium longum	YGMCC609	Tier2	Draft: contigs=30, N50=164272, completeness=98.89		SAMN37555597	Beijing YuGen Pharmaceutical Co., Ltd		China	2023-09-27T05:59:05.128	98.89	2.12	Contig	current	PRJNA1020989	30	164272	2539459	gcfgca:GCA_033659105.1	canonical	Bifidobacterium longum																					submitter_match	Beijing YuGen Pharmaceutical Co., Ltd		Bifidobacterium longum unspecified	GCF_033659105.1	Tier2	1_66	98.93619480903789	GCF_033658945.1	Tier2	98.93619480903789
GCF_033659125.1	Bifidobacterium longum	YGMCC0619	Tier2	Draft: contigs=19, N50=344720, completeness=98.83		SAMN37555594	Beijing YuGen Pharmaceutical Co., Ltd		China	2023-09-27T05:59:05.093	98.83	0.16	Scaffold	current	PRJNA1020989	19	344720	2464635	gcfgca:GCA_033659125.1	canonical	Bifidobacterium longum																					submitter_match	Beijing YuGen Pharmaceutical Co., Ltd		Bifidobacterium longum unspecified	GCF_033659125.1	Tier2	1_109	101.71863322394624	GCF_033659125.1	Tier2	101.71863322394624
GCF_033659145.1	Bifidobacterium longum	YGMCC0643	Tier2	Draft: contigs=14, N50=325830, completeness=98.89		SAMN37555592	Beijing YuGen Pharmaceutical Co., Ltd		China	2023-09-27T05:59:05.069	98.89	1.39	Scaffold	current	PRJNA1020989	14	325830	2733997	gcfgca:GCA_033659145.1	canonical	Bifidobacterium longum																					submitter_match	Beijing YuGen Pharmaceutical Co., Ltd		Bifidobacterium longum unspecified	GCF_033659145.1	Tier2	1_56	99.7164955342076	GCF_033659145.1	Tier2	99.7164955342076
GCF_033659165.1	Bifidobacterium longum	YGMCC0615	Tier2	Draft: contigs=21, N50=181305, completeness=98.05		SAMN37555596	Beijing YuGen Pharmaceutical Co., Ltd		China	2023-09-27T05:59:05.119	98.05	1.02	Contig	current	PRJNA1020989	21	181305	2320142	gcfgca:GCA_033659165.1	canonical	Bifidobacterium longum																					submitter_match	Beijing YuGen Pharmaceutical Co., Ltd		Bifidobacterium longum unspecified	GCF_033659165.1	Tier2	1_78	102.32458489880251	GCF_053708835.1	Tier1	112.8908300570263
GCF_033659185.1	Bifidobacterium longum	YGMCC0633	Tier2	Draft: contigs=28, N50=231873, completeness=98.45		SAMN37555593	Beijing YuGen Pharmaceutical Co., Ltd		China	2023-09-27T05:59:05.080	98.45	0.44	Contig	current	PRJNA1020989	28	231873	2314666	gcfgca:GCA_033659185.1	canonical	Bifidobacterium longum																					submitter_match	Beijing YuGen Pharmaceutical Co., Ltd		Bifidobacterium longum unspecified	GCF_033659185.1	Tier2	1_102	102.38252509377764	GCF_033657725.1	Tier2	102.38451999537986
GCF_033659205.1	Bifidobacterium longum	YGMCC0647	Tier2	Draft: contigs=8, N50=418876, completeness=99.11		SAMN37555591	Beijing YuGen Pharmaceutical Co., Ltd		China	2023-09-27T05:59:05.058	99.11	0.16	Contig	current	PRJNA1020989	8	418876	2305330	gcfgca:GCA_033659205.1	canonical	Bifidobacterium longum																					submitter_match	Beijing YuGen Pharmaceutical Co., Ltd		Bifidobacterium longum unspecified	GCF_033659205.1	Tier2	1_205	102.5410027321893	GCF_033659065.1	Tier2	102.80526034192695
GCF_033659225.1	Bifidobacterium longum	YGMCC0650	Tier2	Draft: contigs=21, N50=195842, completeness=99.29		SAMN37555590	Beijing YuGen Pharmaceutical Co., Ltd		China	2023-09-27T05:59:05.049	99.29	0.16	Contig	current	PRJNA1020989	21	195842	2282080	gcfgca:GCA_033659225.1	canonical	Bifidobacterium longum																					submitter_match	Beijing YuGen Pharmaceutical Co., Ltd		Bifidobacterium longum unspecified	GCF_033659225.1	Tier2	1_214	102.32365289378728	GCF_033659225.1	Tier2	102.32365289378728
GCF_033659235.1	Bifidobacterium longum	YGMCC0669	Tier2	Draft: contigs=31, N50=164272, completeness=98.42		SAMN37555588	Beijing YuGen Pharmaceutical Co., Ltd		China	2023-09-27T05:59:04.994	98.42	1.66	Contig	current	PRJNA1020989	31	164272	2540154	gcfgca:GCA_033659235.1	canonical	Bifidobacterium longum																					submitter_match	Beijing YuGen Pharmaceutical Co., Ltd		Bifidobacterium longum unspecified	GCF_033659235.1	Tier2	1_66	98.84629046412672	GCF_033658945.1	Tier2	98.93619480903789
GCF_033659265.1	Bifidobacterium longum	YGMCC0685	Tier2	Draft: contigs=28, N50=160353, completeness=98.82		SAMN37555586	Beijing YuGen Pharmaceutical Co., Ltd		China	2023-09-27T05:59:04.974	98.82	2.29	Contig	current	PRJNA1020989	28	160353	2649699	gcfgca:GCA_033659265.1	canonical	Bifidobacterium longum																					submitter_match	Beijing YuGen Pharmaceutical Co., Ltd		Bifidobacterium longum unspecified	GCF_033659265.1	Tier2	1_58	99.2024528332388	GCA_045689145.1	Tier1	109.7563467011142
GCF_033659285.1	Bifidobacterium longum	YGMCC0672	Tier2	Draft: contigs=57, N50=105324, completeness=96.93		SAMN37555587	Beijing YuGen Pharmaceutical Co., Ltd		China	2023-09-27T05:59:04.986	96.93	1.66	Contig	current	PRJNA1020989	57	105324	2521396	gcfgca:GCA_033659285.1	canonical	Bifidobacterium longum																					submitter_match	Beijing YuGen Pharmaceutical Co., Ltd		Bifidobacterium longum unspecified	GCF_033659285.1	Tier2	1_66	98.48976803617433	GCF_033658945.1	Tier2	98.93619480903789
GCF_033659305.1	Bifidobacterium longum	YGMCC697	Tier2	Draft: contigs=19, N50=203199, completeness=99.26		SAMN37555585	Beijing YuGen Pharmaceutical Co., Ltd		China	2023-09-27T05:59:04.966	99.26	0.16	Contig	current	PRJNA1020989	19	203199	2291255	gcfgca:GCA_033659305.1	canonical	Bifidobacterium longum																					submitter_match	Beijing YuGen Pharmaceutical Co., Ltd		Bifidobacterium longum unspecified	GCF_033659305.1	Tier2	1_180	102.359560768288	GCF_005406285.1	Tier1	112.76267908142373
GCF_033659325.1	Bifidobacterium longum	YGMCC0721	Tier2	Draft: contigs=28, N50=212662, completeness=98.61		SAMN37555583	Beijing YuGen Pharmaceutical Co., Ltd		China	2023-09-27T05:59:04.948	98.61	0.25	Contig	current	PRJNA1020989	28	212662	2273847	gcfgca:GCA_033659325.1	canonical	Bifidobacterium longum																					submitter_match	Beijing YuGen Pharmaceutical Co., Ltd		Bifidobacterium longum unspecified	GCF_033659325.1	Tier2	1_216	101.493844946962	GCF_033659325.1	Tier2	101.493844946962
GCF_033659345.1	Bifidobacterium longum	YGMCC0718	Tier2	Draft: contigs=8, N50=1350830, completeness=99.11		SAMN37555584	Beijing YuGen Pharmaceutical Co., Ltd		China	2023-09-27T05:59:04.957	99.11	0.16	Scaffold	current	PRJNA1020989	8	1350830	2306591	gcfgca:GCA_033659345.1	canonical	Bifidobacterium longum																					submitter_match	Beijing YuGen Pharmaceutical Co., Ltd		Bifidobacterium longum unspecified	GCF_033659345.1	Tier2	1_205	102.80526034192695	GCF_033659065.1	Tier2	102.80526034192695
GCF_033659365.1	Bifidobacterium longum	YGMCC0728	Tier2	Draft: contigs=32, N50=164272, completeness=98.31		SAMN37555582	Beijing YuGen Pharmaceutical Co., Ltd		China	2023-09-27T05:59:04.940	98.31	1.66	Contig	current	PRJNA1020989	32	164272	2536770	gcfgca:GCA_033659365.1	canonical	Bifidobacterium longum																					submitter_match	Beijing YuGen Pharmaceutical Co., Ltd		Bifidobacterium longum unspecified	GCF_033659365.1	Tier2	1_66	98.83621220063662	GCF_033658945.1	Tier2	98.93619480903789
GCF_033659385.1	Bifidobacterium longum	YGMCC0735	Tier2	Draft: contigs=55, N50=89134, completeness=98.64		SAMN37555581	Beijing YuGen Pharmaceutical Co., Ltd		China	2023-09-27T05:59:04.925	98.64	2.18	Contig	current	PRJNA1020989	55	89134	2692014	gcfgca:GCA_033659385.1	canonical	Bifidobacterium longum																					submitter_match	Beijing YuGen Pharmaceutical Co., Ltd		Bifidobacterium longum unspecified	GCF_033659385.1	Tier2	1_55	96.20488838251286	GCF_033657865.1	Tier2	96.20488838251286
GCF_033659405.1	Bifidobacterium longum	YGMCC0746	Tier2	Draft: contigs=33, N50=126425, completeness=98.42		SAMN37555580	Beijing YuGen Pharmaceutical Co., Ltd		China	2023-09-27T05:59:04.916	98.42	1.66	Contig	current	PRJNA1020989	33	126425	2536263	gcfgca:GCA_033659405.1	canonical	Bifidobacterium longum																					submitter_match	Beijing YuGen Pharmaceutical Co., Ltd		Bifidobacterium longum unspecified	GCF_033659405.1	Tier2	1_66	98.78933386121572	GCF_033658945.1	Tier2	98.93619480903789
GCF_033659425.1	Bifidobacterium longum	YGMCC0759	Tier2	Draft: contigs=31, N50=166864, completeness=98.89		SAMN37555579	Beijing YuGen Pharmaceutical Co., Ltd		China	2023-09-27T05:59:04.908	98.89	0.51	Contig	current	PRJNA1020989	31	166864	2518936	gcfgca:GCA_033659425.1	canonical	Bifidobacterium longum																					submitter_match	Beijing YuGen Pharmaceutical Co., Ltd		Bifidobacterium longum unspecified	GCF_033659425.1	Tier2	1_68	100.28118132505692	GCF_033657925.1	Tier2	100.28118132505692
GCF_033659445.1	Bifidobacterium longum	YGMCC0767	Tier2	Draft: contigs=22, N50=190724, completeness=99.38		SAMN37555578	Beijing YuGen Pharmaceutical Co., Ltd		China	2023-09-27T05:59:04.899	99.38	0.25	Contig	current	PRJNA1020989	22	190724	2269521	gcfgca:GCA_033659445.1	canonical	Bifidobacterium longum																					submitter_match	Beijing YuGen Pharmaceutical Co., Ltd		Bifidobacterium longum unspecified	GCF_033659445.1	Tier2	1_105	102.40006933765456	GCF_016648895.1	Tier2	102.4506491436302
GCF_033659465.1	Bifidobacterium longum	YGMCC0770	Tier2	Draft: contigs=105, N50=52716, completeness=98.3		SAMN37555577	Beijing YuGen Pharmaceutical Co., Ltd		China	2023-09-27T05:59:04.890	98.3	1.29	Scaffold	current	PRJNA1020989	105	52716	2496197	gcfgca:GCA_033659465.1	canonical	Bifidobacterium longum																					submitter_match	Beijing YuGen Pharmaceutical Co., Ltd		Bifidobacterium longum unspecified	GCF_033659465.1	Tier2	1_62	99.58378002532938	GCF_033659045.1	Tier2	99.58378002532938
GCF_033659485.1	Bifidobacterium longum	YGMCC0831	Tier2	Draft: contigs=23, N50=238339, completeness=99.38		SAMN37555572	Beijing YuGen Pharmaceutical Co., Ltd		China	2023-09-27T05:59:04.846	99.38	0.16	Contig	current	PRJNA1020989	23	238339	2346649	gcfgca:GCA_033659485.1	canonical	Bifidobacterium longum																					submitter_match	Beijing YuGen Pharmaceutical Co., Ltd		Bifidobacterium longum unspecified	GCF_033659485.1	Tier2	1_90	102.18374755627768	GCF_000210755.1	Tier2	102.54904300778696
GCF_033659505.1	Bifidobacterium longum	YGMCC0784	Tier2	Draft: contigs=29, N50=234013, completeness=98.45		SAMN37555576	Beijing YuGen Pharmaceutical Co., Ltd		China	2023-09-27T05:59:04.881	98.45	0.44	Scaffold	current	PRJNA1020989	29	234013	2315118	gcfgca:GCA_033659505.1	canonical	Bifidobacterium longum																					submitter_match	Beijing YuGen Pharmaceutical Co., Ltd		Bifidobacterium longum unspecified	GCF_033659505.1	Tier2	1_102	102.38451999537986	GCF_033657725.1	Tier2	102.38451999537986
GCF_033659525.1	Bifidobacterium longum	YGMCC0794	Tier2	Draft: contigs=32, N50=146877, completeness=98.42		SAMN37555575	Beijing YuGen Pharmaceutical Co., Ltd		China	2023-09-27T05:59:04.873	98.42	1.66	Contig	current	PRJNA1020989	32	146877	2537878	gcfgca:GCA_033659525.1	canonical	Bifidobacterium longum																					submitter_match	Beijing YuGen Pharmaceutical Co., Ltd		Bifidobacterium longum unspecified	GCF_033659525.1	Tier2	1_66	98.8218507964572	GCF_033658945.1	Tier2	98.93619480903789
GCF_033659545.1	Bifidobacterium longum	YGMCC0846	Tier2	Draft: contigs=14, N50=325830, completeness=98.89		SAMN37555571	Beijing YuGen Pharmaceutical Co., Ltd		China	2023-09-27T05:59:04.837	98.89	1.39	Scaffold	current	PRJNA1020989	14	325830	2733997	gcfgca:GCA_033659545.1	canonical	Bifidobacterium longum																					submitter_match	Beijing YuGen Pharmaceutical Co., Ltd		Bifidobacterium longum unspecified	GCF_033659545.1	Tier2	1_56	99.7164955342076	GCF_033659145.1	Tier2	99.7164955342076
GCF_033659565.1	Bifidobacterium longum	YGMCC0830	Tier2	Draft: contigs=37, N50=97031, completeness=99.2		SAMN37555573	Beijing YuGen Pharmaceutical Co., Ltd		China	2023-09-27T05:59:04.855	99.2	0.23	Contig	current	PRJNA1020989	37	97031	2316199	gcfgca:GCA_033659565.1	canonical	Bifidobacterium longum																					submitter_match	Beijing YuGen Pharmaceutical Co., Ltd		Bifidobacterium longum unspecified	GCF_033659565.1	Tier2	1_215	102.27775524156996	GCF_001446255.1	Tier1	106.06626636439258
GCF_033659585.1	Bifidobacterium longum	YGMCCO904	Tier2	Draft: contigs=18, N50=290332, completeness=98.89		SAMN37555569	Beijing YuGen Pharmaceutical Co., Ltd		China	2023-09-27T05:59:04.820	98.89	2.24	Contig	current	PRJNA1020989	18	290332	2798442	gcfgca:GCA_033659585.1	canonical	Bifidobacterium longum																					submitter_match	Beijing YuGen Pharmaceutical Co., Ltd		Bifidobacterium longum unspecified	GCF_033659585.1	Tier2	1_66	95.16413875987404	GCF_033658945.1	Tier2	98.93619480903789
GCF_033659605.1	Bifidobacterium longum	YGMCC0870	Tier2	Draft: contigs=24, N50=148639, completeness=97.18		SAMN37555570	Beijing YuGen Pharmaceutical Co., Ltd		China	2023-09-27T05:59:04.829	97.18	0.98	Contig	current	PRJNA1020989	24	148639	2362682	gcfgca:GCA_033659605.1	canonical	Bifidobacterium longum																					submitter_match	Beijing YuGen Pharmaceutical Co., Ltd		Bifidobacterium longum unspecified	GCF_033659605.1	Tier2	1_78	102.24296639753511	GCF_053708835.1	Tier1	112.8908300570263
GCF_033659625.1	Bifidobacterium longum	YGMCC0919	Tier2	Draft: contigs=33, N50=169198, completeness=99.04		SAMN37555568	Beijing YuGen Pharmaceutical Co., Ltd		China	2023-09-27T05:59:04.810	99.04	0.25	Contig	current	PRJNA1020989	33	169198	2281328	gcfgca:GCA_033659625.1	canonical	Bifidobacterium longum																					submitter_match	Beijing YuGen Pharmaceutical Co., Ltd		Bifidobacterium longum unspecified	GCF_033659625.1	Tier2	1_214	95.43189758855148	GCF_033659225.1	Tier2	102.32365289378728
GCF_033659655.1	Bifidobacterium longum	YGMCC0922	Tier2	Draft: contigs=31, N50=162891, completeness=98.42		SAMN37555567	Beijing YuGen Pharmaceutical Co., Ltd		China	2023-09-27T05:59:04.777	98.42	1.66	Contig	current	PRJNA1020989	31	162891	2537093	gcfgca:GCA_033659655.1	canonical	Bifidobacterium longum																					submitter_match	Beijing YuGen Pharmaceutical Co., Ltd		Bifidobacterium longum unspecified	GCF_033659655.1	Tier2	1_66	98.84435287915844	GCF_033658945.1	Tier2	98.93619480903789
GCF_033659685.1	Bifidobacterium longum	YGMCC0932	Tier2	Draft: contigs=25, N50=178504, completeness=99.23		SAMN37555566	Beijing YuGen Pharmaceutical Co., Ltd		China	2023-09-27T05:59:04.765	99.23	0.62	Contig	current	PRJNA1020989	25	178504	2375026	gcfgca:GCA_033659685.1	canonical	Bifidobacterium longum																					submitter_match	Beijing YuGen Pharmaceutical Co., Ltd		Bifidobacterium longum unspecified	GCF_033659685.1	Tier2	1_175	101.67239064933406	GCF_000772485.1	Tier1	112.91494443149966
GCF_033659745.1	Bifidobacterium longum	YGMCC0935	Tier2	Draft: contigs=28, N50=160353, completeness=98.82		SAMN37555565	Beijing YuGen Pharmaceutical Co., Ltd		China	2023-09-27T05:59:04.756	98.82	2.29	Contig	current	PRJNA1020989	28	160353	2649699	gcfgca:GCA_033659745.1	canonical	Bifidobacterium longum																					submitter_match	Beijing YuGen Pharmaceutical Co., Ltd		Bifidobacterium longum unspecified	GCF_033659745.1	Tier2	1_58	99.2024528332388	GCA_045689145.1	Tier1	109.7563467011142
GCF_033659765.1	Bifidobacterium longum	YGMCC0938	Tier2	Draft: contigs=34, N50=164272, completeness=98.42		SAMN37555564	Beijing YuGen Pharmaceutical Co., Ltd		China	2023-09-27T05:59:04.747	98.42	1.66	Contig	current	PRJNA1020989	34	164272	2537124	gcfgca:GCA_033659765.1	canonical	Bifidobacterium longum																					submitter_match	Beijing YuGen Pharmaceutical Co., Ltd		Bifidobacterium longum unspecified	GCF_033659765.1	Tier2	1_66	98.84634263892296	GCF_033658945.1	Tier2	98.93619480903789
GCF_033659825.1	Bifidobacterium longum	YGMCC0969	Tier2	Draft: contigs=26, N50=191974, completeness=98.73		SAMN37555563	Beijing YuGen Pharmaceutical Co., Ltd		China	2023-09-27T05:59:04.738	98.73	2.29	Contig	current	PRJNA1020989	26	191974	2657150	gcfgca:GCA_033659825.1	canonical	Bifidobacterium longum																					submitter_match	Beijing YuGen Pharmaceutical Co., Ltd		Bifidobacterium longum unspecified	GCF_033659825.1	Tier2	1_58	99.24153549552588	GCA_045689145.1	Tier1	109.7563467011142
GCF_033659845.1	Bifidobacterium longum	YGMCC0978	Tier2	Draft: contigs=29, N50=164458, completeness=98.82		SAMN37555562	Beijing YuGen Pharmaceutical Co., Ltd		China	2023-09-27T05:59:04.729	98.82	2.29	Contig	current	PRJNA1020989	29	164458	2645579	gcfgca:GCA_033659845.1	canonical	Bifidobacterium longum																					submitter_match	Beijing YuGen Pharmaceutical Co., Ltd		Bifidobacterium longum unspecified	GCF_033659845.1	Tier2	1_58	99.25797034987596	GCA_045689145.1	Tier1	109.7563467011142
GCF_033659905.1	Bifidobacterium longum	YGMCC0979	Tier2	Draft: contigs=23, N50=216244, completeness=98.84		SAMN37555561	Beijing YuGen Pharmaceutical Co., Ltd		China	2023-09-27T05:59:04.717	98.84	1.74	Scaffold	current	PRJNA1020989	23	216244	2573051	gcfgca:GCA_033659905.1	canonical	Bifidobacterium longum																					submitter_match	Beijing YuGen Pharmaceutical Co., Ltd		Bifidobacterium longum unspecified	GCF_033659905.1	Tier2	1_57	101.6003586297946	GCF_033658365.1	Tier2	101.74979326198698
GCF_033804565.1	Bifidobacterium breve	FZJHZD20M12	Tier2	Draft: contigs=65, N50=173641, completeness=98.11		SAMN13258906	Jiangnan University	feces	China:Zhejiang	2019-11-12T02:41:04.516	98.11	1.4	Contig	current	PRJNA588890	65	173641	2424867	gcfgca:GCA_033804565.1	canonical	Bifidobacterium breve																					literature	PMID 35334879	1.0	Bifidobacterium breve	GCF_033804565.1	Tier2	1_36	99.26982613913977	GCF_033804565.1	Tier2	99.26982613913977
GCF_033959405.1	Bifidobacterium bifidum	BB11	Tier2	Draft: contigs=18, N50=310856, completeness=96.04		SAMN38280574	Agricultural Research Council	Rumen fluid	South Africa	2023-11-16T08:23:03.633	96.04	0.52	Scaffold	current	PRJNA1041299	18	310856	2218127	gcfgca:GCA_033959405.1	canonical	Bifidobacterium bifidum																					literature	PMID 42244361	2.0	Bifidobacterium bifidum	GCF_033959405.1	Tier2	4_2	101.87611713000622	GCF_002845845.1	Tier1	112.4152700097317
GCF_034050535.1	Bifidobacterium longum	YGMCC0297	Tier2	Draft: contigs=51, N50=100172, completeness=98.05		SAMN37555366	Beijing YuGen Pharmaceutical Co., Ltd		China	2023-09-27T05:00:08.842	98.05	1.28	Chromosome	current	PRJNA1020989	51	100172	2416592	gcfgca:GCA_034050535.1	canonical	Bifidobacterium longum																					submitter_match	Beijing YuGen Pharmaceutical Co., Ltd		Bifidobacterium longum unspecified	GCF_034050535.1	Tier2	1_71	102.01061415931817	GCF_034051595.1	Tier2	102.25573982263896
GCF_034051595.1	Bifidobacterium longum	YGMCC0230	Tier2	Draft: contigs=59, N50=93567, completeness=97.93		SAMN37555362	Beijing YuGen Pharmaceutical Co., Ltd		China	2023-09-27T05:00:08.769	97.93	0.72	Chromosome	current	PRJNA1020989	59	93567	2361455	gcfgca:GCA_034051595.1	canonical	Bifidobacterium longum																					submitter_match	Beijing YuGen Pharmaceutical Co., Ltd		Bifidobacterium longum unspecified	GCF_034051595.1	Tier2	1_71	102.25573982263896	GCF_034051595.1	Tier2	102.25573982263896
GCF_034052395.1	Bifidobacterium longum	YGMCC0228	Tier2	Draft: contigs=59, N50=93567, completeness=97.93		SAMN37555361	Beijing YuGen Pharmaceutical Co., Ltd		China	2023-09-27T05:00:08.756	97.93	0.72	Chromosome	current	PRJNA1020989	59	93567	2361455	gcfgca:GCA_034052395.1	canonical	Bifidobacterium longum																					submitter_match	Beijing YuGen Pharmaceutical Co., Ltd		Bifidobacterium longum unspecified	GCF_034052395.1	Tier2	1_71	102.25573982263896	GCF_034051595.1	Tier2	102.25573982263896
GCF_034052555.1	Bifidobacterium longum	YGMCC0209	Tier2	Draft: contigs=35, N50=146347, completeness=97.58		SAMN37555359	Beijing YuGen Pharmaceutical Co., Ltd		China	2023-09-27T05:00:08.735	97.58	0.81	Chromosome	current	PRJNA1020989	35	146347	2445297	gcfgca:GCA_034052555.1	canonical	Bifidobacterium longum																					submitter_match	Beijing YuGen Pharmaceutical Co., Ltd		Bifidobacterium longum unspecified	GCF_034052555.1	Tier2	1_71	101.78316580549624	GCF_034051595.1	Tier2	102.25573982263896
GCF_034561975.1	Bifidobacterium animalis subsp. lactis	GOLDGUT-BB18	Tier1	Closed genome: contigs=1, N50=1944144, len=1944144		SAMN38690537	Bluepha Co., Ltd.		China: Shenzhen	2023-12-06T03:20:06.623	98.75	0.27	Complete Genome	current	PRJNA1049161	1	1944144	1944144	gcfgca:GCA_034561975.1	canonical	Bifidobacterium animalis																					literature;submitter_match	PMID 38242846;Bluepha Co., Ltd.	1.0	Bifidobacterium animalis subsp. lactis	GCF_034561975.1	Tier1	3_1	111.80419904418213	GCF_011770105.1	Tier1	112.25343520812255
GCF_035282465.1	Bifidobacterium animalis subsp. lactis	BM25	Tier2	Draft: contigs=31, N50=106142, completeness=98.97		SAMN39169661	Agharkar Research Institute	Commercial Preparation	India: Maharashtra	2023-12-28T04:12:03.970	98.97	0.27	Contig	current	PRJNA1058216	31	106142	1920258	gcfgca:GCA_035282465.1	canonical	Bifidobacterium animalis																					isolation_source_match	Commercial Preparation		Bifidobacterium animalis subsp. lactis	GCF_035282465.1	Tier2	3_1	101.30272902177536	GCF_011770105.1	Tier1	112.25343520812255
GCF_036814245.1	Bifidobacterium longum	K4A3	Tier2	Draft: contigs=32, N50=228196, completeness=99.57		SAMN38221195	Porcinotec Co., Ltd		Thailand: Bangkok	2023-11-12T23:29:04.290	99.57	0.25	Contig	current	PRJNA1039543	32	228196	2391742	gcfgca:GCA_036814245.1	canonical	Bifidobacterium longum																					submitter_match	Porcinotec Co., Ltd		Bifidobacterium longum unspecified	GCF_036814245.1	Tier2	1_99	101.57915401374584	GCF_036814245.1	Tier2	101.57915401374584
GCF_036814365.1	Bifidobacterium adolescentis	B4A4	Tier2	Draft: contigs=35, N50=246171, completeness=96.22		SAMN38221196	Porcinotec Co., Ltd		Thailand: Bangkok	2023-11-12T23:29:04.303	96.22	1.58	Contig	current	PRJNA1039543	35	246171	2314761	gcfgca:GCA_036814365.1	canonical	Bifidobacterium adolescentis																					submitter_match	Porcinotec Co., Ltd		Bifidobacterium adolescentis	GCF_036814365.1	Tier2	5_3	98.29641846800656	GCF_036814965.1	Tier2	101.82699884486564
GCF_036814965.1	Bifidobacterium adolescentis	B24	Tier2	Draft: contigs=18, N50=1128230, completeness=97.28		SAMN37542003	Porcinotec Co., Ltd	feces from breastfed infant	Thailand: Bangkok	2023-09-26T03:20:04.247	97.28	1.36	Contig	current	PRJNA1021011	18	1128230	2127130	gcfgca:GCA_036814965.1	canonical	Bifidobacterium adolescentis																					submitter_match	Porcinotec Co., Ltd		Bifidobacterium adolescentis	GCF_036814965.1	Tier2	5_3	101.82699884486564	GCF_036814965.1	Tier2	101.82699884486564
GCF_036872545.1	Bifidobacterium breve	TCI761	Tier1	Closed genome: contigs=1, N50=2460420, len=2460420		SAMN39949153	TCI Co., Ltd.		Taiwan	2024-02-15T03:25:04.583	98.38	0.48	Complete Genome	current	PRJNA1077123	1	2460420	2460420	gcfgca:GCA_036872545.1	canonical	Bifidobacterium breve																					submitter_match	TCI Co., Ltd.		Bifidobacterium breve	GCF_036872545.1	Tier1	1_17	111.5955046243064	GCF_036872545.1	Tier1	111.5955046243064
GCF_036923305.1	Bifidobacterium animalis subsp. lactis	TCI604	Tier1	Closed genome: contigs=1, N50=1944134, len=1944134		SAMN39973008	TCI Co., Ltd.	breast milk	Taiwan	2024-02-17T02:11:04.153	98.8	0.27	Complete Genome	current	PRJNA1077464	1	1944134	1944134	gcfgca:GCA_036923305.1	canonical	Bifidobacterium animalis																					submitter_match	TCI Co., Ltd.		Bifidobacterium animalis subsp. lactis	GCF_036923305.1	Tier1	3_1	111.9040148050378	GCF_011770105.1	Tier1	112.25343520812255
GCF_036986915.1	Bifidobacterium indicum	JCM 1302	Tier2	Draft: contigs=26, N50=1147365, completeness=96.48		SAMD00659173	Northeast Agricultural University		missing	2023-12-04T01:04:37.270	96.48	1.76	Contig	current	PRJDB7793	26	1147365	2276354	gcfgca:GCA_036986915.1	canonical	Bifidobacterium indicum		type strain of Bifidobacterium indicum																			literature	PMID 42411622	1.0	Bifidobacterium indicum	GCF_036986915.1	Tier2	20_0	100.86985079886756	GCF_036986915.1	Tier2	100.86985079886756
GCF_037966655.1	Bifidobacterium animalis	ATA-BSLA0310	Tier2	Draft: contigs=97, N50=66696, completeness=98.86		SAMN40643424	ATA BIO TEKNOLOJI ILAC SANAYI VE TICARET LTD. STI	feces	Turkey: Izmir, Bornova	2024-03-28T07:58:03.606	98.86	0.27	Scaffold	current	PRJNA1092961	97	66696	1929688	gcfgca:GCA_037966655.1	canonical	Bifidobacterium animalis																					submitter_match	ATA BIO TEKNOLOJI ILAC SANAYI VE TICARET LTD. STI		Bifidobacterium animalis unspecified	GCF_037966655.1	Tier2	3_1	101.10178808854404	GCF_011770105.1	Tier1	112.25343520812255
GCF_037967005.1	Bifidobacterium longum subsp. infantis	95s1MRS	Tier2	Draft: contigs=60, N50=91089, completeness=98.19		SAMN38143276	Technical University of Munich		Zimbabwe	2023-11-07T10:30:09.720	98.19	0.48	Contig	current	PRJNA1036581	60	91089	2751478	gcfgca:GCA_037967005.1	canonical	Bifidobacterium longum																					literature	PMID 39054474	1.0	Bifidobacterium longum subsp. infantis	GCF_037967005.1	Tier2	1_65	94.77973296714872	GCF_037967005.1	Tier2	94.77973296714872
GCF_037997085.1	Bifidobacterium longum subsp. longum	FB1-1	Tier1	Closed genome: contigs=1, N50=2409689, len=2409689		SAMN40512380	Nankai University	infant feces	China	2024-03-18T04:02:04.670	99.26	0.39	Complete Genome	current	PRJNA1088956	1	2409689	2409689	gcfgca:GCA_037997085.1	canonical	Bifidobacterium longum																					literature	PMID 38930585	1.0	Bifidobacterium longum subsp. longum	GCF_037997085.1	Tier1	1_79	113.01113050219918	GCF_037997085.1	Tier1	113.01113050219918
GCF_038022065.1	Bifidobacterium longum subsp. longum	TCI068	Tier1	Closed genome: contigs=1, N50=2413349, len=2413349		SAMN40624457	TCI Co., Ltd.	breast milk	Taiwan:Taipei	2024-03-27T05:38:04.353	98.82	0.39	Complete Genome	current	PRJNA1092426	1	2413349	2413349	gcfgca:GCA_038022065.1	canonical	Bifidobacterium longum																					submitter_match	TCI Co., Ltd.		Bifidobacterium longum subsp. longum	GCF_038022065.1	Tier1	1_179	112.70118782951072	GCF_055383495.1	Tier1	112.7017871831216
GCF_038086955.1	Bifidobacterium animalis subsp. lactis	BI040	Tier1	Closed genome: contigs=1, N50=1944141, len=1944141	DSM:33812	SAMN39639087	Institute of Biochemistry and Biophysics, Polish Academy of Sciences	intestine	Italy	2024-01-28T16:22:03.570	98.93	0.27	Complete Genome	current	PRJNA1071652	1	1944141	1944141	gcfgca:GCA_038086955.1	canonical	Bifidobacterium animalis																					literature	PMID 39818865	1.0	Bifidobacterium animalis subsp. lactis	GCF_038086955.1	Tier1	3_1	111.95420770002828	GCF_011770105.1	Tier1	112.25343520812255
GCF_039612515.1	Bifidobacterium pseudocatenulatum	NB48	Tier2	Draft: contigs=16, N50=626817, completeness=98.58		SAMN41013446	Porcinotec Co., Ltd		Thailand:Bangkok	2024-04-19T00:01:03.827	98.58	0.65	Contig	current	PRJNA1102118	16	626817	2284085	gcfgca:GCA_039612515.1	canonical	Bifidobacterium pseudocatenulatum																					submitter_match	Porcinotec Co., Ltd		Bifidobacterium pseudocatenulatum	GCF_039612515.1	Tier2	2_41	99.22857038326175	GCF_039612515.1	Tier2	99.22857038326175
GCF_039612605.1	Bifidobacterium bifidum	NB42	Tier2	Draft: contigs=21, N50=189250, completeness=96.17		SAMN41013440	Porcinotec Co., Ltd		Thailand:Bangkok	2024-04-19T00:01:03.760	96.17	0.77	Contig	current	PRJNA1102118	21	189250	2260972	gcfgca:GCA_039612605.1	canonical	Bifidobacterium bifidum																					submitter_match	Porcinotec Co., Ltd		Bifidobacterium bifidum	GCF_039612605.1	Tier2	4_9	99.82899294303702	GCF_045273085.1	Tier1	112.47283074476827
GCF_039830185.1	Bifidobacterium adolescentis	JCM 19861	Tier1	Closed genome: contigs=1, N50=2199425, len=2199425		SAMN41378261	China National Research Institute of Food and Fermentation Industries Co., LTD	feces	Japan	2024-05-13T01:51:05.070	96.8	1.28	Complete Genome	current	PRJNA1110824	1	2199425	2199425	gcfgca:GCA_039830185.1	canonical	Bifidobacterium adolescentis		type strain of Bifidobacterium faecale																			submitter_match	China National Research Institute of Food and Fermentation Industries Co., LTD		Bifidobacterium adolescentis	GCF_039830185.1	Tier1	5_8	107.08115457860052	GCF_039830185.1	Tier1	107.08115457860052
GCF_040084745.1	Bifidobacterium animalis subsp. lactis	BGI-N3	Tier1	Closed genome: contigs=1, N50=1944138, len=1944238		SAMN41399776	BGI Precision Nutrition (Shenzhen) Technology Co., Ltd		China:Shenzhen	2024-05-15T04:08:05.273	98.89	0.27	Chromosome	current	PRJNA1111687	1	1944138	1944238	gcfgca:GCA_040084745.1	canonical	Bifidobacterium animalis																					submitter_match	BGI Precision Nutrition (Shenzhen) Technology Co., Ltd		Bifidobacterium animalis subsp. lactis	GCF_040084745.1	Tier1	3_1	111.98422752224046	GCF_011770105.1	Tier1	112.25343520812255
GCF_040150815.1	Bifidobacterium breve	LH-CAM-63	Tier2	Draft: contigs=24, N50=279478, completeness=98.5		SAMN40597883	Technical University of Munich	fecal sample	Cameroon	2024-03-25T09:48:05.863	98.5	1.7	Contig	current	PRJNA1091569	24	279478	2362228	gcfgca:GCA_040150815.1	canonical	Bifidobacterium breve																					literature	PMID 39969280	1.0	Bifidobacterium breve	GCF_040150815.1	Tier2	1_1	100.99317381334798	GCF_040150815.1	Tier2	100.99317381334798
GCF_040150835.1	Bifidobacterium animalis subsp. lactis	LH-CAM-58	Tier2	Draft: contigs=20, N50=181997, completeness=98.04		SAMN40597882	Technical University of Munich	fecal sample	Cameroon	2024-03-25T09:48:05.853	98.04	0.27	Contig	current	PRJNA1091569	20	181997	1907802	gcfgca:GCA_040150835.1	canonical	Bifidobacterium animalis																					literature	PMID 39969280	1.0	Bifidobacterium animalis subsp. lactis	GCF_040150835.1	Tier2	3_1	101.30988155127108	GCF_011770105.1	Tier1	112.25343520812255
GCF_040150935.1	Bifidobacterium breve	LH-CAM-52	Tier2	Draft: contigs=28, N50=200796, completeness=98.39		SAMN40597879	Technical University of Munich	fecal sample	Cameroon	2024-03-25T09:48:05.826	98.39	1.31	Contig	current	PRJNA1091569	28	200796	2380900	gcfgca:GCA_040150935.1	canonical	Bifidobacterium breve																					literature	PMID 39969280	1.0	Bifidobacterium breve	GCF_040150935.1	Tier2	1_2	101.40137752855117	GCF_040150935.1	Tier2	101.40137752855117
GCF_040150955.1	Bifidobacterium bifidum	LH-CAM-42	Tier2	Draft: contigs=33, N50=129542, completeness=97.26		SAMN40597876	Technical University of Munich	fecal sample	Cameroon	2024-03-25T09:48:05.796	97.26	3.09	Contig	current	PRJNA1091569	33	129542	2275644	gcfgca:GCA_040150955.1	canonical	Bifidobacterium bifidum																					literature	PMID 39969280	1.0	Bifidobacterium bifidum	GCF_040150955.1	Tier2	4_10	100.69620529892283	GCF_040150955.1	Tier2	100.69620529892283
GCF_040150975.1	Bifidobacterium longum subsp. longum	LH-CAM-33	Tier2	Draft: contigs=20, N50=219951, completeness=98.91		SAMN40597874	Technical University of Munich	fecal sample	Cameroon	2024-03-25T09:48:05.776	98.91	0.39	Contig	current	PRJNA1091569	20	219951	2462202	gcfgca:GCA_040150975.1	canonical	Bifidobacterium longum																					literature	PMID 39969280	1.0	Bifidobacterium longum subsp. longum	GCF_040150975.1	Tier2	1_113	102.10506297146054	GCF_040150975.1	Tier2	102.10506297146054
GCF_040151035.1	Bifidobacterium breve	LH-CAM-38	Tier2	Draft: contigs=30, N50=210615, completeness=99.03		SAMN40597875	Technical University of Munich	fecal sample	Cameroon	2024-03-25T09:48:05.786	99.03	2.25	Contig	current	PRJNA1091569	30	210615	2373677	gcfgca:GCA_040151035.1	canonical	Bifidobacterium breve																					literature	PMID 39969280	1.0	Bifidobacterium breve	GCF_040151035.1	Tier2	1_3	101.37174464920167	GCF_040151035.1	Tier2	101.37174464920167
GCF_040151095.1	Bifidobacterium animalis subsp. lactis	LH-CAM-04	Tier2	Draft: contigs=41, N50=105777, completeness=96.14		SAMN40597869	Technical University of Munich	fecal sample	Cameroon	2024-03-25T09:48:05.723	96.14	0.27	Contig	current	PRJNA1091569	41	105777	1894403	gcfgca:GCA_040151095.1	canonical	Bifidobacterium animalis																					literature	PMID 39969280	1.0	Bifidobacterium animalis subsp. lactis	GCF_040151095.1	Tier2	3_1	100.99197876636438	GCF_011770105.1	Tier1	112.25343520812255
GCF_040151115.1	Bifidobacterium longum subsp. longum	LH-CAM-03	Tier2	Draft: contigs=29, N50=198062, completeness=99.25		SAMN40597868	Technical University of Munich	fecal sample	Cameroon	2024-03-25T09:48:05.713	99.25	0.62	Contig	current	PRJNA1091569	29	198062	2403492	gcfgca:GCA_040151115.1	canonical	Bifidobacterium longum																					literature	PMID 39969280	1.0	Bifidobacterium longum subsp. longum	GCF_040151115.1	Tier2	1_113	100.43230058113696	GCF_040150975.1	Tier2	102.10506297146054
GCF_040151135.1	Bifidobacterium pseudocatenulatum	LH-CAM-02	Tier2	Draft: contigs=24, N50=648369, completeness=99.23		SAMN40597867	Technical University of Munich	fecal sample	Cameroon	2024-03-25T09:48:05.703	99.23	0.41	Contig	current	PRJNA1091569	24	648369	2285862	gcfgca:GCA_040151135.1	canonical	Bifidobacterium pseudocatenulatum																					literature	PMID 39969280	1.0	Bifidobacterium pseudocatenulatum	GCF_040151135.1	Tier2	2_29	99.4659111210318	GCF_040151135.1	Tier2	99.4659111210318
GCF_040151175.1	Bifidobacterium animalis subsp. lactis	LH-CAM-01	Tier2	Draft: contigs=43, N50=94391, completeness=98.04		SAMN40597866	Technical University of Munich	fecal sample	Cameroon	2024-03-25T09:48:05.690	98.04	0.27	Contig	current	PRJNA1091569	43	94391	1906416	gcfgca:GCA_040151175.1	canonical	Bifidobacterium animalis																					literature	PMID 39969280	1.0	Bifidobacterium animalis subsp. lactis	GCF_040151175.1	Tier2	3_1	101.02727765144608	GCF_011770105.1	Tier1	112.25343520812255
GCF_040267655.1	Bifidobacterium longum	PMC72	Tier1	Closed genome: contigs=1, N50=2264238, len=2264238		SAMN41829236	Probiotics Microbiome Convergence Center	stool	South Korea: Asan	2024-06-14T00:25:04.510	98.41	0.16	Complete Genome	current	PRJNA1123858	1	2264238	2264238	gcfgca:GCA_040267655.1	canonical	Bifidobacterium longum																					literature	PMID 40468659	1.0	Bifidobacterium longum unspecified	GCF_040267655.1	Tier1	1_130	112.56826106045324	GCF_040267655.1	Tier1	112.56826106045324
GCF_040425675.1	Bifidobacterium animalis subsp. lactis	KL101	Tier2	Draft: contigs=14, N50=1023022, completeness=98.97		SAMN40732370	Kolab Inc	feces	South Korea	2024-04-03T03:01:04.246	98.97	0.27	Contig	current	PRJNA1095680	14	1023022	1918904	gcfgca:GCA_040425675.1	canonical	Bifidobacterium animalis																					literature;submitter_match	PMID 38539597;Kolab Inc	2.0	Bifidobacterium animalis subsp. lactis	GCF_040425675.1	Tier2	3_1	101.79477057344916	GCF_011770105.1	Tier1	112.25343520812255
GCF_040711965.1	Bifidobacterium longum subsp. suillum	DK001B-1	Tier1	Closed genome: contigs=1, N50=2389232, len=2389232		SAMN41943267	Shanghai Institute of Materia Medica, Chinese Academic of Science	feces	China	2024-06-21T06:44:03.526	99.07	0.25	Complete Genome	current	PRJNA1126457	1	2389232	2389232	gcfgca:GCA_040711965.1	canonical	Bifidobacterium longum																					literature	PMID 40484596	1.0	Bifidobacterium longum subsp. suillum	GCF_040711965.1	Tier1	1_107	112.99002914147052	GCF_040711965.1	Tier1	112.99002914147052
GCF_040883395.1	Bifidobacterium longum	AM-BL-55	Tier2	Draft: contigs=25, N50=230517, completeness=99.38		SAMN42007033	Purity-IQ Inc.	not provided	not provided	2024-06-24T11:24:04.033	99.38	0.16	Contig	current	PRJNA1127534	25	230517	2484372	gcfgca:GCA_040883395.1	canonical	Bifidobacterium longum																					submitter_match	Purity-IQ Inc.		Bifidobacterium longum unspecified	GCF_040883395.1	Tier2	1_91	101.32135147947012	GCF_040883395.1	Tier2	101.32135147947012
GCF_041080795.1	Bifidobacterium aquikefiricola	WK041_4_12	Tier1	Closed genome: contigs=1, N50=2359920, len=2359920		SAMN35298321	Teagasc		Singapore	2023-05-21T09:56:06.510	94.4	2.82	Complete Genome	current	PRJNA974811	1	2359920	2359920	gcfgca:GCA_041080795.1	canonical	Bifidobacterium aquikefiricola		type strain of Bifidobacterium aquikefiricola																			literature	PMID 39446649	1.0	Bifidobacterium aquikefiricola	GCF_041080795.1	Tier1	21_0	108.05644864043688	GCF_041080795.1	Tier1	108.05644864043688
GCF_041080835.1	Bifidobacterium fermentum	WK012_4_13	Tier1	Closed genome: contigs=2, N50=2427799, len=2470594		SAMN35298318	Teagasc		Italy	2023-05-21T09:56:06.476	95.22	2.73	Complete Genome	current	PRJNA974811	2	2427799	2470594	gcfgca:GCA_041080835.1	canonical	Bifidobacterium fermentum		type strain of Bifidobacterium fermentum																			literature	PMID 39446649	1.0	Bifidobacterium fermentum	GCF_041080835.1	Tier1	12_1	110.0221063407352	GCF_060804025.1	Tier1	110.4152342984735
GCF_041320305.1	Bifidobacterium longum subsp. infantis	JNU311	Tier1	Closed genome: contigs=1, N50=2610619, len=2610619		SAMN42954375	Chonnam National University	infant feces	South Korea: Gwangju	2024-07-31T22:10:04.660	98.89	1.17	Complete Genome	current	PRJNA1142219	1	2610619	2610619	gcfgca:GCA_041320305.1	canonical	Bifidobacterium longum																					literature	PMID 42077769	2.0	Bifidobacterium longum subsp. infantis	GCF_041320305.1	Tier1	1_49	107.90837174723448	GCF_041320305.1	Tier1	107.90837174723448
GCF_041357755.1	Bifidobacterium pseudocatenulatum	MM0196	Tier2	Draft: contigs=17, N50=527021, completeness=98.25		SAMN37748378	University College Cork		Ireland	2023-10-10T09:46:05.527	98.25	0.16	Contig	current	PRJNA1026522	17	527021	2283965	gcfgca:GCA_041357755.1	canonical	Bifidobacterium pseudocatenulatum																					literature	PMID 39106231	1.0	Bifidobacterium pseudocatenulatum	GCF_041357755.1	Tier2	2_20	98.37091396036	GCF_041357755.1	Tier2	98.37091396036
GCF_041447105.1	Bifidobacterium animalis	20224-6	Tier1	Closed genome: contigs=1, N50=1944287, len=1944287		SAMN38258114	Zhejiang Institute for Food and Drug Control		China:Zhejiang	2023-11-15T02:42:05.757	94.8	0.27	Complete Genome	current	PRJNA1040429	1	1944287	1944287	gcfgca:GCA_041447105.1	canonical	Bifidobacterium animalis																					literature	PMID 40244303	1.0	Bifidobacterium animalis unspecified	GCF_041447105.1	Tier1	3_1	111.11400942252844	GCF_011770105.1	Tier1	112.25343520812255
GCF_041447125.1	Bifidobacterium longum	2021S6-1	Tier1	Closed genome: contigs=1, N50=2482096, len=2482096		SAMN38258112	Zhejiang Institute for Food and Drug Control		China:Zhejiang	2023-11-15T02:42:05.733	94.24	0.16	Complete Genome	current	PRJNA1040429	1	2482096	2482096	gcfgca:GCA_041447125.1	canonical	Bifidobacterium longum																					literature	PMID 40244303	1.0	Bifidobacterium longum unspecified	GCF_041447125.1	Tier1	1_75	111.56730927075132	GCF_000092325.1	Tier1	111.63691144864812
GCF_041447135.1	Bifidobacterium longum	2021J6-1	Tier1	Closed genome: contigs=1, N50=2482090, len=2482090		SAMN38258111	Zhejiang Institute for Food and Drug Control		China:Zhejiang	2023-11-15T02:42:05.723	95.98	0.16	Complete Genome	current	PRJNA1040429	1	2482090	2482090	gcfgca:GCA_041447135.1	canonical	Bifidobacterium longum																					literature	PMID 40244303	1.0	Bifidobacterium longum unspecified	GCF_041447135.1	Tier1	1_75	111.43725876734344	GCF_000092325.1	Tier1	111.63691144864812
GCF_041900695.1	Bifidobacterium sp. 2450	2450	Tier2	Draft: contigs=39, N50=128048, completeness=99.26		SAMN43494515	LB Bulgaricum PLC	breast milk	Bulgaria: Sofia	2024-09-04T08:52:04.720	99.26	0.07	Contig	current	PRJNA1156567	39	128048	2433772	gcfgca:GCA_041900695.1	canonical	Bifidobacterium sp.																					submitter_match	LB Bulgaricum PLC		Bifidobacterium sp.	GCF_041900695.1	Tier2	1_78	102.35788640292206	GCF_053708835.1	Tier1	112.8908300570263
GCF_044094625.1	Bifidobacterium adolescentis	Bifi94	Tier1	Closed genome: contigs=1, N50=2097731, len=2097731		SAMN44361986	University of Ulsan/Asan medical center		South Korea	2024-10-21T05:27:07.996	98.88	3.1	Complete Genome	current	PRJNA1175450	1	2097731	2097731	gcfgca:GCA_044094625.1	canonical	Bifidobacterium adolescentis																					literature	PMID 41511071	1.0	Bifidobacterium adolescentis	GCF_044094625.1	Tier1	5_12	110.56087489809994	GCF_044094625.1	Tier1	110.56087489809994
GCF_044502405.1	Bifidobacterium animalis subsp. lactis	HOM2120	Tier1	Closed genome: contigs=1, N50=1946900, len=1946900		SAMN43306168	Beijing Hanmi pharmaceutical Co., Ltd	Infant feces	China: Beijing	2024-08-23T03:49:04.573	98.97	0.55	Complete Genome	current	PRJNA1151235	1	1946900	1946900	gcfgca:GCA_044502405.1	canonical	Bifidobacterium animalis																					submitter_match	Beijing Hanmi pharmaceutical Co., Ltd		Bifidobacterium animalis subsp. lactis	GCF_044502405.1	Tier1	3_1	111.44452575166645	GCF_011770105.1	Tier1	112.25343520812255
GCF_044866785.1	Bifidobacterium animalis subsp. lactis	CGMCC1.15623	Tier1	Closed genome: contigs=1, N50=1944145, len=1944145		SAMN44615172	Lanzhou University	missing	China: Xinjiang	2024-11-06T20:49:04.276	98.9	0.27	Complete Genome	current	PRJNA1182847	1	1944145	1944145	gcfgca:GCA_044866785.1	canonical	Bifidobacterium animalis																					literature	PMID 39868792	1.0	Bifidobacterium animalis subsp. lactis	GCF_044866785.1	Tier1	3_1	112.004208145461	GCF_011770105.1	Tier1	112.25343520812255
GCF_045272295.1	Bifidobacterium breve	MRD8100	Tier1	Closed genome: contigs=1, N50=2268155, len=2268255		SAMN44666903	MEDICAL RESEARCH AND DEVELOPMENT ARGE  BIYOTEKNOLOJI SANAYI VE TICARET LTD STI	feces from female	Turkey:Sakarya-Adapazari	2024-11-10T03:12:04.123	96.93	0.15	Chromosome	current	PRJNA1184217	1	2268155	2268255	gcfgca:GCA_045272295.1	canonical	Bifidobacterium breve																					submitter_match	MEDICAL RESEARCH AND DEVELOPMENT ARGE  BIYOTEKNOLOJI SANAYI VE TICARET LTD STI		Bifidobacterium breve	GCF_045272295.1	Tier1	1_6	107.79771592878986	GCF_900637145.1	Tier1	112.46844406327646
GCF_045273085.1	Bifidobacterium bifidum	MRD1920	Tier1	Closed genome: contigs=1, N50=2185202, len=2185302		SAMN44666925	MEDICAL RESEARCH AND DEVELOPMENT ARGE  BIYOTEKNOLOJI SANAYI VE TICARET LTD STI	feces from male	Turkey:Sakarya-Adapazari	2024-11-10T03:30:06.593	95.51	0.3	Chromosome	current	PRJNA1184219	1	2185202	2185302	gcfgca:GCA_045273085.1	canonical	Bifidobacterium bifidum																					submitter_match	MEDICAL RESEARCH AND DEVELOPMENT ARGE  BIYOTEKNOLOJI SANAYI VE TICARET LTD STI		Bifidobacterium bifidum	GCF_045273085.1	Tier1	4_9	112.47283074476827	GCF_045273085.1	Tier1	112.47283074476827
GCF_045273095.1	Bifidobacterium longum	MRD1071	Tier1	Closed genome: contigs=1, N50=2254610, len=2254710		SAMN44667003	MEDICAL RESEARCH AND DEVELOPMENT ARGE  BIYOTEKNOLOJI SANAYI VE TICARET LTD STI	feces from female	Turkey:Sakarya-Adapazari	2024-11-10T03:49:04.360	98.19	0.16	Chromosome	current	PRJNA1184223	1	2254610	2254710	gcfgca:GCA_045273095.1	canonical	Bifidobacterium longum																					submitter_match	MEDICAL RESEARCH AND DEVELOPMENT ARGE  BIYOTEKNOLOJI SANAYI VE TICARET LTD STI		Bifidobacterium longum unspecified	GCF_045273095.1	Tier1	1_204	113.03649533720494	GCF_045273095.1	Tier1	113.03649533720494
GCF_045273105.1	Bifidobacterium animalis	MRD3454	Tier1	Closed genome: contigs=1, N50=1930803, len=1930903		SAMN44667014	MEDICAL RESEARCH AND DEVELOPMENT ARGE  BIYOTEKNOLOJI SANAYI VE TICARET LTD STI	feces from male	Turkey:Sakarya-Adapazari	2024-11-10T04:18:04.080	97.42	0.36	Chromosome	current	PRJNA1184225	1	1930803	1930903	gcfgca:GCA_045273105.1	canonical	Bifidobacterium animalis																					submitter_match	MEDICAL RESEARCH AND DEVELOPMENT ARGE  BIYOTEKNOLOJI SANAYI VE TICARET LTD STI		Bifidobacterium animalis unspecified	GCF_045273105.1	Tier1	3_2	104.5328052311054	GCF_003671995.1	Tier1	110.9030557585669
GCF_045286995.1	Bifidobacterium longum	YGMCC0190	Tier2	Draft: contigs=48, N50=103056, completeness=98.05		SAMN37555357	Beijing YuGen Pharmaceutical Co., Ltd		China	2023-09-27T05:00:08.714	98.05	0.72	Chromosome	current	PRJNA1020989	48	103056	2441403	gcfgca:GCA_045286995.1	canonical	Bifidobacterium longum																					submitter_match	Beijing YuGen Pharmaceutical Co., Ltd		Bifidobacterium longum unspecified	GCF_045286995.1	Tier2	1_71	101.88280722539814	GCF_034051595.1	Tier2	102.25573982263896
GCF_045287105.1	Bifidobacterium longum	YGMCC0550	Tier1	Closed genome: contigs=1, N50=2708179, len=2708279		SAMN37555603	Beijing YuGen Pharmaceutical Co., Ltd		China	2023-09-27T05:59:05.182	98.82	2.29	Chromosome	current	PRJNA1020989	1	2708179	2708279	gcfgca:GCA_045287105.1	canonical	Bifidobacterium longum																					submitter_match	Beijing YuGen Pharmaceutical Co., Ltd		Bifidobacterium longum unspecified	GCF_045287105.1	Tier1	1_58	109.7563467011142	GCA_045689145.1	Tier1	109.7563467011142
GCF_045287175.1	Bifidobacterium longum	YGMCC0510	Tier1	Closed genome: contigs=1, N50=2393285, len=2393385		SAMN37555608	Beijing YuGen Pharmaceutical Co., Ltd		China	2023-09-27T05:59:05.229	98.91	0.16	Chromosome	current	PRJNA1020989	1	2393285	2393385	gcfgca:GCA_045287175.1	canonical	Bifidobacterium longum																					submitter_match	Beijing YuGen Pharmaceutical Co., Ltd		Bifidobacterium longum unspecified	GCF_045287175.1	Tier1	1_197	113.02950628242972	GCA_045689155.1	Tier1	113.02950628242972
GCF_045635495.1	Bifidobacterium bifidum	CGMCC No.29545	Tier2	Draft: contigs=52, N50=161019, completeness=96.37		SAMN44616490	Zhejiang Chinese Medical University		China:Hangzhou	2024-11-07T00:58:04.030	96.37	1.19	Contig	current	PRJNA1182931	52	161019	2263874	gcfgca:GCA_045635495.1	canonical	Bifidobacterium bifidum																					literature	PMID 40000948	1.0	Bifidobacterium bifidum	GCF_045635495.1	Tier2	4_8	101.41485286260888	GCF_001025135.1	Tier1	112.36685533953278
GCF_046199715.1	Bifidobacterium longum subsp. infantis	MRD2701	Tier1	Closed genome: contigs=1, N50=2832258, len=2832258		SAMN44629364	MEDICAL RESEARCH AND DEVELOPMENT ARGE  BIYOTEKNOLOJI SANAYI VE TICARET LTD STI	feces	Turkey:Sakarya-Adapazari	2024-11-08T01:32:07.450	98.82	0.16	Complete Genome	current	PRJNA1183569	1	2832258	2832258	gcfgca:GCA_046199715.1	canonical	Bifidobacterium longum																					submitter_match	MEDICAL RESEARCH AND DEVELOPMENT ARGE  BIYOTEKNOLOJI SANAYI VE TICARET LTD STI		Bifidobacterium longum subsp. infantis	GCF_046199715.1	Tier1	1_51	106.52600806307638	GCF_000269965.1	Tier1	106.57576324158852
GCF_047301025.1	Bifidobacterium breve	JKL2022	Tier1	Closed genome: contigs=1, N50=2313948, len=2313948		SAMN30403323	Chung Ang University	Human infant fecal	South Korea: Anseong City	2022-08-19T03:55:04.110	99.2	0.84	Complete Genome	current	PRJNA871061	1	2313948	2313948	gcfgca:GCA_047301025.1	canonical	Bifidobacterium breve																					literature	PMID 41822842	4.0	Bifidobacterium breve	GCF_047301025.1	Tier1	1_26	112.82887681618408	GCF_047301025.1	Tier1	112.82887681618408
GCF_047716045.1	Bifidobacterium animalis subsp. lactis	SK-16	Tier1	Closed genome: contigs=1, N50=1944127, len=1944127		SAMN46043220	Shandong University	commercial product	China: Qingdao	2024-12-31T09:08:04.316	98.86	0.27	Complete Genome	current	PRJNA1204811	1	1944127	1944127	gcfgca:GCA_047716045.1	canonical	Bifidobacterium animalis																					isolation_source_match	commercial product		Bifidobacterium animalis subsp. lactis	GCF_047716045.1	Tier1	3_1	111.79419152581364	GCF_011770105.1	Tier1	112.25343520812255
GCF_047716065.1	Bifidobacterium animalis subsp. lactis	SK-15	Tier1	Closed genome: contigs=1, N50=1944140, len=1944140		SAMN46043219	Shandong University	commercial product	China: Qingdao	2024-12-31T09:08:04.306	98.86	0.27	Complete Genome	current	PRJNA1204811	1	1944140	1944140	gcfgca:GCA_047716065.1	canonical	Bifidobacterium animalis																					isolation_source_match	commercial product		Bifidobacterium animalis subsp. lactis	GCF_047716065.1	Tier1	3_1	111.88420196808586	GCF_011770105.1	Tier1	112.25343520812255
GCF_047716075.1	Bifidobacterium animalis subsp. lactis	SK-14	Tier1	Closed genome: contigs=1, N50=1944188, len=1944188		SAMN46043218	Shandong University	commercial product	China: Qingdao	2024-12-31T09:08:04.296	98.97	0.27	Complete Genome	current	PRJNA1204811	1	1944188	1944188	gcfgca:GCA_047716075.1	canonical	Bifidobacterium animalis																					isolation_source_match	commercial product		Bifidobacterium animalis subsp. lactis	GCF_047716075.1	Tier1	3_1	111.95418036053611	GCF_011770105.1	Tier1	112.25343520812255
GCF_047716085.1	Bifidobacterium animalis subsp. lactis	SK-10	Tier1	Closed genome: contigs=1, N50=1944152, len=1944152		SAMN46043216	Shandong University	commercial product	China: Qingdao	2024-12-31T09:08:04.276	98.93	0.27	Complete Genome	current	PRJNA1204811	1	1944152	1944152	gcfgca:GCA_047716085.1	canonical	Bifidobacterium animalis																					isolation_source_match	commercial product		Bifidobacterium animalis subsp. lactis	GCF_047716085.1	Tier1	3_1	112.00418645234068	GCF_011770105.1	Tier1	112.25343520812255
GCF_047716095.1	Bifidobacterium animalis subsp. lactis	SK-12	Tier1	Closed genome: contigs=1, N50=1944140, len=1944140		SAMN46043217	Shandong University	commercial product	China: Qingdao	2024-12-31T09:08:04.286	98.93	0.27	Complete Genome	current	PRJNA1204811	1	1944140	1944140	gcfgca:GCA_047716095.1	canonical	Bifidobacterium animalis																					isolation_source_match	commercial product		Bifidobacterium animalis subsp. lactis	GCF_047716095.1	Tier1	3_1	111.87419522606386	GCF_011770105.1	Tier1	112.25343520812255
GCF_047716125.1	Bifidobacterium animalis subsp. lactis	SK-9	Tier1	Closed genome: contigs=1, N50=1944301, len=1944301		SAMN46043215	Shandong University	commercial product	China: Qingdao	2024-12-31T09:08:04.266	98.08	0.27	Complete Genome	current	PRJNA1204811	1	1944301	1944301	gcfgca:GCA_047716125.1	canonical	Bifidobacterium animalis																					isolation_source_match	commercial product		Bifidobacterium animalis subsp. lactis	GCF_047716125.1	Tier1	3_1	111.95422444507628	GCF_011770105.1	Tier1	112.25343520812255
GCF_047716175.1	Bifidobacterium animalis subsp. lactis	SK-5	Tier1	Closed genome: contigs=1, N50=1935358, len=1935358		SAMN46043212	Shandong University	commercial product	China: Qingdao	2024-12-31T09:08:04.236	98.67	0.27	Complete Genome	current	PRJNA1204811	1	1935358	1935358	gcfgca:GCA_047716175.1	canonical	Bifidobacterium animalis																					isolation_source_match	commercial product		Bifidobacterium animalis subsp. lactis	GCF_047716175.1	Tier1	3_1	112.24322784644023	GCF_011770105.1	Tier1	112.25343520812255
GCF_047716195.1	Bifidobacterium animalis subsp. lactis	SK-4	Tier1	Closed genome: contigs=1, N50=1944148, len=1944148		SAMN46043211	Shandong University	commercial product	China: Qingdao	2024-12-31T09:08:04.226	98.93	0.27	Complete Genome	current	PRJNA1204811	1	1944148	1944148	gcfgca:GCA_047716195.1	canonical	Bifidobacterium animalis																					isolation_source_match	commercial product		Bifidobacterium animalis subsp. lactis	GCF_047716195.1	Tier1	3_1	112.06420510919364	GCF_011770105.1	Tier1	112.25343520812255
GCF_049191355.1	Bifidobacterium breve	IATA131	Tier2	Draft: contigs=14, N50=325537, completeness=99.37		SAMN45053980	MAMI	milk	Spain:Valencia	2024-11-26T07:57:04.080	99.37	0.58	Contig	current	PRJNA1190840	14	325537	2234316	gcfgca:GCA_049191355.1	canonical	Bifidobacterium breve																					literature	PMID 40340669	1.0	Bifidobacterium breve	GCF_049191355.1	Tier2	1_21	102.49005018441352	GCF_000213865.1	Tier1	112.90574410222168
GCF_049191365.1	Bifidobacterium breve	IATA136	Tier2	Draft: contigs=20, N50=248506, completeness=99.52		SAMN45053982	MAMI	milk	Spain:Valencia	2024-11-26T07:57:04.100	99.52	0.7	Contig	current	PRJNA1190840	20	248506	2272010	gcfgca:GCA_049191365.1	canonical	Bifidobacterium breve																					literature	PMID 40340669	1.0	Bifidobacterium breve	GCF_049191365.1	Tier2	1_21	102.26191843898629	GCF_000213865.1	Tier1	112.90574410222168
GCF_049191445.1	Bifidobacterium adolescentis	IATA096	Tier2	Draft: contigs=16, N50=1826680, completeness=98.01		SAMN45053965	MAMI	feces	Spain:Valencia	2024-11-26T07:57:03.946	98.01	3.65	Contig	current	PRJNA1190840	16	1826680	2294397	gcfgca:GCA_049191445.1	canonical	Bifidobacterium adolescentis																					literature	PMID 40340669	1.0	Bifidobacterium adolescentis	GCF_049191445.1	Tier2	5_33	100.69083123689292	GCF_049191445.1	Tier2	100.69083123689292
GCF_049191465.1	Bifidobacterium breve	IATA048	Tier2	Draft: contigs=14, N50=308535, completeness=97.61		SAMN45053954	MAMI	feces	Spain:Valencia	2024-11-26T07:57:03.846	97.61	0.27	Contig	current	PRJNA1190840	14	308535	2341502	gcfgca:GCA_049191465.1	canonical	Bifidobacterium breve																					literature	PMID 40340669	1.0	Bifidobacterium breve	GCF_049191465.1	Tier2	1_18	101.94020222524487	GCF_049191465.1	Tier2	101.94020222524487
GCF_049191485.1	Bifidobacterium animalis subsp. lactis	IATA029	Tier2	Draft: contigs=40, N50=89928, completeness=98.97		SAMN45053949	MAMI	feces	Spain:Valencia	2024-11-26T07:57:03.803	98.97	0.27	Contig	current	PRJNA1190840	40	89928	1917373	gcfgca:GCA_049191485.1	canonical	Bifidobacterium animalis																					literature	PMID 40340669	1.0	Bifidobacterium animalis subsp. lactis	GCF_049191485.1	Tier2	3_1	101.3267036368558	GCF_011770105.1	Tier1	112.25343520812255
GCF_049191505.1	Bifidobacterium breve	IATA027	Tier2	Draft: contigs=134, N50=38406, completeness=98.5		SAMN45053948	MAMI	feces	Spain:Valencia	2024-11-26T07:57:03.793	98.5	2.04	Contig	current	PRJNA1190840	134	38406	2306997	gcfgca:GCA_049191505.1	canonical	Bifidobacterium breve																					literature	PMID 40340669	1.0	Bifidobacterium breve	GCF_049191505.1	Tier2	1_22	101.59406622672331	GCF_013267755.1	Tier1	112.8671749802116
GCF_049191785.1	Bifidobacterium longum subsp. longum	IATA144	Tier2	Draft: contigs=40, N50=111775, completeness=99.04		SAMN45053988	MAMI	feces	Spain:Valencia	2024-11-26T07:57:04.153	99.04	0.39	Contig	current	PRJNA1190840	40	111775	2348472	gcfgca:GCA_049191785.1	canonical	Bifidobacterium longum																					literature	PMID 40340669	1.0	Bifidobacterium longum subsp. longum	GCF_049191785.1	Tier2	1_177	101.37417233927005	GCF_049191785.1	Tier2	101.37417233927005
GCF_049191795.1	Bifidobacterium animalis subsp. lactis	IATA143	Tier2	Draft: contigs=22, N50=182316, completeness=98.88		SAMN45053987	MAMI	feces	Spain:Valencia	2024-11-26T07:57:04.143	98.88	0.27	Contig	current	PRJNA1190840	22	182316	1919546	gcfgca:GCA_049191795.1	canonical	Bifidobacterium animalis																					literature	PMID 40340669	1.0	Bifidobacterium animalis subsp. lactis	GCF_049191795.1	Tier2	3_1	101.44020227284604	GCF_011770105.1	Tier1	112.25343520812255
GCF_049191855.1	Bifidobacterium adolescentis	IATA101	Tier2	Draft: contigs=9, N50=790924, completeness=96.53		SAMN45053966	MAMI	feces	Spain:Valencia	2024-11-26T07:57:03.953	96.53	2.75	Contig	current	PRJNA1190840	9	790924	2161000	gcfgca:GCA_049191855.1	canonical	Bifidobacterium adolescentis																					literature	PMID 40340669	1.0	Bifidobacterium adolescentis	GCF_049191855.1	Tier2	5_15	101.4890673770419	GCF_049191855.1	Tier2	101.4890673770419
GCF_049191865.1	Bifidobacterium longum subsp. longum	IATA075	Tier2	Draft: contigs=50, N50=180493, completeness=99.41		SAMN45053958	MAMI	feces	Spain:Valencia	2024-11-26T07:57:03.883	99.41	4.69	Contig	current	PRJNA1190840	50	180493	2619632	gcfgca:GCA_049191865.1	canonical	Bifidobacterium longum																					literature	PMID 40340669	1.0	Bifidobacterium longum subsp. longum	GCF_049191865.1	Tier2	1_103	86.87903020481383	GCF_054189165.1	Tier1	112.7183233991825
GCF_049191905.1	Bifidobacterium longum subsp. longum	IATA062	Tier2	Draft: contigs=73, N50=95289, completeness=99.3		SAMN45053956	MAMI	feces	Spain:Valencia	2024-11-26T07:57:03.866	99.3	0.25	Contig	current	PRJNA1190840	73	95289	2469839	gcfgca:GCA_049191905.1	canonical	Bifidobacterium longum																					literature	PMID 40340669	1.0	Bifidobacterium longum subsp. longum	GCF_049191905.1	Tier2	1_108	101.17979139727504	GCF_014334075.1	Tier1	112.89328377873572
GCF_049191915.1	Bifidobacterium bifidum	IATA049	Tier2	Draft: contigs=105, N50=37167, completeness=96.03		SAMN45053955	MAMI	feces	Spain:Valencia	2024-11-26T07:57:03.856	96.03	0.32	Contig	current	PRJNA1190840	105	37167	2141429	gcfgca:GCA_049191915.1	canonical	Bifidobacterium bifidum																					literature	PMID 40340669	1.0	Bifidobacterium bifidum	GCF_049191915.1	Tier2	4_6	101.23557878673417	GCF_017894325.1	Tier1	112.26194062228832
GCF_049191945.1	Bifidobacterium pseudocatenulatum	IATA044	Tier2	Draft: contigs=25, N50=273733, completeness=99.23		SAMN45053953	MAMI	feces	Spain:Valencia	2024-11-26T07:57:03.840	99.23	0.16	Contig	current	PRJNA1190840	25	273733	2348117	gcfgca:GCA_049191945.1	canonical	Bifidobacterium pseudocatenulatum																					literature	PMID 40340669	1.0	Bifidobacterium pseudocatenulatum	GCF_049191945.1	Tier2	2_26	96.47866357856256	GCF_049191945.1	Tier2	96.47866357856256
GCF_049191975.1	Bifidobacterium animalis subsp. lactis	IATA021	Tier2	Draft: contigs=29, N50=182109, completeness=98.97		SAMN45053947	MAMI	feces	Spain:Valencia	2024-11-26T07:57:03.786	98.97	0.27	Contig	current	PRJNA1190840	29	182109	1916729	gcfgca:GCA_049191975.1	canonical	Bifidobacterium animalis																					literature	PMID 40340669	1.0	Bifidobacterium animalis subsp. lactis	GCF_049191975.1	Tier2	3_1	101.47997806132751	GCF_011770105.1	Tier1	112.25343520812255
GCF_049192005.1	Bifidobacterium animalis subsp. lactis	IATA020	Tier2	Draft: contigs=33, N50=111123, completeness=98.97		SAMN45053946	MAMI	feces	Spain:Valencia	2024-11-26T07:57:03.776	98.97	0.27	Contig	current	PRJNA1190840	33	111123	1916941	gcfgca:GCA_049192005.1	canonical	Bifidobacterium animalis																					literature	PMID 40340669	1.0	Bifidobacterium animalis subsp. lactis	GCF_049192005.1	Tier2	3_1	101.29272782004756	GCF_011770105.1	Tier1	112.25343520812255
GCF_049192025.1	Bifidobacterium animalis subsp. lactis	IATA010	Tier2	Draft: contigs=45, N50=84505, completeness=98.97		SAMN45053943	MAMI	feces	Spain:Valencia	2024-11-26T07:57:03.750	98.97	0.32	Contig	current	PRJNA1190840	45	84505	1917966	gcfgca:GCA_049192025.1	canonical	Bifidobacterium animalis																					literature	PMID 40340669	2.0	Bifidobacterium animalis subsp. lactis	GCF_049192025.1	Tier2	3_1	101.06319063382357	GCF_011770105.1	Tier1	112.25343520812255
GCF_049192035.1	Bifidobacterium animalis subsp. lactis	IATA008	Tier2	Draft: contigs=30, N50=114061, completeness=98.97		SAMN45053942	MAMI	feces	Spain:Valencia	2024-11-26T07:57:03.740	98.97	0.36	Contig	current	PRJNA1190840	30	114061	1917687	gcfgca:GCA_049192035.1	canonical	Bifidobacterium animalis																					literature	PMID 40340669	1.0	Bifidobacterium animalis subsp. lactis	GCF_049192035.1	Tier2	3_1	100.86833598999918	GCF_011770105.1	Tier1	112.25343520812255
GCF_049192055.1	Bifidobacterium bifidum	IATA016	Tier2	Draft: contigs=37, N50=111074, completeness=96.03		SAMN45053945	MAMI	feces	Spain:Valencia	2024-11-26T07:57:03.770	96.03	0.38	Contig	current	PRJNA1190840	37	111074	2210511	gcfgca:GCA_049192055.1	canonical	Bifidobacterium bifidum																					literature	PMID 40340669	1.0	Bifidobacterium bifidum	GCF_049192055.1	Tier2	4_7	101.06633953912971	GCF_003573895.1	Tier1	112.13925137674391
GCF_049192085.1	Bifidobacterium bifidum	IATA001	Tier2	Draft: contigs=32, N50=159087, completeness=96.03		SAMN45053939	MAMI	feces	Spain:Valencia	2024-11-26T07:57:03.710	96.03	0.36	Contig	current	PRJNA1190840	32	159087	2209886	gcfgca:GCA_049192085.1	canonical	Bifidobacterium bifidum																					literature	PMID 40340669	1.0	Bifidobacterium bifidum	GCF_049192085.1	Tier2	4_7	101.38461733053568	GCF_003573895.1	Tier1	112.13925137674391
GCF_049204735.1	Bifidobacterium pseudocatenulatum	IATA160	Tier2	Draft: contigs=12, N50=586498, completeness=99.07		SAMN45053991	MAMI	feces	Spain:Valencia	2024-11-26T07:57:04.190	99.07	0.65	Contig	current	PRJNA1190840	12	586498	2281912	gcfgca:GCA_049204735.1	canonical	Bifidobacterium pseudocatenulatum																					literature	PMID 40340669	1.0	Bifidobacterium pseudocatenulatum	GCF_049204735.1	Tier2	2_25	100.13413326773946	GCF_049204735.1	Tier2	100.13413326773946
GCF_049204755.1	Bifidobacterium breve	IATA153	Tier2	Draft: contigs=18, N50=291243, completeness=97.92		SAMN45053990	MAMI	feces	Spain:Valencia	2024-11-26T07:57:04.170	97.92	0.39	Contig	current	PRJNA1190840	18	291243	2323504	gcfgca:GCA_049204755.1	canonical	Bifidobacterium breve																					literature	PMID 40340669	1.0	Bifidobacterium breve	GCF_049204755.1	Tier2	1_14	101.99292777104375	GCF_001685805.1	Tier2	102.20289743951828
GCF_049204775.1	Bifidobacterium bifidum	IATA148	Tier2	Draft: contigs=14, N50=327036, completeness=96.77		SAMN45053989	MAMI	feces	Spain:Valencia	2024-11-26T07:57:04.160	96.77	1.0	Contig	current	PRJNA1190840	14	327036	2191378	gcfgca:GCA_049204775.1	canonical	Bifidobacterium bifidum																					literature	PMID 40340669	1.0	Bifidobacterium bifidum	GCF_049204775.1	Tier2	4_8	102.03857636138945	GCF_001025135.1	Tier1	112.36685533953278
GCF_049204795.1	Bifidobacterium animalis subsp. lactis	IATA142	Tier2	Draft: contigs=21, N50=199941, completeness=98.88		SAMN45053986	MAMI	feces	Spain:Valencia	2024-11-26T07:57:04.133	98.88	0.27	Contig	current	PRJNA1190840	21	199941	1919696	gcfgca:GCA_049204795.1	canonical	Bifidobacterium animalis																					literature	PMID 40340669	1.0	Bifidobacterium animalis subsp. lactis	GCF_049204795.1	Tier2	3_1	101.46021833520892	GCF_011770105.1	Tier1	112.25343520812255
GCF_049204815.1	Bifidobacterium animalis subsp. lactis	IATA135	Tier2	Draft: contigs=18, N50=201150, completeness=98.01		SAMN45053981	MAMI	feces	Spain:Valencia	2024-11-26T07:57:04.090	98.01	0.27	Contig	current	PRJNA1190840	18	201150	1915915	gcfgca:GCA_049204815.1	canonical	Bifidobacterium animalis																					literature	PMID 40340669	1.0	Bifidobacterium animalis subsp. lactis	GCF_049204815.1	Tier2	3_1	101.75155102112905	GCF_011770105.1	Tier1	112.25343520812255
GCF_049204995.1	Bifidobacterium longum subsp. longum	IATA116	Tier2	Draft: contigs=36, N50=163635, completeness=98.91		SAMN45053975	MAMI	feces	Spain:Valencia	2024-11-26T07:57:04.033	98.91	0.56	Contig	current	PRJNA1190840	36	163635	2448218	gcfgca:GCA_049204995.1	canonical	Bifidobacterium longum																					literature	PMID 40340669	1.0	Bifidobacterium longum subsp. longum	GCF_049204995.1	Tier2	1_110	101.09693810040469	GCF_049204995.1	Tier2	101.09693810040469
GCF_049205105.1	Bifidobacterium longum subsp. longum	IATA107	Tier2	Draft: contigs=19, N50=264585, completeness=99.38		SAMN45053970	MAMI	feces	Spain:Valencia	2024-11-26T07:57:03.990	99.38	0.25	Contig	current	PRJNA1190840	19	264585	2295816	gcfgca:GCA_049205105.1	canonical	Bifidobacterium longum																					literature	PMID 40340669	1.0	Bifidobacterium longum subsp. longum	GCF_049205105.1	Tier2	1_101	101.54128260964252	GCF_049205105.1	Tier2	101.54128260964252
GCF_049205175.1	Bifidobacterium longum subsp. infantis	IATA105	Tier2	Draft: contigs=31, N50=250040, completeness=97.49		SAMN45053969	MAMI	feces	Spain:Valencia	2024-11-26T07:57:03.980	97.49	0.93	Contig	current	PRJNA1190840	31	250040	2688135	gcfgca:GCA_049205175.1	canonical	Bifidobacterium longum																					literature	PMID 40340669	1.0	Bifidobacterium longum subsp. infantis	GCF_049205175.1	Tier2	1_67	99.8590047451154	GCF_049205175.1	Tier2	99.8590047451154
GCF_049205195.1	Bifidobacterium longum subsp. infantis	IATA104	Tier2	Draft: contigs=31, N50=250040, completeness=97.49		SAMN45053968	MAMI	feces	Spain:Valencia	2024-11-26T07:57:03.973	97.49	0.93	Contig	current	PRJNA1190840	31	250040	2688316	gcfgca:GCA_049205195.1	canonical	Bifidobacterium longum																					literature	PMID 40340669	1.0	Bifidobacterium longum subsp. infantis	GCF_049205195.1	Tier2	1_67	99.8590047451154	GCF_049205175.1	Tier2	99.8590047451154
GCF_049205235.1	Bifidobacterium bifidum	IATA102	Tier2	Draft: contigs=23, N50=228708, completeness=95.58		SAMN45053967	MAMI	feces	Spain:Valencia	2024-11-26T07:57:03.963	95.58	0.52	Contig	current	PRJNA1190840	23	228708	2223996	gcfgca:GCA_049205235.1	canonical	Bifidobacterium bifidum																					literature	PMID 40340669	1.0	Bifidobacterium bifidum	GCF_049205235.1	Tier2	4_5	101.84054065811948	GCF_049205235.1	Tier2	101.84054065811948
GCF_049205255.1	Bifidobacterium breve	IATA084	Tier2	Draft: contigs=37, N50=210848, completeness=97.81		SAMN45053963	MAMI	feces	Spain:Valencia	2024-11-26T07:57:03.926	97.81	0.96	Contig	current	PRJNA1190840	37	210848	2380965	gcfgca:GCA_049205255.1	canonical	Bifidobacterium breve																					literature	PMID 40340669	1.0	Bifidobacterium breve	GCF_049205255.1	Tier2	1_41	102.07191808507264	GCF_001281425.1	Tier1	112.24187437360372
GCF_049205315.1	Bifidobacterium breve	IATA077	Tier2	Draft: contigs=22, N50=207544, completeness=97.69		SAMN45053959	MAMI	feces	Spain:Valencia	2024-11-26T07:57:03.893	97.69	0.27	Contig	current	PRJNA1190840	22	207544	2340907	gcfgca:GCA_049205315.1	canonical	Bifidobacterium breve																					literature	PMID 40340669	1.0	Bifidobacterium breve	GCF_049205315.1	Tier2	1_18	101.80410509795084	GCF_049191465.1	Tier2	101.94020222524487
GCF_049205335.1	Bifidobacterium adolescentis	IATA066	Tier2	Draft: contigs=73, N50=94951, completeness=97.95		SAMN45053957	MAMI	feces	Spain:Valencia	2024-11-26T07:57:03.873	97.95	3.72	Contig	current	PRJNA1190840	73	94951	2295322	gcfgca:GCA_049205335.1	canonical	Bifidobacterium adolescentis																					literature	PMID 40340669	1.0	Bifidobacterium adolescentis	GCF_049205335.1	Tier2	5_35	98.39874977148858	GCF_049205335.1	Tier2	98.39874977148858
GCF_049205355.1	Bifidobacterium longum subsp. longum	IATA034	Tier2	Draft: contigs=74, N50=80394, completeness=99.38		SAMN45053951	MAMI	feces	Spain:Valencia	2024-11-26T07:57:03.820	99.38	0.61	Contig	current	PRJNA1190840	74	80394	2456017	gcfgca:GCA_049205355.1	canonical	Bifidobacterium longum																					literature	PMID 40340669	1.0	Bifidobacterium longum subsp. longum	GCF_049205355.1	Tier2	1_106	100.99261181875156	GCF_049205355.1	Tier2	100.99261181875156
GCF_049205375.1	Bifidobacterium longum subsp. longum	IATA033	Tier2	Draft: contigs=61, N50=101858, completeness=98.91		SAMN45053950	MAMI	feces	Spain:Valencia	2024-11-26T07:57:03.813	98.91	0.16	Contig	current	PRJNA1190840	61	101858	2629996	gcfgca:GCA_049205375.1	canonical	Bifidobacterium longum																					literature	PMID 40340669	1.0	Bifidobacterium longum subsp. longum	GCF_049205375.1	Tier2	1_178	99.99399757223712	GCF_049205375.1	Tier2	99.99399757223712
GCF_049205395.1	Bifidobacterium longum subsp. longum	IATA015	Tier2	Draft: contigs=129, N50=40955, completeness=98.52		SAMN45053944	MAMI	feces	Spain:Valencia	2024-11-26T07:57:03.760	98.52	0.74	Contig	current	PRJNA1190840	129	40955	2249871	gcfgca:GCA_049205395.1	canonical	Bifidobacterium longum																					literature	PMID 40340669	1.0	Bifidobacterium longum subsp. longum	GCF_049205395.1	Tier2	1_111	97.07605344854038	GCF_049205415.1	Tier2	100.80427927794548
GCF_049205415.1	Bifidobacterium longum subsp. longum	IATA003	Tier2	Draft: contigs=156, N50=32267, completeness=99.38		SAMN45053940	MAMI	feces	Spain:Valencia	2024-11-26T07:57:03.720	99.38	0.4	Contig	current	PRJNA1190840	156	32267	2232558	gcfgca:GCA_049205415.1	canonical	Bifidobacterium longum																					literature	PMID 40340669	1.0	Bifidobacterium longum subsp. longum	GCF_049205415.1	Tier2	1_111	100.80427927794548	GCF_049205415.1	Tier2	100.80427927794548
GCF_049309805.1	Bifidobacterium adolescentis	SH60	Tier2	Draft: contigs=26, N50=393510, completeness=97.36		SAMN46001241	Synbiotic Health	feces	USA: Lincoln, NE	2024-12-27T15:38:04.503	97.36	3.24	Scaffold	current	PRJNA1203657	26	393510	2273818	gcfgca:GCA_049309805.1	canonical	Bifidobacterium adolescentis																					literature;submitter_match	PMID 41186414;Synbiotic Health	1.0	Bifidobacterium adolescentis	GCF_049309805.1	Tier2	5_23	99.78332290243785	GCF_049309805.1	Tier2	99.78332290243785
GCF_049309865.1	Bifidobacterium adolescentis	SH39	Tier2	Draft: contigs=16, N50=1371782, completeness=96.72		SAMN46001239	Synbiotic Health	feces	USA: Lincoln, NE	2024-12-27T15:38:04.483	96.72	2.77	Contig	current	PRJNA1203657	16	1371782	2132103	gcfgca:GCA_049309865.1	canonical	Bifidobacterium adolescentis																					literature;submitter_match	PMID 41186414;Synbiotic Health	1.0	Bifidobacterium adolescentis	GCF_049309865.1	Tier2	5_31	100.72864254995667	GCF_049309865.1	Tier2	100.72864254995667
GCF_049309885.1	Bifidobacterium adolescentis	SH38	Tier2	Draft: contigs=37, N50=264878, completeness=96.51		SAMN46001238	Synbiotic Health	feces	USA: Lincoln, NE	2024-12-27T15:38:04.473	96.51	5.0	Scaffold	current	PRJNA1203657	37	264878	2381238	gcfgca:GCA_049309885.1	canonical	Bifidobacterium adolescentis																					literature;submitter_match	PMID 41186414;Synbiotic Health	1.0	Bifidobacterium adolescentis	GCF_049309885.1	Tier2	5_19	99.47152294427626	GCF_049309885.1	Tier2	99.47152294427626
GCF_049309905.1	Bifidobacterium adolescentis	SH36	Tier2	Draft: contigs=32, N50=226433, completeness=96.98		SAMN46001237	Synbiotic Health	feces	USA: Lincoln, NE	2024-12-27T15:38:04.463	96.98	2.98	Scaffold	current	PRJNA1203657	32	226433	2441525	gcfgca:GCA_049309905.1	canonical	Bifidobacterium adolescentis																					literature;submitter_match	PMID 41186414;Synbiotic Health	1.0	Bifidobacterium adolescentis	GCF_049309905.1	Tier2	5_27	98.88746986027206	GCF_049309905.1	Tier2	98.88746986027206
GCF_049309925.1	Bifidobacterium adolescentis	SH240	Tier2	Draft: contigs=42, N50=301069, completeness=96.51		SAMN46001236	Synbiotic Health	feces	USA: Lincoln, NE	2024-12-27T15:38:04.453	96.51	3.5	Contig	current	PRJNA1203657	42	301069	2230061	gcfgca:GCA_049309925.1	canonical	Bifidobacterium adolescentis																					literature;submitter_match	PMID 41186414;Synbiotic Health	1.0	Bifidobacterium adolescentis	GCF_049309925.1	Tier2	5_10	100.59933302003132	GCF_049309925.1	Tier2	100.59933302003132
GCF_049309965.1	Bifidobacterium adolescentis	SH172	Tier2	Draft: contigs=26, N50=401032, completeness=96.58		SAMN46001234	Synbiotic Health	feces	USA: Lincoln, NE	2024-12-27T15:38:04.437	96.58	2.11	Scaffold	current	PRJNA1203657	26	401032	2203548	gcfgca:GCA_049309965.1	canonical	Bifidobacterium adolescentis																					literature;submitter_match	PMID 41186414;Synbiotic Health	1.0	Bifidobacterium adolescentis	GCF_049309965.1	Tier2	5_22	101.60158951407684	GCF_049309965.1	Tier2	101.60158951407684
GCF_049309985.1	Bifidobacterium adolescentis	SH171	Tier2	Draft: contigs=23, N50=398428, completeness=95.15		SAMN46001233	Synbiotic Health	feces	USA: Lincoln, NE	2024-12-27T15:38:04.427	95.15	2.81	Scaffold	current	PRJNA1203657	23	398428	2148758	gcfgca:GCA_049309985.1	canonical	Bifidobacterium adolescentis																					literature;submitter_match	PMID 41186414;Synbiotic Health	1.0	Bifidobacterium adolescentis	GCF_049309985.1	Tier2	5_1	101.06404678431906	GCF_049309985.1	Tier2	101.06404678431906
GCF_049310045.1	Bifidobacterium adolescentis	SH169	Tier2	Draft: contigs=18, N50=799026, completeness=96.23		SAMN46001231	Synbiotic Health	feces	USA: Lincoln, NE	2024-12-27T15:38:04.397	96.23	1.16	Scaffold	current	PRJNA1203657	18	799026	2339500	gcfgca:GCA_049310045.1	canonical	Bifidobacterium adolescentis																					literature;submitter_match	PMID 41186414;Synbiotic Health	1.0	Bifidobacterium adolescentis	GCF_049310045.1	Tier2	5_2	99.51128045566	GCF_049310045.1	Tier2	99.51128045566
GCF_050516145.1	Bifidobacterium catenulatum subsp. puerorum	YIT 11099	Tier1	Closed genome: contigs=1, N50=2164444, len=2164444		SAMN45020851	Yakult Central Institute	adult feces	Papua New Guinea	2024-11-24T01:38:04.026	98.84	0.49	Complete Genome	current	PRJNA1189854	1	2164444	2164444	gcfgca:GCA_050516145.1	canonical	Bifidobacterium catenulatum		type strain of Bifidobacterium catenulatum subsp. puerorum																			submitter_match	Yakult Central Institute		Bifidobacterium catenulatum subsp. puerorum	GCF_050516145.1	Tier1	2_45	111.09767317696289	GCF_050516145.1	Tier1	111.09767317696289
GCF_050565525.1	Bifidobacterium thermophilum	CCRC	Tier2-unconfirmed	Passes size/contig thresholds, CheckM missing -- needs CheckM2		SAMN48452950	Agricultural Research Council- Animal Production		South Africa: Irene	2025-05-13T09:55:04.330	98.57		Contig	current	PRJNA1262373	23	146093	2260057	gcfgca:GCA_050565525.1	canonical	Bifidobacterium thermophilum																					literature	PMID 41159968	1.0	Bifidobacterium thermophilum	GCF_050565525.1	Tier2	8_1	101.45221468708094	GCF_000347695.1	Tier1	112.06997346474704
GCF_050585885.1	Bifidobacterium pseudocatenulatum	YIT 12994	Tier2	Draft: contigs=9, N50=1610592, completeness=98.09		SAMN45020857	Yakult Central Institute	feces	Belgium	2024-11-24T01:38:04.090	98.09	0.16	Contig	current	PRJNA1189854	9	1610592	2202420	gcfgca:GCA_050585885.1	canonical	Bifidobacterium pseudocatenulatum																					submitter_match	Yakult Central Institute		Bifidobacterium pseudocatenulatum	GCF_050585885.1	Tier2	2_40	100.313492768785	GCF_050585885.1	Tier2	100.313492768785
GCF_050585905.1	Bifidobacterium pseudocatenulatum	YIT 12992	Tier2	Draft: contigs=9, N50=1325986, completeness=98.94		SAMN45020856	Yakult Central Institute	feces	Belgium	2024-11-24T01:38:04.077	98.94	0.16	Contig	current	PRJNA1189854	9	1325986	2273427	gcfgca:GCA_050585905.1	canonical	Bifidobacterium pseudocatenulatum																					submitter_match	Yakult Central Institute		Bifidobacterium pseudocatenulatum	GCF_050585905.1	Tier2	2_21	100.13126946936664	GCF_050585905.1	Tier2	100.13126946936664
GCF_050585985.1	Bifidobacterium catenulatum subsp. catenulatum	YIT 13016	Tier2-unconfirmed	Passes size/contig thresholds, CheckM missing -- needs CheckM2		SAMN45020855	Yakult Central Institute	feces	Belgium	2024-11-24T01:38:04.066	98.28		Contig	current	PRJNA1189854	7	1618029	2065602	gcfgca:GCA_050585985.1	canonical	Bifidobacterium catenulatum																					submitter_match	Yakult Central Institute		Bifidobacterium catenulatum subsp. catenulatum	GCF_050585985.1	Tier2	2_50	102.1547931503258	GCF_050585985.1	Tier2	102.1547931503258
GCF_050586005.1	Bifidobacterium catenulatum subsp. catenulatum	YIT 13002	Tier2	Draft: contigs=26, N50=375511, completeness=98.94		SAMN45020854	Yakult Central Institute	feces	Belgium	2024-11-24T01:38:04.056	98.94	0.12	Contig	current	PRJNA1189854	26	375511	2102795	gcfgca:GCA_050586005.1	canonical	Bifidobacterium catenulatum																					submitter_match	Yakult Central Institute		Bifidobacterium catenulatum subsp. catenulatum	GCF_050586005.1	Tier2	2_50	101.40761133146168	GCF_050585985.1	Tier2	102.1547931503258
GCF_050586025.1	Bifidobacterium catenulatum subsp. puerorum	YIT 11100	Tier2-unconfirmed	Passes size/contig thresholds, CheckM missing -- needs CheckM2		SAMN45020853	Yakult Central Institute	feces	Papua New Guinea	2024-11-24T01:38:04.046	98.7		Contig	current	PRJNA1189854	10	1207654	2277307	gcfgca:GCA_050586025.1	canonical	Bifidobacterium catenulatum																					submitter_match	Yakult Central Institute		Bifidobacterium catenulatum subsp. puerorum	GCF_050586025.1	Tier2	2_46	100.1209712620868	GCF_050586025.1	Tier2	100.1209712620868
GCF_050586085.1	Bifidobacterium catenulatum subsp. puerorum	YIT 11086	Tier2	Draft: contigs=14, N50=690458, completeness=98.44		SAMN45020852	Yakult Central Institute	feces	Papua New Guinea	2024-11-24T01:38:04.036	98.44	0.98	Contig	current	PRJNA1189854	14	690458	2295891	gcfgca:GCA_050586085.1	canonical	Bifidobacterium catenulatum																					submitter_match	Yakult Central Institute		Bifidobacterium catenulatum subsp. puerorum	GCF_050586085.1	Tier2	2_47	100.43956863296854	GCF_050586085.1	Tier2	100.43956863296854
GCF_050586125.1	Bifidobacterium hominis	YIT 13612	Tier2-unconfirmed	Passes size/contig thresholds, CheckM missing -- needs CheckM2		SAMN45020850	Yakult Central Institute	feces	Japan	2024-11-24T01:38:04.017	97.81		Contig	current	PRJNA1189854	4	1679046	2123060	gcfgca:GCA_050586125.1	canonical	Bifidobacterium hominis																					submitter_match	Yakult Central Institute		Bifidobacterium hominis	GCF_050586125.1	Tier2	2_42	101.092531297227	GCF_050586125.1	Tier2	101.092531297227
GCF_050586145.1	Bifidobacterium hominis	YIT 13610	Tier2-unconfirmed	Passes size/contig thresholds, CheckM missing -- needs CheckM2		SAMN45020849	Yakult Central Institute	feces	Japan	2024-11-24T01:38:04.007	98.28		Contig	current	PRJNA1189854	4	1682750	2086047	gcfgca:GCA_050586145.1	canonical	Bifidobacterium hominis																					submitter_match	Yakult Central Institute		Bifidobacterium hominis	GCF_050586145.1	Tier2	2_43	101.5530097996144	GCF_050586145.1	Tier2	101.5530097996144
GCF_051906175.1	Bifidobacterium longum subsp. longum	CICC 6186 = JCM 1217	Tier2	Draft: contigs=38, N50=119023, completeness=98.41		SAMN49835369	China National Research Institute of Food and Fermentation Industries Co., LTD	Adult gut	China	2025-07-08T02:19:03.950	98.41	0.16	Contig	current	PRJNA1288172	38	119023	2344880	gcfgca:GCA_051906175.1	canonical	Bifidobacterium longum		type strain of Bifidobacterium longum																			literature;submitter_match	PMID 19911297;China National Research Institute of Food and Fermentation Industries Co., LTD	12.0	Bifidobacterium longum subsp. longum	GCF_051906175.1	Tier2	1_136	100.67765830288724	GCF_000196555.1	Tier1	111.58870197055336
GCF_051906195.1	Bifidobacterium longum subsp. infantis	CICC 6069 = ATCC 15697	Tier2	Draft: contigs=73, N50=84327, completeness=98.43		SAMN49835368	China National Research Institute of Food and Fermentation Industries Co., LTD	feces	China	2025-07-08T02:19:03.936	98.43	0.16	Contig	current	PRJNA1288172	73	84327	2787309	gcfgca:GCA_051906195.1	canonical	Bifidobacterium longum		type strain of Bifidobacterium infantis																			literature;submitter_match	PMID 40524432;China National Research Institute of Food and Fermentation Industries Co., LTD	39.0	Bifidobacterium longum subsp. infantis	GCF_051906195.1	Tier2	1_51	95.71292498210228	GCF_000269965.1	Tier1	106.57576324158852
GCF_052784005.1	Bifidobacterium longum	SLAM_BIL02	Tier1	Closed genome: contigs=1, N50=2582071, len=2582071		SAMN51334000	Seoul National University	infant feces	South Korea: Seoul	2025-09-15T00:15:07.210	99.38	0.16	Complete Genome	current	PRJNA1328415	1	2582071	2582071	gcfgca:GCA_052784005.1	canonical	Bifidobacterium longum																					literature	PMID 42316154	2.0	Bifidobacterium longum unspecified	GCF_052784005.1	Tier1	1_182	111.95263410035908	GCF_001293145.1	Tier1	112.4534097485006
GCF_053708835.1	Bifidobacterium longum	LFYP82	Tier1	Closed genome: contigs=1, N50=2441519, len=2441519		SAMN49155590	Fudan University	not applicable	not applicable	2025-06-17T10:42:03.753	96.71	0.98	Complete Genome	current	PRJNA1277733	1	2441519	2441519	gcfgca:GCA_053708835.1	canonical	Bifidobacterium longum																					literature	PMID 41001056	1.0	Bifidobacterium longum unspecified	GCF_053708835.1	Tier1	1_78	112.8908300570263	GCF_053708835.1	Tier1	112.8908300570263
GCF_053708875.1	Bifidobacterium breve	LFYP81	Tier1	Closed genome: contigs=1, N50=2428193, len=2428193		SAMN49155589	Fudan University	not applicable	not applicable	2025-06-17T10:42:03.743	98.79	0.27	Complete Genome	current	PRJNA1277733	1	2428193	2428193	gcfgca:GCA_053708875.1	canonical	Bifidobacterium breve																					literature	PMID 41001056	1.0	Bifidobacterium breve	GCF_053708875.1	Tier1	1_24	111.11264160139598	GCF_053708875.1	Tier1	111.11264160139598
GCF_053708915.1	Bifidobacterium adolescentis	LFYP80	Tier1	Closed genome: contigs=1, N50=2285534, len=2285534		SAMN49155588	Fudan University	not applicable	not applicable	2025-06-17T10:42:03.733	97.37	3.24	Complete Genome	current	PRJNA1277733	1	2285534	2285534	gcfgca:GCA_053708915.1	canonical	Bifidobacterium adolescentis																					literature	PMID 41001056	1.0	Bifidobacterium adolescentis	GCF_053708915.1	Tier1	5_24	111.2894938431567	GCF_053708915.1	Tier1	111.2894938431567
GCF_053708955.1	Bifidobacterium pseudocatenulatum	LFYP29	Tier1	Closed genome: contigs=1, N50=2298297, len=2298297		SAMN49155587	Fudan University	not applicable	not applicable	2025-06-17T10:42:03.723	98.58	0.16	Complete Genome	current	PRJNA1277733	1	2298297	2298297	gcfgca:GCA_053708955.1	canonical	Bifidobacterium pseudocatenulatum																					literature	PMID 41001056	1.0	Bifidobacterium pseudocatenulatum	GCF_053708955.1	Tier1	2_33	110.13070307508444	GCF_053708955.1	Tier1	110.13070307508444
GCF_053708995.1	Bifidobacterium dentium	LFYP24	Tier1	Closed genome: contigs=1, N50=2633480, len=2633480		SAMN49155586	Fudan University	not applicable	not applicable	2025-06-17T10:42:03.713	93.19	1.06	Complete Genome	current	PRJNA1277733	1	2633480	2633480	gcfgca:GCA_053708995.1	canonical	Bifidobacterium dentium																					literature	PMID 41001056	1.0	Bifidobacterium dentium	GCF_053708995.1	Tier1	6_1	110.90166501565854	GCF_053708995.1	Tier1	110.90166501565854
GCF_053709055.1	Bifidobacterium breve	GZX43	Tier1	Closed genome: contigs=1, N50=2275544, len=2275544		SAMN49155585	Fudan University	not applicable	not applicable	2025-06-17T10:42:03.700	99.31	0.27	Complete Genome	current	PRJNA1277733	1	2275544	2275544	gcfgca:GCA_053709055.1	canonical	Bifidobacterium breve																					literature	PMID 41001056	1.0	Bifidobacterium breve	GCF_053709055.1	Tier1	1_6	112.4684426140556	GCF_900637145.1	Tier1	112.46844406327646
GCF_054072875.1	Bifidobacterium breve	HC2953	Tier1	Closed genome: contigs=1, N50=2269438, len=2269438		SAMN53685647	Wecare Bioengineering Co.,Ltd.	feces	China: Qingdao	2025-12-05T00:39:04.880	99.31	0.27	Complete Genome	current	PRJNA1375448	1	2269438	2269438	gcfgca:GCA_054072875.1	canonical	Bifidobacterium breve																					submitter_match	Wecare Bioengineering Co.,Ltd.		Bifidobacterium breve	GCF_054072875.1	Tier1	1_6	112.34786915228386	GCF_900637145.1	Tier1	112.46844406327646
GCF_054072915.1	Bifidobacterium animalis subsp. lactis	HSLA-009	Tier1	Closed genome: contigs=1, N50=1935409, len=1935409		SAMN53685646	Wecare Bioengineering Co.,Ltd.	Camel Milk	China: Xinjiang	2025-12-05T00:39:04.866	98.63	0.27	Complete Genome	current	PRJNA1375448	1	1935409	1935409	gcfgca:GCA_054072915.1	canonical	Bifidobacterium animalis																					submitter_match	Wecare Bioengineering Co.,Ltd.		Bifidobacterium animalis subsp. lactis	GCF_054072915.1	Tier1	3_1	112.25322458165972	GCF_011770105.1	Tier1	112.25343520812255
GCF_054075065.1	Bifidobacterium longum subsp. longum	BA3	Tier2	Draft: contigs=12, N50=501095, completeness=98.91		SAMN21401152	BA	dairy products	Germany	2021-09-13T08:13:08.153	98.91	0.31	Contig	current	PRJNA762683	12	501095	2247020	gcfgca:GCA_054075065.1	canonical	Bifidobacterium longum																					isolation_source_match	dairy products		Bifidobacterium longum subsp. longum	GCF_054075065.1	Tier2	1_108	102.5661500401956	GCF_014334075.1	Tier1	112.89328377873572
GCF_054075085.1	Bifidobacterium longum subsp. infantis	BA2	Tier2	Draft: contigs=24, N50=210573, completeness=98.05		SAMN21401151	BA	dairy products	Germany	2021-09-13T08:13:08.140	98.05	1.83	Contig	current	PRJNA762683	24	210573	2564824	gcfgca:GCA_054075085.1	canonical	Bifidobacterium longum																					isolation_source_match	dairy products		Bifidobacterium longum subsp. infantis	GCF_054075085.1	Tier2	1_52	100.2616638397527	GCF_026967535.1	Tier1	111.19459418099356
GCF_054075105.1	Bifidobacterium breve	BA1	Tier2	Draft: contigs=6, N50=491436, completeness=99.61		SAMN21401150	BA	dairy products	Germany	2021-09-13T08:13:08.123	99.61	0.3	Contig	current	PRJNA762683	6	491436	2257626	gcfgca:GCA_054075105.1	canonical	Bifidobacterium breve																					isolation_source_match	dairy products		Bifidobacterium breve	GCF_054075105.1	Tier2	1_22	102.50300015378023	GCF_013267755.1	Tier1	112.8671749802116
GCF_054111545.1	Bifidobacterium adolescentis	QI0450	Tier2	Draft: contigs=40, N50=129386, completeness=95.87		SAMN53809045	Quadram Institute Bioscience		United Kingdom: Norwich	2025-12-09T09:10:09.133	95.87	2.36	Contig	current	PRJNA1377923	40	129386	2229164	gcfgca:GCA_054111545.1	canonical	Bifidobacterium adolescentis																					literature	PMID 41689511	1.0	Bifidobacterium adolescentis	GCF_054111545.1	Tier2	5_21	100.56594364337624	GCF_054111545.1	Tier2	100.56594364337624
GCF_054111565.1	Bifidobacterium adolescentis	QI0449	Tier2	Draft: contigs=42, N50=137351, completeness=97.08		SAMN53809044	Quadram Institute Bioscience		United Kingdom: Norwich	2025-12-09T09:10:09.123	97.08	2.11	Contig	current	PRJNA1377923	42	137351	2114023	gcfgca:GCA_054111565.1	canonical	Bifidobacterium adolescentis																					literature	PMID 41689511	1.0	Bifidobacterium adolescentis	GCF_054111565.1	Tier2	5_11	101.60731588576556	GCF_054111585.1	Tier2	102.06708333718178
GCF_054111585.1	Bifidobacterium adolescentis	QI0448	Tier2	Draft: contigs=38, N50=108985, completeness=97.98		SAMN53809043	Quadram Institute Bioscience		United Kingdom: Norwich	2025-12-09T09:10:09.113	97.98	2.88	Contig	current	PRJNA1377923	38	108985	2244923	gcfgca:GCA_054111585.1	canonical	Bifidobacterium adolescentis																					literature	PMID 41689511	1.0	Bifidobacterium adolescentis	GCF_054111585.1	Tier2	5_11	102.06708333718178	GCF_054111585.1	Tier2	102.06708333718178
GCF_054111605.1	Bifidobacterium adolescentis	QI0300	Tier2	Draft: contigs=38, N50=177584, completeness=96.62		SAMN53809042	Quadram Institute Bioscience		United Kingdom: Norwich	2025-12-09T09:10:09.103	96.62	2.44	Contig	current	PRJNA1377923	38	177584	2186465	gcfgca:GCA_054111605.1	canonical	Bifidobacterium adolescentis																					literature	PMID 41689511	1.0	Bifidobacterium adolescentis	GCF_054111605.1	Tier2	5_34	101.73190192923256	GCF_054111645.1	Tier2	102.25551190948808
GCF_054111625.1	Bifidobacterium adolescentis	QI0195	Tier2	Draft: contigs=38, N50=159206, completeness=97.36		SAMN53809040	Quadram Institute Bioscience		United Kingdom: Norwich	2025-12-09T09:10:09.080	97.36	2.22	Contig	current	PRJNA1377923	38	159206	2240217	gcfgca:GCA_054111625.1	canonical	Bifidobacterium adolescentis																					literature	PMID 41689511	1.0	Bifidobacterium adolescentis	GCF_054111625.1	Tier2	5_28	100.01097971548786	GCF_054111625.1	Tier2	100.01097971548786
GCF_054111645.1	Bifidobacterium adolescentis	QI0281	Tier2	Draft: contigs=36, N50=157262, completeness=97.6		SAMN53809041	Quadram Institute Bioscience		United Kingdom: Norwich	2025-12-09T09:10:09.090	97.6	1.43	Contig	current	PRJNA1377923	36	157262	2204358	gcfgca:GCA_054111645.1	canonical	Bifidobacterium adolescentis																					literature	PMID 41689511	1.0	Bifidobacterium adolescentis	GCF_054111645.1	Tier2	5_34	102.25551190948808	GCF_054111645.1	Tier2	102.25551190948808
GCF_054111665.1	Bifidobacterium adolescentis	QI0148	Tier2	Draft: contigs=21, N50=272991, completeness=98.64		SAMN53809039	Quadram Institute Bioscience		United Kingdom: Norwich	2025-12-09T09:10:09.066	98.64	1.2	Contig	current	PRJNA1377923	21	272991	2218473	gcfgca:GCA_054111665.1	canonical	Bifidobacterium adolescentis																					literature	PMID 41689511	1.0	Bifidobacterium adolescentis	GCF_054111665.1	Tier2	5_36	101.27807416470212	GCF_054111665.1	Tier2	101.27807416470212
GCF_054130475.1	Bifidobacterium longum	HOM1190	Tier1	Closed genome: contigs=1, N50=2389412, len=2389412		SAMN50312378	Beijing Hanmi pharmaceutical Co., Ltd	Infant feces	China: Beijing	2025-08-01T02:59:06.053	99.38	0.64	Complete Genome	current	PRJNA1299730	1	2389412	2389412	gcfgca:GCA_054130475.1	canonical	Bifidobacterium longum																					submitter_match	Beijing Hanmi pharmaceutical Co., Ltd		Bifidobacterium longum unspecified	GCF_054130475.1	Tier1	1_137	113.0493455033485	GCF_054130475.1	Tier1	113.0493455033485
GCF_054189165.1	Bifidobacterium longum	CECT 7347	Tier1	Closed genome: contigs=1, N50=2371629, len=2371629		SAMN54183961	ADM-Biopolis	feces sample	Spain	2025-12-18T04:34:04.570	99.49	0.25	Complete Genome	current	PRJNA1390474	1	2371629	2371629	gcfgca:GCA_054189165.1	canonical	Bifidobacterium longum																					literature;submitter_match	PMID 33921166;ADM-Biopolis	18.0	Bifidobacterium longum unspecified	GCF_054189165.1	Tier1	1_103	112.7183233991825	GCF_054189165.1	Tier1	112.7183233991825
GCF_054604265.1	Bifidobacterium animalis subsp. lactis	CECT 8145	Tier1	Closed genome: contigs=1, N50=1944146, len=1944146	CECT:8145	SAMN50616111	ADM-Biopolis	stools	Spain	2025-08-14T05:50:05.110	98.93	0.27	Complete Genome	current	PRJNA1305712	1	1944146	1944146	gcfgca:GCA_054604265.1	canonical	Bifidobacterium animalis																					literature;submitter_match	PMID 40002381;PMID 27054371;ADM-Biopolis	16.0	Bifidobacterium animalis subsp. lactis	GCF_054604265.1	Tier1	3_1	112.00420938093583	GCF_011770105.1	Tier1	112.25343520812255
GCF_054689485.1	Bifidobacterium adolescentis	BD1	Tier1	Closed genome: contigs=1, N50=2234972, len=2234972		SAMN21207002	University of California San Francisco		USA: San Francisco, CA	2021-09-02T12:40:05.310	99.22	5.59	Complete Genome	current	PRJNA759870	1	2234972	2234972	gcfgca:GCA_054689485.1	canonical	Bifidobacterium adolescentis																					literature	PMID 27524178	2.0	Bifidobacterium adolescentis	GCF_054689485.1	Tier1	5_29	111.02463604330408	GCF_054689485.1	Tier1	111.02463604330408
GCF_054901215.1	Bifidobacterium longum	DD98	Tier1	Closed genome: contigs=1, N50=2239167, len=2239167		SAMN52398049	Shanghai Jiao Tong University		China: Shanghai	2025-10-06T09:11:03.753	99.21	0.16	Complete Genome	current	PRJNA1338210	1	2239167	2239167	gcfgca:GCA_054901215.1	canonical	Bifidobacterium longum																					literature	PMID 35607941	7.0	Bifidobacterium longum unspecified	GCF_054901215.1	Tier1	1_112	112.743223238532	GCA_045689215.1	Tier1	112.74650916078
GCF_054960775.1	Bifidobacterium longum subsp. longum	iVE-15	Tier1	Closed genome: contigs=2, N50=2441751, len=2448736		SAMN54979378	Synbiotic Health		USA	2026-01-30T11:06:06.150	99.34	0.16	Complete Genome	current	PRJNA1348473	2	2441751	2448736	gcfgca:GCA_054960775.1	canonical	Bifidobacterium longum																					literature;submitter_match	PMID 42429742;Synbiotic Health	1.0	Bifidobacterium longum subsp. longum	GCF_054960775.1	Tier1	1_199	111.79385068712638	GCF_054960775.1	Tier1	111.79385068712638
GCF_054962495.1	Bifidobacterium adolescentis	DSM 20083	Tier2	Draft: contigs=2, N50=2028354, completeness=99.81	DSM:20083	SAMN48090816	The Vavilov Institute of General Genetics	feces	Germany	2025-04-22T05:02:04.690	99.81	1.23	Contig	current	PRJNA1217612	2	2028354	2089643	gcfgca:GCA_054962495.1	canonical	Bifidobacterium adolescentis		type strain of Bifidobacterium adolescentis																			literature	PMID 27536282;PMID 42278572	4.0	Bifidobacterium adolescentis	GCF_054962495.1	Tier2	5_16	102.04348853919537	GCF_000010425.1	Tier1	112.04993624940136
GCF_055378475.1	Bifidobacterium porcinum	JCM7042	Tier1	Closed genome: contigs=2, N50=2075993, len=2080182		SAMD00657603	Gifu University		missing	2023-11-16T01:02:35.140	99.44		Complete Genome	current	PRJDB17025	2	2075993	2080182	gcfgca:GCA_055378475.1	canonical	Bifidobacterium porcinum																					literature	PMID 38045611	1.0	Bifidobacterium porcinum	GCF_055378475.1	Tier1	8_2	111.29861294239493	GCF_055378475.1	Tier1	111.29861294239493
GCF_055383495.1	Bifidobacterium longum subsp. longum	BB536	Tier1	Closed genome: contigs=1, N50=2419524, len=2419524		SAMD00820616	Innovative Research Institute, Morinaga Milk Industry Co Ltd		Japan:Kanagawa	2025-11-18T01:01:30.110	98.76	0.39	Complete Genome	current	PRJDB18838	1	2419524	2419524	gcfgca:GCA_055383495.1	canonical	Bifidobacterium longum																					GRAS;literature;submitter_match	GRN 268;PMID 32630805;Innovative Research Institute, Morinaga Milk Industry Co Ltd		Bifidobacterium longum subsp. longum	GCF_055383495.1	Tier1	1_179	112.7017871831216	GCF_055383495.1	Tier1	112.7017871831216
GCF_055386685.1	Bifidobacterium longum subsp. infantis	JCM 1272	Tier1	Closed genome: contigs=1, N50=2674325, len=2674325	JCM:1272	SAMD01611070	RIKEN-BRC	intestine of infant	missing: lab stock	2025-08-13T01:01:24.016	98.89	1.73	Complete Genome	current	PRJDB20694	1	2674325	2674325	gcfgca:GCA_055386685.1	canonical	Bifidobacterium longum																					literature	PMID 23200660;PMID 23200660	3.0	Bifidobacterium longum subsp. infantis	GCF_055386685.1	Tier1	1_54	108.94360709210058	GCF_055386685.1	Tier1	108.94360709210058
GCF_056916095.1	Bifidobacterium bifidum	F14	Tier2	Draft: contigs=12, N50=554221, completeness=96.95		SAMN57296386	Velleja Research		Italy	2026-04-16T02:45:08.680	96.95	0.27	Contig	current	PRJNA1454246	12	554221	2208031	gcfgca:GCA_056916095.1	canonical	Bifidobacterium bifidum																					submitter_match	Velleja Research		Bifidobacterium bifidum	GCF_056916095.1	Tier2	4_8	101.6636700624114	GCF_001025135.1	Tier1	112.36685533953278
GCF_056924395.1	Bifidobacterium pseudocatenulatum	CL256B	Tier1	Closed genome: contigs=1, N50=2415687, len=2415687		SAMN54433277	National Yang Ming Chiao Tung University	missing	Taiwan	2026-01-04T00:10:04.650	98.74	0.16	Complete Genome	current	PRJNA1397526	1	2415687	2415687	gcfgca:GCA_056924395.1	canonical	Bifidobacterium pseudocatenulatum																					literature	PMID 42776010	1.0	Bifidobacterium pseudocatenulatum	GCF_056924395.1	Tier1	2_27	106.15152033107992	GCF_056924395.1	Tier1	106.15152033107992
GCF_056935115.1	Bifidobacterium bifidum	B1	Tier2	Draft: contigs=23, N50=506056, completeness=95.95		SAMN57264012	Velleja Research		Italy	2026-04-14T10:04:05.607	95.95	1.9	Contig	current	PRJNA1453463	23	506056	2204405	gcfgca:GCA_056935115.1	canonical	Bifidobacterium bifidum																					submitter_match	Velleja Research		Bifidobacterium bifidum	GCF_056935115.1	Tier2	4_5	101.7229992692641	GCF_049205235.1	Tier2	101.84054065811948
GCF_057073415.1	Bifidobacterium pseudolongum	YY-26	Tier1	Closed genome: contigs=1, N50=2183819, len=2183819		SAMN18652120	Ocean University of Chain		China	2021-04-08T02:46:04.907	94.45	4.49	Complete Genome	current	PRJNA720493	1	2183819	2183819	gcfgca:GCA_057073415.1	canonical	Bifidobacterium pseudolongum																					literature	PMID 35870146	1.0	Bifidobacterium pseudolongum unspecified	GCF_057073415.1	Tier1	7_3	108.86960832009358	GCF_057073415.1	Tier1	108.86960832009358
GCF_058244605.1	Bifidobacterium breve	BB-G95	Tier2	Draft: contigs=20, N50=232840, completeness=99.31		SAMN60680957	Biogrowing Co., Ltd.	feces	China	2026-06-08T03:00:09.967	99.31	0.27	Contig	current	PRJNA1475931	20	232840	2256864	gcfgca:GCA_058244605.1	canonical	Bifidobacterium breve																					submitter_match	Biogrowing Co., Ltd.		Bifidobacterium breve	GCF_058244605.1	Tier2	1_6	101.90339878565524	GCF_900637145.1	Tier1	112.46844406327646
GCF_058268915.1	Bifidobacterium longum		Tier2	Draft: contigs=15, N50=550454, completeness=98.91		SAMN60678522	Beijing University of Agriculture	Bifidobacterium longum BB68S mutant 60-2	China: Guangxi Zhuang Autonomous Region	2026-06-07T13:17:04.570	98.91	0.31	Scaffold	current	PRJNA1475854	15	550454	2249126	gcfgca:GCA_058268915.1	canonical	Bifidobacterium longum																					literature	PMID 42796942	1.0	Bifidobacterium longum unspecified	GCF_058268915.1	Tier2	1_108	102.59859268813626	GCF_014334075.1	Tier1	112.89328377873572
GCF_058268935.1	Bifidobacterium longum		Tier2	Draft: contigs=12, N50=462914, completeness=99.38		SAMN60678521	Beijing University of Agriculture	Bifidobacterium longum BB68S mutant 151-1	China: Guangxi Zhuang Autonomous Region	2026-06-07T13:17:04.533	99.38	0.31	Scaffold	current	PRJNA1475854	12	462914	2251370	gcfgca:GCA_058268935.1	canonical	Bifidobacterium longum																					literature	PMID 42796942	1.0	Bifidobacterium longum unspecified	GCF_058268935.1	Tier2	1_108	102.55868194191912	GCF_014334075.1	Tier1	112.89328377873572
GCF_058374135.1	Bifidobacterium adolescentis	BQ-G66	Tier2	Draft: contigs=12, N50=362312, completeness=99.81		SAMN60681443	Biogrowing Co., Ltd.	feces	China	2026-06-08T03:43:04.917	99.81	1.23	Contig	current	PRJNA1475946	12	362312	2060291	gcfgca:GCA_058374135.1	canonical	Bifidobacterium adolescentis																					submitter_match	Biogrowing Co., Ltd.		Bifidobacterium adolescentis	GCF_058374135.1	Tier2	5_16	101.66947469139362	GCF_000010425.1	Tier1	112.04993624940136
GCF_059724925.1	Bifidobacterium vespertilionis	NBRC 113380	Tier1	Closed genome: contigs=2, N50=3105908, len=3119355		SAMD01695301	Biotics Research Institute, Morinaga Milk Industry Co Ltd		Italy:Verona	2026-06-06T01:14:57.986	97.8	1.72	Complete Genome	current	PRJDB37795	2	3105908	3119355	gcfgca:GCA_059724925.1	canonical	Bifidobacterium vespertilionis		type strain of Bifidobacterium vespertilionis																			submitter_match	Biotics Research Institute, Morinaga Milk Industry Co Ltd		Bifidobacterium vespertilionis	GCF_059724925.1	Tier1	22_0	106.60609429368016	GCF_059724925.1	Tier1	106.60609429368016
GCF_059738675.1	Bifidobacterium pseudocatenulatum	TOZ-TN014	Tier1	Closed genome: contigs=1, N50=2345361, len=2345361		SAMD00615640	ZENYAKU KOGYO CO., LTD.	feces	Japan	2026-05-08T01:03:05.823	98.74	0.16	Complete Genome	current	PRJDB15923	1	2345361	2345361	gcfgca:GCA_059738675.1	canonical	Bifidobacterium pseudocatenulatum																					submitter_match	ZENYAKU KOGYO CO., LTD.		Bifidobacterium pseudocatenulatum	GCF_059738675.1	Tier1	2_28	111.02640483642912	GCF_059738675.1	Tier1	111.02640483642912
GCF_060677005.1	Bifidobacterium pseudocatenulatum		Tier2	Draft: contigs=3, N50=2106396, completeness=98.58		SAMN43055307	Yakult Central Institute				98.58	0.16	Contig	current	PRJNA1033448	3	2106396	2281543	gcfgca:GCA_060677005.1	canonical	Bifidobacterium pseudocatenulatum																					submitter_match	Yakult Central Institute		Bifidobacterium pseudocatenulatum	GCF_060677005.1	Tier2	2_17	101.51120334933364	GCF_001025215.1	Tier1	108.89189173240123
GCF_060677025.1	Bifidobacterium pseudocatenulatum		Tier2	Draft: contigs=5, N50=2083315, completeness=98.74		SAMN43055306	Yakult Central Institute				98.74	0.16	Contig	current	PRJNA1033448	5	2083315	2382782	gcfgca:GCA_060677025.1	canonical	Bifidobacterium pseudocatenulatum																					submitter_match	Yakult Central Institute		Bifidobacterium pseudocatenulatum	GCF_060677025.1	Tier2	2_4	98.21886320153295	GCF_020541865.1	Tier1	109.19723703553504
GCF_060677085.1	Bifidobacterium pseudocatenulatum		Tier2	Draft: contigs=6, N50=1361213, completeness=98.74		SAMN43055305	Yakult Central Institute				98.74	1.14	Contig	current	PRJNA1033448	6	1361213	2486277	gcfgca:GCA_060677085.1	canonical	Bifidobacterium pseudocatenulatum																					submitter_match	Yakult Central Institute		Bifidobacterium pseudocatenulatum	GCF_060677085.1	Tier2	2_3	100.02662019812752	GCF_060708265.1	Tier1	110.30885448205186
GCF_060677105.1	Bifidobacterium breve		Tier2	Draft: contigs=3, N50=2350604, completeness=97.59		SAMN43055304	Yakult Central Institute				97.59	2.64	Contig	current	PRJNA1033448	3	2350604	2442262	gcfgca:GCA_060677105.1	canonical	Bifidobacterium breve																					submitter_match	Yakult Central Institute		Bifidobacterium breve	GCF_060677105.1	Tier2	1_28	102.86536752931008	GCF_060711425.1	Tier1	112.93082699264168
GCF_060708265.1	Bifidobacterium pseudocatenulatum		Tier1	Closed genome: contigs=1, N50=2501631, len=2501631		SAMN43052813	Yakult Central Institute				98.74	1.14	Complete Genome	current	PRJNA1033448	1	2501631	2501631	gcfgca:GCA_060708265.1	canonical	Bifidobacterium pseudocatenulatum																					submitter_match	Yakult Central Institute		Bifidobacterium pseudocatenulatum	GCF_060708265.1	Tier1	2_3	110.30885448205186	GCF_060708265.1	Tier1	110.30885448205186
GCF_060708695.1	Bifidobacterium pseudocatenulatum		Tier1	Closed genome: contigs=1, N50=2389748, len=2389748		SAMN43052812	Yakult Central Institute				98.74	0.16	Complete Genome	current	PRJNA1033448	1	2389748	2389748	gcfgca:GCA_060708695.1	canonical	Bifidobacterium pseudocatenulatum																					submitter_match	Yakult Central Institute		Bifidobacterium pseudocatenulatum	GCF_060708695.1	Tier1	2_4	109.04866177601713	GCF_020541865.1	Tier1	109.19723703553504
GCF_060708705.1	Bifidobacterium pseudocatenulatum		Tier1	Closed genome: contigs=1, N50=2391051, len=2391051		SAMN43052811	Yakult Central Institute				98.74	0.16	Complete Genome	current	PRJNA1033448	1	2391051	2391051	gcfgca:GCA_060708705.1	canonical	Bifidobacterium pseudocatenulatum																					submitter_match	Yakult Central Institute		Bifidobacterium pseudocatenulatum	GCF_060708705.1	Tier1	2_4	109.0487229985419	GCF_020541865.1	Tier1	109.19723703553504
GCF_060709155.1	Bifidobacterium longum		Tier1	Closed genome: contigs=1, N50=2406782, len=2406782		SAMN43052865	Yakult Central Institute				99.38	0.34	Complete Genome	current	PRJNA1033448	1	2406782	2406782	gcfgca:GCA_060709155.1	canonical	Bifidobacterium longum																					submitter_match	Yakult Central Institute		Bifidobacterium longum unspecified	GCF_060709155.1	Tier1	1_154	112.85061836080683	GCF_060709155.1	Tier1	112.85061836080683
GCF_060709185.1	Bifidobacterium longum		Tier1	Closed genome: contigs=3, N50=2394830, len=2403346		SAMN43052864	Yakult Central Institute				96.58	0.39	Complete Genome	current	PRJNA1033448	3	2394830	2403346	gcfgca:GCA_060709185.1	canonical	Bifidobacterium longum																					submitter_match	Yakult Central Institute		Bifidobacterium longum unspecified	GCF_060709185.1	Tier1	1_207	112.5185040222384	GCF_060709645.1	Tier1	112.8053848476039
GCF_060709595.1	Bifidobacterium longum		Tier1	Closed genome: contigs=2, N50=2371761, len=2378520		SAMN43052863	Yakult Central Institute				98.45	0.72	Complete Genome	current	PRJNA1033448	2	2371761	2378520	gcfgca:GCA_060709595.1	canonical	Bifidobacterium longum																					submitter_match	Yakult Central Institute		Bifidobacterium longum unspecified	GCF_060709595.1	Tier1	1_200	113.13683546478852	GCF_060710085.1	Tier1	113.13698208683392
GCF_060709645.1	Bifidobacterium longum		Tier1	Closed genome: contigs=3, N50=2496336, len=2504912		SAMN43052862	Yakult Central Institute				99.38	0.48	Complete Genome	current	PRJNA1033448	3	2496336	2504912	gcfgca:GCA_060709645.1	canonical	Bifidobacterium longum																					submitter_match	Yakult Central Institute		Bifidobacterium longum unspecified	GCF_060709645.1	Tier1	1_207	112.8053848476039	GCF_060709645.1	Tier1	112.8053848476039
GCF_060710055.1	Bifidobacterium longum		Tier1	Closed genome: contigs=2, N50=2422820, len=2426441		SAMN43052861	Yakult Central Institute				99.38	0.48	Complete Genome	current	PRJNA1033448	2	2422820	2426441	gcfgca:GCA_060710055.1	canonical	Bifidobacterium longum																					submitter_match	Yakult Central Institute		Bifidobacterium longum unspecified	GCF_060710055.1	Tier1	1_207	112.7203939132166	GCF_060709645.1	Tier1	112.8053848476039
GCF_060710085.1	Bifidobacterium longum		Tier1	Closed genome: contigs=2, N50=2373363, len=2380122		SAMN43052860	Yakult Central Institute				98.45	0.81	Complete Genome	current	PRJNA1033448	2	2373363	2380122	gcfgca:GCA_060710085.1	canonical	Bifidobacterium longum																					submitter_match	Yakult Central Institute		Bifidobacterium longum unspecified	GCF_060710085.1	Tier1	1_200	113.13698208683392	GCF_060710085.1	Tier1	113.13698208683392
GCF_060710495.1	Bifidobacterium breve		Tier1	Closed genome: contigs=1, N50=2442396, len=2442396		SAMN43052859	Yakult Central Institute				97.59	2.64	Complete Genome	current	PRJNA1033448	1	2442396	2442396	gcfgca:GCA_060710495.1	canonical	Bifidobacterium breve																					submitter_match	Yakult Central Institute		Bifidobacterium breve	GCF_060710495.1	Tier1	1_28	112.8534635946706	GCF_060711425.1	Tier1	112.93082699264168
GCF_060710525.1	Bifidobacterium breve		Tier1	Closed genome: contigs=1, N50=2405023, len=2405023		SAMN43052858	Yakult Central Institute				97.59	1.74	Complete Genome	current	PRJNA1033448	1	2405023	2405023	gcfgca:GCA_060710525.1	canonical	Bifidobacterium breve																					submitter_match	Yakult Central Institute		Bifidobacterium breve	GCF_060710525.1	Tier1	1_28	112.930392942558	GCF_060711425.1	Tier1	112.93082699264168
GCF_060710955.1	Bifidobacterium breve		Tier1	Closed genome: contigs=1, N50=2409439, len=2409439		SAMN43052856	Yakult Central Institute				97.59	1.74	Complete Genome	current	PRJNA1033448	1	2409439	2409439	gcfgca:GCA_060710955.1	canonical	Bifidobacterium breve																					submitter_match	Yakult Central Institute		Bifidobacterium breve	GCF_060710955.1	Tier1	1_28	112.93064687134122	GCF_060711425.1	Tier1	112.93082699264168
GCF_060710965.1	Bifidobacterium breve		Tier1	Closed genome: contigs=1, N50=2409874, len=2409874		SAMN43052857	Yakult Central Institute				97.59	1.74	Complete Genome	current	PRJNA1033448	1	2409874	2409874	gcfgca:GCA_060710965.1	canonical	Bifidobacterium breve																					submitter_match	Yakult Central Institute		Bifidobacterium breve	GCF_060710965.1	Tier1	1_28	112.9308194005227	GCF_060711425.1	Tier1	112.93082699264168
GCF_060711415.1	Bifidobacterium breve		Tier1	Closed genome: contigs=1, N50=2409878, len=2409878		SAMN43052855	Yakult Central Institute				97.59	1.74	Complete Genome	current	PRJNA1033448	1	2409878	2409878	gcfgca:GCA_060711415.1	canonical	Bifidobacterium breve																					submitter_match	Yakult Central Institute		Bifidobacterium breve	GCF_060711415.1	Tier1	1_28	112.9308197609516	GCF_060711425.1	Tier1	112.93082699264168
GCF_060711425.1	Bifidobacterium breve		Tier1	Closed genome: contigs=1, N50=2409835, len=2409835		SAMN43052854	Yakult Central Institute				97.59	1.74	Complete Genome	current	PRJNA1033448	1	2409835	2409835	gcfgca:GCA_060711425.1	canonical	Bifidobacterium breve																					submitter_match	Yakult Central Institute		Bifidobacterium breve	GCF_060711425.1	Tier1	1_28	112.93082699264168	GCF_060711425.1	Tier1	112.93082699264168
GCF_060711855.1	Bifidobacterium breve		Tier1	Closed genome: contigs=1, N50=2454699, len=2454699		SAMN43052852	Yakult Central Institute				97.59	2.64	Complete Genome	current	PRJNA1033448	1	2454699	2454699	gcfgca:GCA_060711855.1	canonical	Bifidobacterium breve																					submitter_match	Yakult Central Institute		Bifidobacterium breve	GCF_060711855.1	Tier1	1_28	112.85481024234528	GCF_060711425.1	Tier1	112.93082699264168
GCF_060711865.1	Bifidobacterium breve		Tier1	Closed genome: contigs=1, N50=2448377, len=2448377		SAMN43052853	Yakult Central Institute				97.59	2.64	Complete Genome	current	PRJNA1033448	1	2448377	2448377	gcfgca:GCA_060711865.1	canonical	Bifidobacterium breve																					submitter_match	Yakult Central Institute		Bifidobacterium breve	GCF_060711865.1	Tier1	1_28	112.87429470362422	GCF_060711425.1	Tier1	112.93082699264168
GCF_060712255.1	Bifidobacterium breve		Tier1	Closed genome: contigs=1, N50=2451642, len=2451642		SAMN43052851	Yakult Central Institute				97.59	2.64	Complete Genome	current	PRJNA1033448	1	2451642	2451642	gcfgca:GCA_060712255.1	canonical	Bifidobacterium breve																					submitter_match	Yakult Central Institute		Bifidobacterium breve	GCF_060712255.1	Tier1	1_28	112.8645729781482	GCF_060711425.1	Tier1	112.93082699264168
GCF_060803555.1	Bifidobacterium pseudocatenulatum	iVE-2	Tier1	Closed genome: contigs=1, N50=2224553, len=2224553		SAMN55407247	Synbiotic Health		USA	2026-02-17T15:43:05.173	98.77	0.16	Complete Genome	current	PRJNA1425120	1	2224553	2224553	gcfgca:GCA_060803555.1	canonical	Bifidobacterium pseudocatenulatum																					submitter_match	Synbiotic Health		Bifidobacterium pseudocatenulatum	GCF_060803555.1	Tier1	2_16	110.1836213786391	GCF_060803555.1	Tier1	110.1836213786391
GCF_060804025.1	Bifidobacterium fermentum	FME216	Tier1	Closed genome: contigs=1, N50=2463024, len=2463024		SAMN49848283	INRAE	water kefir	France	2025-07-08T11:49:05.040	95.22	2.73	Complete Genome	current	PRJNA1288775	1	2463024	2463024	gcfgca:GCA_060804025.1	canonical	Bifidobacterium fermentum																					isolation_source_match	water kefir		Bifidobacterium fermentum	GCF_060804025.1	Tier1	12_1	110.4152342984735	GCF_060804025.1	Tier1	110.4152342984735
GCF_061325035.1	Bifidobacterium pseudocatenulatum		Tier1	Closed genome: contigs=1, N50=2383301, len=2383301		SAMN43052831	Yakult Central Institute				98.74	0.16	Complete Genome	current	PRJNA1033448	1	2383301	2383301	gcfgca:GCA_061325035.1	canonical	Bifidobacterium pseudocatenulatum																					submitter_match	Yakult Central Institute		Bifidobacterium pseudocatenulatum	GCF_061325035.1	Tier1	2_4	108.1980608821322	GCF_020541865.1	Tier1	109.19723703553504
GCF_061325045.1	Bifidobacterium pseudocatenulatum		Tier1	Closed genome: contigs=1, N50=2383382, len=2383382		SAMN43052829	Yakult Central Institute				98.74	0.16	Complete Genome	current	PRJNA1033448	1	2383382	2383382	gcfgca:GCA_061325045.1	canonical	Bifidobacterium pseudocatenulatum																					submitter_match	Yakult Central Institute		Bifidobacterium pseudocatenulatum	GCF_061325045.1	Tier1	2_4	108.19813970250031	GCF_020541865.1	Tier1	109.19723703553504
GCF_061325335.1	Bifidobacterium pseudocatenulatum		Tier1	Closed genome: contigs=1, N50=2363838, len=2363838		SAMN43052828	Yakult Central Institute				98.74	0.16	Complete Genome	current	PRJNA1033448	1	2363838	2363838	gcfgca:GCA_061325335.1	canonical	Bifidobacterium pseudocatenulatum																					submitter_match	Yakult Central Institute		Bifidobacterium pseudocatenulatum	GCF_061325335.1	Tier1	2_4	108.44480886366551	GCF_020541865.1	Tier1	109.19723703553504
GCF_061325355.1	Bifidobacterium pseudocatenulatum		Tier1	Closed genome: contigs=1, N50=2383219, len=2383219		SAMN43052827	Yakult Central Institute				98.74	0.16	Complete Genome	current	PRJNA1033448	1	2383219	2383219	gcfgca:GCA_061325355.1	canonical	Bifidobacterium pseudocatenulatum																					submitter_match	Yakult Central Institute		Bifidobacterium pseudocatenulatum	GCF_061325355.1	Tier1	2_4	108.24813913081654	GCF_020541865.1	Tier1	109.19723703553504
GCF_061325735.1	Bifidobacterium pseudocatenulatum		Tier1	Closed genome: contigs=1, N50=2490128, len=2490128		SAMN43052824	Yakult Central Institute				98.74	1.14	Complete Genome	current	PRJNA1033448	1	2490128	2490128	gcfgca:GCA_061325735.1	canonical	Bifidobacterium pseudocatenulatum																					submitter_match	Yakult Central Institute		Bifidobacterium pseudocatenulatum	GCF_061325735.1	Tier1	2_3	110.05785369289754	GCF_060708265.1	Tier1	110.30885448205186
GCF_061325745.1	Bifidobacterium pseudocatenulatum		Tier1	Closed genome: contigs=1, N50=2490127, len=2490127		SAMN43052823	Yakult Central Institute				98.74	1.14	Complete Genome	current	PRJNA1033448	1	2490127	2490127	gcfgca:GCA_061325745.1	canonical	Bifidobacterium pseudocatenulatum																					submitter_match	Yakult Central Institute		Bifidobacterium pseudocatenulatum	GCF_061325745.1	Tier1	2_3	110.10779647889976	GCF_060708265.1	Tier1	110.30885448205186
GCF_061326055.1	Bifidobacterium crudilactis	CIRM_BIA2896	Tier2	Draft: contigs=13, N50=296625, completeness=98.2		SAMN49848260	INRAE	water kefir	France	2025-07-08T11:49:04.793	98.2	1.69	Scaffold	current	PRJNA1288775	13	296625	2260049	gcfgca:GCA_061326055.1	canonical	Bifidobacterium crudilactis																					isolation_source_match	water kefir		Bifidobacterium crudilactis	GCF_061326055.1	Tier2	10_2	99.97524113604284	GCF_061326055.1	Tier2	99.97524113604284
GCF_061326135.1	Bifidobacterium pseudocatenulatum		Tier1	Closed genome: contigs=1, N50=2489154, len=2489154		SAMN43052822	Yakult Central Institute				98.74	1.14	Complete Genome	current	PRJNA1033448	1	2489154	2489154	gcfgca:GCA_061326135.1	canonical	Bifidobacterium pseudocatenulatum																					submitter_match	Yakult Central Institute		Bifidobacterium pseudocatenulatum	GCF_061326135.1	Tier1	2_3	110.0576258935332	GCF_060708265.1	Tier1	110.30885448205186
GCF_061334475.1	Bifidobacterium pseudocatenulatum		Tier1	Closed genome: contigs=1, N50=2499080, len=2499080		SAMN43052818	Yakult Central Institute				98.74	1.14	Complete Genome	current	PRJNA1033448	1	2499080	2499080	gcfgca:GCA_061334475.1	canonical	Bifidobacterium pseudocatenulatum																					submitter_match	Yakult Central Institute		Bifidobacterium pseudocatenulatum	GCF_061334475.1	Tier1	2_3	110.00817578589624	GCF_060708265.1	Tier1	110.30885448205186
GCF_900104835.1	Bifidobacterium longum	DSM 20219	Tier2	Draft: contigs=6, N50=527480, completeness=98.91		SAMN04489748	DOE - JOINT GENOME INSTITUTE		missing	2016-02-12T05:35:03.000	98.91	0.47	Contig	current	PRJEB16393	6	527480	2449019	gcfgca:GCA_900104835.1	canonical	Bifidobacterium longum		type strain of Bifidobacterium longum																			literature	PMID 27782805	2.0	Bifidobacterium longum unspecified	GCF_900104835.1	Tier2	1_136	93.391002999194	GCF_000196555.1	Tier1	111.58870197055336
GCF_900637145.1	Bifidobacterium breve	NCTC11815	Tier1	Closed genome: contigs=1, N50=2275664, len=2275664	NCTC:11815	SAMEA4076721	SC	intestine		2016-12-21T09:11:35.896	99.31	0.27	Complete Genome	current	PRJEB6403	1	2275664	2275664	gcfgca:GCA_900637145.1	canonical	Bifidobacterium breve		type strain of Bifidobacterium breve																			literature	PMID 34220742	1.0	Bifidobacterium breve	GCF_900637145.1	Tier1	1_6	112.46844406327646	GCF_900637145.1	Tier1	112.46844406327646
GCF_902167885.1	Bifidobacterium longum subsp. infantis		Tier1	Closed genome: contigs=1, N50=2832850, len=2832850		SAMEA5770187	The Edison Family Center for Genome Sciences and Systems Biology			2019-07-14T10:19:51.246	98.25	0.16	Complete Genome	current	PRJEB27068	1	2832850	2832850	gcfgca:GCA_902167885.1	canonical	Bifidobacterium longum	EVC001																				literature	PMID 35276854;PMID 36557603	10.0	Bifidobacterium longum subsp. infantis	GCF_902167885.1	Tier1	1_51	106.376070115992	GCF_000269965.1	Tier1	106.57576324158852
