assembly_accession	organism_name	strain	tier	tier_reason	culture_collection	biosample_accession	submitter	isolation_source	geo_loc_name	biosample_submission_date	checkm_completeness	checkm_contamination	assembly_level	assembly_status	bioproject_accession	n_contigs	contig_n50	total_length	cluster_id	cluster_role	species	user_strain_name	type_material	geo_loc_latitude	geo_loc_longitude	geo_loc_elevation	metagenomic_source	checkm_strain_heterogeneity	carbon_source	biosource_type	well_location	cultured_with	collection_time_point	collection_site	annotation_source	project_type	isolation_site	molecule_subtype	source_raw	subject_type	analysis_project_type	evidence_sources	evidence_details	literature_paper_count	species_subsp	genome_x	tier_checkm2	genome_y	score	completeness	contamination	strain_heterogeneity	size	N50	cluster	taxonomy	tax_confidence	cluster_members	closest_cluster_member	furthest_cluster_member	completeness_metric	contamination_metric
GCA_045689145.1	Bifidobacterium longum	YGMCC0088	Tier1	Closed genome: contigs=1, N50=2708179, len=2708279		SAMN37555346	Beijing YuGen Pharmaceutical Co., Ltd		China	2023-09-27T05:00:08.558			Chromosome	current	PRJNA1020989	1	2708179	2708279			Bifidobacterium longum																					submitter_match	Beijing YuGen Pharmaceutical Co., Ltd		Bifidobacterium longum unspecified	GCA_045689145.1	Tier1	GCA_045689145.1.fna	109.7563467011142	99.98	0.69		2708279	2708279	1_58			8	100.0	100.0	near	low
GCA_045689155.1	Bifidobacterium longum	YGMCC0091	Tier1	Closed genome: contigs=1, N50=2393285, len=2393385		SAMN37555347	Beijing YuGen Pharmaceutical Co., Ltd		China	2023-09-27T05:00:08.568			Chromosome	current	PRJNA1020989	1	2393285	2393385			Bifidobacterium longum																					submitter_match	Beijing YuGen Pharmaceutical Co., Ltd		Bifidobacterium longum unspecified	GCA_045689155.1	Tier1	GCA_045689155.1.fna	113.02950628242972	99.88	0.01		2393385	2393385	1_197			3	100.0	100.0	near	low
GCA_045689215.1	Bifidobacterium longum	YGMCC0524	Tier1	Closed genome: contigs=1, N50=2273627, len=2273727		SAMN37555605	Beijing YuGen Pharmaceutical Co., Ltd		China	2023-09-27T05:59:05.199			Chromosome	current	PRJNA1020989	1	2273627	2273727			Bifidobacterium longum																					submitter_match	Beijing YuGen Pharmaceutical Co., Ltd		Bifidobacterium longum unspecified	GCA_045689215.1	Tier1	GCA_045689215.1.fna	112.74650916078	99.96	0.08		2273727	2273727	1_112			6	100.0	99.08	near	low
GCF_000003135.1	Bifidobacterium longum subsp. longum ATCC 55813	ATCC 55813	Tier2	Draft: contigs=140, N50=137057, completeness=98.35	ATCC:55813	SAMN00001475	Baylor College of Medicine	missing	not determined	2009-01-08T15:52:05.330	98.35	0.16	Scaffold	current	PRJNA31437	140	137057	2396359	gcfgca:GCA_000003135.1	canonical	Bifidobacterium longum															Reference Genome						literature	PMID 21320731	1.0	Bifidobacterium longum subsp. longum	GCF_000003135.1	Tier2	GCF_000003135.1.fna	100.89556397112744	99.99	0.37		2396359	323391	1_165			2	99.07	99.07	near	low
GCF_000008945.1	Bifidobacterium longum DJO10A	DJO10A	Tier1	Closed genome: contigs=3, N50=2375792, len=2389526		SAMN02603512	Lactic Acid Bacteria Genome Consortium			2014-01-30T14:21:35.313	99.11	0.16	Complete Genome	current	PRJNA18773	3	2375792	2389526	gcfgca:GCA_000008945.1	canonical	Bifidobacterium longum																					literature	PMID 30241961	5.0	Bifidobacterium longum unspecified	GCF_000008945.1	Tier1	GCF_000008945.1.fna	112.768054212425	99.98	0.08		2389526	2375792	1_187			3	99.02	99.01	near	low
GCF_000010425.1	Bifidobacterium adolescentis ATCC 15703	ATCC 15703	Tier1	Closed genome: contigs=1, N50=2089645, len=2089645		SAMD00061080	Gifu University, Life Science Research Center, Japan			2016-09-28T01:02:33.460	99.84	1.23	Complete Genome	current	PRJNA16321	1	2089645	2089645	gcfgca:GCA_000010425.1	canonical	Bifidobacterium adolescentis		type strain of Bifidobacterium adolescentis																			literature	PMID 27536282	16.0	Bifidobacterium adolescentis	GCF_000010425.1	Tier1	GCF_000010425.1.fna	112.04993624940136	99.98	0.22		2089645	2089645	5_16			7	100.0	99.97	near	low
GCF_000092325.1	Bifidobacterium longum subsp. longum JDM301	JDM301	Tier1	Closed genome: contigs=1, N50=2477838, len=2477838		SAMN02603181	Department of Medical Microbiology and Parasitology,Shanghai Jiao Tong University School of Medicine			2014-01-30T11:19:38.876	98.71	0.16	Complete Genome	current	PRJNA47579	1	2477838	2477838	gcfgca:GCA_000092325.1	canonical	Bifidobacterium longum																					literature	PMID 20525832	15.0	Bifidobacterium longum subsp. longum	GCF_000092325.1	Tier1	GCF_000092325.1.fna	111.63691144864812	99.98	0.31		2477838	2477838	1_75			5	99.99	99.98	near	low
GCF_000146775.1	Bifidobacterium dentium ATCC 27679	ATCC 27679	Tier2	Draft: contigs=24, N50=443175, completeness=97.04	ATCC:27679	SAMN00210789	Baylor College of Medicine	missing	not determined	2011-02-09T18:35:03.620	97.04	0.11	Scaffold	current	PRJNA51373	24	443175	2645781	gcfgca:GCA_000146775.1	canonical	Bifidobacterium dentium															Reference Genome						literature	PMID 21320731	1.0	Bifidobacterium dentium	GCF_000146775.1	Tier2	GCF_000146775.1.fna	95.42295580107836	99.97	1.35		2645781	2431709	6_2			1			near	low
GCF_000154085.1	Bifidobacterium adolescentis L2-32	L2-32	Tier2	Draft: contigs=74, N50=604548, completeness=98.22		SAMN00627056	Washington University Genome Sequencing Center	missing	not determined	2011-06-14T07:46:06.920	98.22	0.42	Scaffold	current	PRJNA18197	74	604548	2389110	gcfgca:GCA_000154085.1	canonical	Bifidobacterium adolescentis															Reference Genome						literature	PMID 33317320	5.0	Bifidobacterium adolescentis	GCF_000154085.1	Tier2	GCF_000154085.1.fna	97.94071539437468	99.99	0.79		2389110	604548	5_6			1			near	low
GCF_000155415.1	Bifidobacterium longum subsp. infantis CCUG 52486	CCUG 52486	Tier2	Draft: contigs=55, N50=171444, completeness=99.38		SAMN02463677	Broad Institute	missing	not determined	2013-12-18T11:11:24.876	99.38	0.16	Scaffold	current	PRJNA30065	55	171444	2480850	gcfgca:GCA_000155415.1	canonical	Bifidobacterium longum															Reference Genome						literature	PMID 22031452	2.0	Bifidobacterium longum subsp. infantis	GCF_000155415.1	Tier2	GCF_000155415.1.fna	101.27886094890594	99.98	0.11		2480850	476126	1_206			1			near	low
GCF_000166315.1	Bifidobacterium longum subsp. longum BBMN68	BBMN68	Tier1	Closed genome: contigs=1, N50=2265943, len=2265943		SAMN02603469	Key Lab of Functional Dairy Science of Chinese Ministry of Education, College of Food Science and Nutritional Engineering, China Agricultural University			2014-01-30T14:21:31.930	99.47	0.16	Complete Genome	current	PRJNA53143	1	2265943	2265943	gcfgca:GCA_000166315.1	canonical	Bifidobacterium longum																					literature	PMID 25639716	20.0	Bifidobacterium longum subsp. longum	GCF_000166315.1	Tier1	GCF_000166315.1.fna	112.81122450134592	99.98	0.07		2265943	2265943	1_94			2	99.36	99.36	near	low
GCF_000173375.1	Bifidobacterium gallicum DSM 20093 = LMG 11596	DSM 20093	Tier2	Draft: contigs=27, N50=497363, completeness=97.86	DSM:20093	SAMN02299421	Washington University Genome Sequencing Center	missing	not determined	2013-08-02T12:07:39.336	97.86	0.49	Contig	current	PRJNA30751	27	497363	2019802	gcfgca:GCA_000173375.1	canonical	Bifidobacterium gallicum		type strain of Bifidobacterium gallicum													Reference Genome						literature	PMID 22031452	2.0	Bifidobacterium gallicum	GCF_000173375.1	Tier2	GCF_000173375.1.fna	101.58833673697528	99.88	0.03		2019802	497363	13_0			1			near	low
GCF_000196555.1	Bifidobacterium longum subsp. longum JCM 1217	JCM 1217	Tier1	Closed genome: contigs=1, N50=2385164, len=2385164		SAMD00060951	University of Tokyo, Graduate School of Frontier Sciences			2016-09-28T01:00:51.846	98.91	0.16	Complete Genome	current	PRJDA32047	1	2385164	2385164	gcfgca:GCA_000196555.1	canonical	Bifidobacterium longum		type strain of Bifidobacterium longum																			literature	PMID 30635377	16.0	Bifidobacterium longum subsp. longum	GCF_000196555.1	Tier1	GCF_000196555.1.fna	111.58870197055336	99.94	0.31		2385164	2385164	1_136			8	100.0	99.99	near	low
GCF_000196575.1	Bifidobacterium longum subsp. infantis 157F	157F	Tier1	Closed genome: contigs=3, N50=2400312, len=2408831		SAMD00060953	University of Tokyo, Graduate School of Frontier Sciences			2016-09-28T01:00:53.123	98.91	0.16	Complete Genome	current	PRJDA32051	3	2400312	2408831	gcfgca:GCA_000196575.1	canonical	Bifidobacterium longum																					literature	PMID 19911297	5.0	Bifidobacterium longum subsp. infantis	GCF_000196575.1	Tier1	GCF_000196575.1.fna	113.00033383128236	99.96	0.03		2408831	2400312	1_174			2	99.02	99.02	near	low
GCF_000210755.1	Bifidobacterium longum subsp. longum F8	F8	Tier2	Draft: contigs=21, N50=230054, completeness=98.91		SAMEA3138379	metaHIT			2014-11-21T08:58:42.683	98.91	0.27	Chromosome	current	PRJNA45963	21	230054	2384987	gcfgca:GCA_000210755.1	canonical	Bifidobacterium longum																					literature	PMID 27524178	1.0	Bifidobacterium longum subsp. longum	GCF_000210755.1	Tier2	GCF_000210755.1.fna	102.54904300778696	99.96	0.12		2384987	2384987	1_90			3	99.03	99.03	near	low
GCF_000213865.1	Bifidobacterium breve ACS-071-V-Sch8b	ACS-071-V-Sch8b	Tier1	Closed genome: contigs=1, N50=2327492, len=2327492		SAMN00100758	J. Craig Venter Institute		not determined	2010-08-10T16:49:16.363	98.92	0.27	Complete Genome	current	PRJNA51077	1	2327492	2327492	gcfgca:GCA_000213865.1	canonical	Bifidobacterium breve															Reference Genome						literature	PMID 27524178	2.0	Bifidobacterium breve	GCF_000213865.1	Tier1	GCF_000213865.1.fna	112.90574410222168	99.97	0.05		2327492	2327492	1_21			3	99.28	99.18	near	low
GCF_000219455.1	Bifidobacterium longum subsp. longum KACC 91563	KACC 91563	Tier1	Closed genome: contigs=3, N50=2385301, len=2395764	KACC:91563	SAMN02603656	National Livestock Research Institute, RDA			2014-01-30T14:21:45.140	99.38	0.16	Complete Genome	current	PRJNA66401	3	2385301	2395764	gcfgca:GCA_000219455.1	canonical	Bifidobacterium longum																					literature	PMID 39063274	8.0	Bifidobacterium longum subsp. longum	GCF_000219455.1	Tier1	GCF_000219455.1.fna	112.73937158501536	99.95	0.08		2395764	2385301	1_131			2	99.06	99.06	near	low
GCF_000220135.1	Bifidobacterium breve UCC2003	UCC2003	Tier1	Closed genome: contigs=1, N50=2422684, len=2422684		SAMN02604112	University College Cork			2014-01-30T14:54:22.543	98.54	0.27	Complete Genome	current	PRJNA13487	1	2422684	2422684	gcfgca:GCA_000220135.1	canonical	Bifidobacterium breve																					literature	PMID 27536282	32.0	Bifidobacterium breve	GCF_000220135.1	Tier1	GCF_000220135.1.fna	112.8120483689713	99.96	0.07		2422684	2422684	1_9			2	99.99	99.99	near	low
GCF_000265095.1	Bifidobacterium bifidum BGN4	BGN4	Tier1	Closed genome: contigs=1, N50=2223664, len=2223664		SAMN02603486	Korea Research Institute of Bioscience and Biotechnology (KRIBB)	feces	South Korea	2014-01-30T14:21:32.987	96.83	1.01	Complete Genome	current	PRJNA21077	1	2223664	2223664	gcfgca:GCA_000265095.1	canonical	Bifidobacterium bifidum																					GRAS;literature	GRN 814;PMID 32630805		Bifidobacterium bifidum	GCF_000265095.1	Tier1	GCF_000265095.1.fna	112.37603458971144	99.9	0.14		2223664	2223664	4_4			3	99.32	99.18	near	low
GCF_000269965.1	Bifidobacterium longum subsp. infantis ATCC 15697 = JCM 1222 = DSM 20088	JCM 1222	Tier1	Closed genome: contigs=1, N50=2828958, len=2828958		SAMD00060952	University of Tokyo, Graduate School of Frontier Sciences			2016-09-28T01:00:52.440	98.71	0.16	Complete Genome	current	PRJDA32049	1	2828958	2828958	gcfgca:GCA_000269965.1	canonical	Bifidobacterium longum		type strain of Bifidobacterium infantis																			literature	PMID 42411622	7.0	Bifidobacterium longum subsp. infantis	GCF_000269965.1	Tier1	GCF_000269965.1.fna	106.57576324158852	99.99	1.33		2828958	2828958	1_51			13	100.0	99.99	near	low
GCF_000304215.1	Bifidobacterium asteroides PRL2011	PRL2011	Tier1	Closed genome: contigs=1, N50=2167304, len=2167304		SAMN02604114	University College Cork			2014-01-30T14:54:22.670	95.98	1.55	Complete Genome	current	PRJNA83029	1	2167304	2167304	gcfgca:GCA_000304215.1	canonical	Bifidobacterium asteroides																					literature	PMID 27524178	1.0	Bifidobacterium asteroides	GCF_000304215.1	Tier1	GCF_000304215.1.fna	111.71795991626504	99.99	0.09		2167304	2167304	14_0			1			near	low
GCF_000347695.1	Bifidobacterium thermophilum RBL67	RBL67	Tier1	Closed genome: contigs=1, N50=2291643, len=2291643		SAMN02603226	ETH Zurich	baby feces		2014-01-30T11:19:42.663	98.41		Complete Genome	current	PRJNA179141	1	2291643	2291643	gcfgca:GCA_000347695.1	canonical	Bifidobacterium thermophilum																					literature	PMID 22171685	8.0	Bifidobacterium thermophilum	GCF_000347695.1	Tier1	GCF_000347695.1.fna	112.06997346474704	99.98	0.22		2291643	2291643	8_1			2	99.99	99.99	near	low
GCF_000568955.2	Bifidobacterium breve 12L	12L	Tier1	Closed genome: contigs=1, N50=2247738, len=2247738		SAMN03081478	University of Parma			2014-09-26T10:52:50.323	99.06	0.3	Complete Genome	current	PRJNA214949	1	2247738	2247738	gcfgca:GCA_000568955.2	canonical	Bifidobacterium breve																					literature	PMID 39314876;PMID 34220742	5.0	Bifidobacterium breve	GCF_000568955.2	Tier1	GCF_000568955.2.fna	111.77587284388768	99.94	0.07		2247738	2247738	1_19			1			near	low
GCF_000569015.1	Bifidobacterium breve JCM 7019	JCM 7019	Tier1	Closed genome: contigs=1, N50=2359009, len=2359009		SAMN03081480	University College Cork			2014-09-26T10:52:55.927	97.33	4.14	Complete Genome	current	PRJNA214951	1	2359009	2359009	gcfgca:GCA_000569015.1	canonical	Bifidobacterium breve																					literature	PMID 29695179	6.0	Bifidobacterium breve	GCF_000569015.1	Tier1	GCF_000569015.1.fna	110.99636479889614	100.0	0.24		2359009	2359009	1_31			1			perfect	low
GCF_000708005.1	Bifidobacterium pseudocatenulatum IPLA36007	IPLA36007	Tier2	Draft: contigs=23, N50=362431, completeness=98.58		SAMN02649570	Insituto de Productos Lacteos de Asturias (IPLA-CSIC)	human feces	Spain: Asturias	2014-02-21T14:34:57.220	98.58	0.65	Contig	current	PRJNA236475	23	362431	2328179	gcfgca:GCA_000708005.1	canonical	Bifidobacterium pseudocatenulatum																					literature;submitter_match	PMID 27536282;PMID 28196965;Insituto de Productos Lacteos de Asturias (IPLA-CSIC)	2.0	Bifidobacterium pseudocatenulatum	GCF_000708005.1	Tier2	GCF_000708005.1.fna	99.28961266866511	100.0	0.5		2328179	362431	2_22			1			perfect	low
GCF_000737865.1	Bifidobacterium coryneforme	LMG18911	Tier1	Closed genome: contigs=1, N50=1755151, len=1755151		SAMN02666223	University of Parma	Honeybee, hindgut	Unknown	2014-02-27T11:21:21.983	93.66	0.78	Complete Genome	current	PRJNA239194	1	1755151	1755151	gcfgca:GCA_000737865.1	canonical	Bifidobacterium coryneforme		type strain of Bifidobacterium coryneforme																			literature	PMID 27524178	1.0	Bifidobacterium coryneforme	GCF_000737865.1	Tier1	GCF_000737865.1.fna	110.28215724292107	99.9	0.35		1755151	1755151	15_0			1			near	low
GCF_000737885.1	Bifidobacterium adolescentis	22L	Tier1	Closed genome: contigs=1, N50=2203222, len=2203222		SAMN02673695	University of Parma	Human milk	Italy: Parma	2014-03-06T10:55:01.660	97.56	0.51	Complete Genome	current	PRJNA240293	1	2203222	2203222	gcfgca:GCA_000737885.1	canonical	Bifidobacterium adolescentis																					literature	PMID 25063659	3.0	Bifidobacterium adolescentis	GCF_000737885.1	Tier1	GCF_000737885.1.fna	111.5315291297641	100.0	0.13		2203222	2203222	5_25			1			perfect	low
GCF_000738005.1	Bifidobacterium crudilactis	LMG 23609	Tier2	Draft: contigs=6, N50=1716957, completeness=95.06	LMG:23609	SAMN02699097	University of Liege	raw cow milk	France	2014-03-25T06:22:10.120	95.06	1.93	Contig	current	PRJNA242599	6	1716957	2362816	gcfgca:GCA_000738005.1	canonical	Bifidobacterium crudilactis		type strain of Bifidobacterium crudilactis																			literature	PMID 42487141	1.0	Bifidobacterium crudilactis	GCF_000738005.1	Tier2	GCF_000738005.1.fna	99.82737970934618	99.9	0.44		2362816	1716957	10_1			1			near	low
GCF_000741415.1	Bifidobacterium adolescentis JCM 15918	JCM 15918	Tier2	Draft: contigs=15, N50=545981, completeness=95.41	DSM:24849	SAMN02673454	University of Parma	Adult feces	missing	2014-03-05T15:00:55.213	95.41	2.2	Contig	current	PRJNA239866	15	545981	2304613	gcfgca:GCA_000741415.1	canonical	Bifidobacterium adolescentis		type strain of Bifidobacterium stercoris																			literature	PMID 24187022	2.0	Bifidobacterium adolescentis	GCF_000741415.1	Tier2	GCF_000741415.1.fna	98.77858876481508	100.0	0.62		2304613	545981	5_32			1			perfect	low
GCF_000771285.1	Bifidobacterium longum subsp. suis DSM 20211	DSM 20211	Tier2	Draft: contigs=129, N50=150242, completeness=98.77	DSM:20211	SAMN02442020	Key Laboratory of Dairy BiotecInner Mongolia Agricultural University			2013-12-11T22:08:33.040	98.77	1.68	Contig	current	PRJNA237576	129	150242	2389965	gcfgca:GCA_000771285.1	canonical	Bifidobacterium longum		type strain of Bifidobacterium longum subsp. suis																			literature	PMID 38542148	1.0	Bifidobacterium longum subsp. suis	GCF_000771285.1	Tier2	GCF_000771285.1.fna	96.23839567811324	99.99	1.07		2389965	150242	1_74			1			near	low
GCF_000772485.1	Bifidobacterium longum subsp. longum GT15	GT15	Tier1	Closed genome: contigs=1, N50=2337521, len=2337521		SAMN03093230	Vavilov Institute of General Genetics	fecal sample of a healthy adult	Russia: Central region	2014-10-03T12:53:17.786	98.06	0.19	Complete Genome	current	PRJNA191592	1	2337521	2337521	gcfgca:GCA_000772485.1	canonical	Bifidobacterium longum																					literature	PMID 25894918	7.0	Bifidobacterium longum subsp. longum	GCF_000772485.1	Tier1	GCF_000772485.1.fna	112.91494443149966	99.93	0.04		2337521	2337521	1_175			4	99.07	99.03	near	low
GCF_000800455.1	Bifidobacterium catenulatum subsp. puerorum PV20-2	PV20-2	Tier1	Closed genome: contigs=1, N50=2370978, len=2370978		SAMN03253090	ETH Zurich	fecal sample	Kenya	2014-12-05T02:42:04.340	98.04	0.49	Complete Genome	current	PRJNA234365	1	2370978	2370978	gcfgca:GCA_000800455.1	canonical	Bifidobacterium catenulatum																					literature	PMID 27782805	3.0	Bifidobacterium catenulatum subsp. puerorum	GCF_000800455.1	Tier1	GCF_000800455.1.fna	109.17746376211711	99.98	0.6		2370978	2370978	2_48			1			near	low
GCF_000800475.2	Bifidobacterium pseudolongum PV8-2	PV8-2	Tier1	Closed genome: contigs=1, N50=2032698, len=2032698		SAMN03253091	ETH Zurich	fecal sample	Kenya	2014-12-05T02:48:12.763	97.11	2.05	Complete Genome	current	PRJNA234364	1	2032698	2032698	gcfgca:GCA_000800475.2	canonical	Bifidobacterium pseudolongum																					literature	PMID 27782805	3.0	Bifidobacterium pseudolongum unspecified	GCF_000800475.2	Tier1	GCF_000800475.2.fna	111.95403642992991	99.99	0.04		2032698	2032698	7_1			1			near	low
GCF_000817995.1	Bifidobacterium adolescentis	BB23	Tier1	Closed genome: contigs=1, N50=2173720, len=2173720		SAMN03273368	China Agricultural University	human feces	China: village Bama, guangxi	2014-12-28T22:04:48.826	96.68	2.17	Complete Genome	current	PRJNA271241	1	2173720	2173720	gcfgca:GCA_000817995.1	canonical	Bifidobacterium adolescentis																					literature	PMID 25678139	1.0	Bifidobacterium adolescentis	GCF_000817995.1	Tier1	GCF_000817995.1.fna	110.62860180062802	100.0	0.31		2173720	2173720	5_5			1			perfect	low
GCF_000829295.1	Bifidobacterium longum	105-A	Tier1	Closed genome: contigs=1, N50=2290145, len=2290145		SAMD00019943	Tokyo University of Agriculture		Japan	2014-11-08T23:26:15.670	99.38	0.25	Complete Genome	current	PRJDB3123	1	2290145	2290145	gcfgca:GCA_000829295.1	canonical	Bifidobacterium longum																					literature	PMID 42411622	8.0	Bifidobacterium longum unspecified	GCF_000829295.1	Tier1	GCF_000829295.1.fna	113.04163148384283	99.96	0.02		2290145	2290145	1_132			2	99.17	99.17	near	low
GCF_000940535.1	Bifidobacterium pseudocatenulatum	CECT 7765	Tier2	Draft: contigs=6, N50=1743969, completeness=98.74		SAMEA2743237	IATA-CSIC		Spain	2014-11-06T08:05:22.316	98.74	0.65	Contig	current	PRJEB6926	6	1743969	2254339	gcfgca:GCA_000940535.1	canonical	Bifidobacterium pseudocatenulatum			39.514399	-0.424275																	literature	PMID 25657013	12.0	Bifidobacterium pseudocatenulatum	GCF_000940535.1	Tier2	GCF_000940535.1.fna	100.28076938042196	100.0	0.37		2254339	1743969	2_23			1			perfect	low
GCF_001010915.1	Bifidobacterium adolescentis	150	Tier2	Draft: contigs=34, N50=176326, completeness=96.17		SAMN03468113	Vavilov Institute of General Genetics	feces	Russia:Tver	2015-04-09T10:25:15.307	96.17	3.39	Contig	current	PRJNA280952	34	176326	2315664	gcfgca:GCA_001010915.1	canonical	Bifidobacterium adolescentis																					literature	PMID 31677091	1.0	Bifidobacterium adolescentis	GCF_001010915.1	Tier2	GCF_001010915.1.fna	100.03315817777188	100.0	0.32		2315664	176326	5_9			1			perfect	low
GCF_001025135.1	Bifidobacterium bifidum ATCC 29521 = JCM 1255 = DSM 20456	JCM 1255	Tier1	Closed genome: contigs=1, N50=2211039, len=2211039		SAMD00061040	Graduate School of Frontier Sciences, University of Tokyo			2016-09-28T01:01:58.816	96.91	0.24	Complete Genome	current	PRJDB56	1	2211039	2211039	gcfgca:GCA_001025135.1	canonical	Bifidobacterium bifidum		type strain of Bifidobacterium bifidum																			literature	PMID 19911297	3.0	Bifidobacterium bifidum	GCF_001025135.1	Tier1	GCF_001025135.1.fna	112.36685533953278	99.89	0.14		2211039	2211039	4_8			15	100.0	99.03	near	low
GCF_001025155.1	Bifidobacterium angulatum DSM 20098 = JCM 7096	JCM 7096	Tier1	Closed genome: contigs=1, N50=2021974, len=2021974		SAMD00061039	Graduate School of Frontier Sciences, University of Tokyo			2016-09-28T01:01:58.240	97.02	0.59	Complete Genome	current	PRJDB55	1	2021974	2021974	gcfgca:GCA_001025155.1	canonical	Bifidobacterium angulatum		type strain of Bifidobacterium angulatum																			literature	PMID 26142062	1.0	Bifidobacterium angulatum	GCF_001025155.1	Tier1	GCF_001025155.1.fna	111.43278776681568	99.97	0.34		2021974	2021974	9_1			2	99.99	99.99	near	low
GCF_001025195.1	Bifidobacterium catenulatum DSM 16992 = JCM 1194 = LMG 11043	JCM 1194	Tier1	Closed genome: contigs=1, N50=2079525, len=2079525		SAMD00061042	Graduate School of Frontier Sciences, University of Tokyo			2016-09-28T01:02:00.423	98.45		Complete Genome	current	PRJDB58	1	2079525	2079525	gcfgca:GCA_001025195.1	canonical	Bifidobacterium catenulatum		type strain of Bifidobacterium catenulatum																			literature	PMID 33808003	3.0	Bifidobacterium catenulatum unspecified	GCF_001025195.1	Tier1	GCF_001025195.1.fna	111.72898207290513	99.96	0.28		2079525	2079525	2_49			2	100.0	100.0	near	low
GCF_001025215.1	Bifidobacterium pseudocatenulatum DSM 20438 = JCM 1200 = LMG 10505	JCM 1200	Tier1	Closed genome: contigs=1, N50=2313752, len=2313752		SAMD00061045	Graduate School of Frontier Sciences, University of Tokyo			2016-09-28T01:02:02.370	98.58	1.63	Complete Genome	current	PRJDB61	1	2313752	2313752	gcfgca:GCA_001025215.1	canonical	Bifidobacterium pseudocatenulatum		type strain of Bifidobacterium pseudocatenulatum																			literature	PMID 19911297;PMID 28196965	7.0	Bifidobacterium pseudocatenulatum	GCF_001025215.1	Tier1	GCF_001025215.1.fna	108.89189173240123	100.0	0.86		2313752	2313752	2_17			4	99.99	99.95	perfect	low
GCF_001042615.1	Bifidobacterium catenulatum subsp. kashiwanohense JCM 15439 = DSM 21854	JCM 15439	Tier1	Closed genome: contigs=1, N50=2337234, len=2337234		SAMD00061044	Graduate School of Frontier Sciences, University of Tokyo			2016-09-28T01:02:01.766	98.28	0.49	Complete Genome	current	PRJDB60	1	2337234	2337234	gcfgca:GCA_001042615.1	canonical	Bifidobacterium catenulatum		type strain of Bifidobacterium kashiwanohense																			literature	PMID 21148680	2.0	Bifidobacterium catenulatum subsp. kashiwanohense	GCF_001042615.1	Tier1	GCF_001042615.1.fna	111.23435109770688	99.99	0.19		2337234	2337234	2_59			1			near	low
GCF_001042635.1	Bifidobacterium scardovii JCM 12489 = DSM 13734	JCM 12489	Tier1	Closed genome: contigs=1, N50=3158347, len=3158347		SAMD00061046	Graduate School of Frontier Sciences, University of Tokyo			2016-09-28T01:02:03.163	97.61	1.96	Complete Genome	current	PRJDB62	1	3158347	3158347	gcfgca:GCA_001042635.1	canonical	Bifidobacterium scardovii		type strain of Bifidobacterium scardovii																			literature	PMID 25858848	1.0	Bifidobacterium scardovii	GCF_001042635.1	Tier1	GCF_001042635.1.fna	110.2397299215927	99.98	0.4		3158347	3158347	16_0			1			near	low
GCF_001051015.2	Bifidobacterium longum subsp. infantis	CECT 7210	Tier1	Closed genome: contigs=1, N50=2467698, len=2467698		SAMEA3158508	Ordesa			2015-04-09T08:07:08.930	99.26	0.25	Complete Genome	current	PRJEB7787	1	2467698	2467698	gcfgca:GCA_001051015.2	canonical	Bifidobacterium longum																					literature;submitter_match	PMID 36896934;Ordesa	5.0	Bifidobacterium longum subsp. infantis	GCF_001051015.2	Tier1	GCF_001051015.2.fna	111.98614600455282	99.98	0.04		2467698	2467698	1_161			1			near	low
GCF_001263845.1	Bifidobacterium breve MCC 0476	MCC 0476	Tier2	Draft: contigs=15, N50=269578, completeness=99.39		SAMN03978797	Food Science and Technology Institute, Morinaga Milk Industry Co., Ltd	feces from an adult	Japan	2015-08-11T08:21:13.911	99.39	0.72	Contig	current	PRJNA215979	15	269578	2233807	gcfgca:GCA_001263845.1	canonical	Bifidobacterium breve																					submitter_match	Food Science and Technology Institute, Morinaga Milk Industry Co., Ltd		Bifidobacterium breve	GCF_001263845.1	Tier2	GCF_001263845.1.fna	101.22534222347828	99.95	0.09		2233807	269578	1_27			1			near	low
GCF_001263855.1	Bifidobacterium breve MCC 1114	MCC 1114	Tier2	Draft: contigs=33, N50=176662, completeness=98.19		SAMN03978798	Food Science and Technology Institute, Morinaga Milk Industry Co., Ltd	infant feces	Japan	2015-08-11T08:21:15.370	98.19	1.14	Contig	current	PRJNA215977	33	176662	2487280	gcfgca:GCA_001263855.1	canonical	Bifidobacterium breve																					submitter_match	Food Science and Technology Institute, Morinaga Milk Industry Co., Ltd		Bifidobacterium breve	GCF_001263855.1	Tier2	GCF_001263855.1.fna	102.20437159447889	99.98	0.08		2487280	176662	1_23			2	99.08	99.08	near	low
GCF_001263865.1	Bifidobacterium animalis subsp. animalis MCC 0499	MCC 0499	Tier2	Draft: contigs=17, N50=267733, completeness=95.05		SAMN03978809	Food Science and Technology Institute, Morinaga Milk Industry Co., Ltd	feces	Japan	2015-08-11T08:21:34.000	95.05	1.72	Scaffold	current	PRJNA215970	17	267733	2133776	gcfgca:GCA_001263865.1	canonical	Bifidobacterium animalis																					submitter_match	Food Science and Technology Institute, Morinaga Milk Industry Co., Ltd		Bifidobacterium animalis subsp. animalis	GCF_001263865.1	Tier2	GCF_001263865.1.fna	99.85385095218784	99.98	0.37		2133776	267733	3_3			1			near	low
GCF_001263915.1	Bifidobacterium breve MCC 1128	MCC 1128	Tier2	Draft: contigs=25, N50=156854, completeness=98.03		SAMN03978799	Food Science and Technology Institute, Morinaga Milk Industry Co., Ltd	infant feces	Japan	2015-08-11T08:21:17.445	98.03	1.6	Contig	current	PRJNA215982	25	156854	2480222	gcfgca:GCA_001263915.1	canonical	Bifidobacterium breve																					submitter_match	Food Science and Technology Institute, Morinaga Milk Industry Co., Ltd		Bifidobacterium breve	GCF_001263915.1	Tier2	GCF_001263915.1.fna	101.00774779915086	99.9	0.1		2480222	156854	1_39			1			near	low
GCF_001263935.1	Bifidobacterium breve MCC 1605	MCC 1605	Tier2	Draft: contigs=38, N50=132167, completeness=98.34		SAMN03978805	Food Science and Technology Institute, Morinaga Milk Industry Co., Ltd	feces	Japan	2015-08-11T08:21:27.656	98.34	0.92	Scaffold	current	PRJNA215983	38	132167	2324012	gcfgca:GCA_001263935.1	canonical	Bifidobacterium breve																					submitter_match	Food Science and Technology Institute, Morinaga Milk Industry Co., Ltd		Bifidobacterium breve	GCF_001263935.1	Tier2	GCF_001263935.1.fna	99.89660405424723	99.99	0.34		2324012	156030	1_32			1			near	low
GCF_001264035.1	Bifidobacterium breve MCC 0305	MCC 0305	Tier2	Draft: contigs=23, N50=319006, completeness=98.96		SAMN03978801	Food Science and Technology Institute, Morinaga Milk Industry Co., Ltd	feces	Japan	2015-08-11T08:21:20.727	98.96	0.39	Scaffold	current	PRJNA215975	23	319006	2286838	gcfgca:GCA_001264035.1	canonical	Bifidobacterium breve																					submitter_match	Food Science and Technology Institute, Morinaga Milk Industry Co., Ltd		Bifidobacterium breve	GCF_001264035.1	Tier2	GCF_001264035.1.fna	102.39269944884325	99.99	0.07		2286838	319006	1_12			2	99.08	99.08	near	low
GCF_001264055.1	Bifidobacterium animalis subsp. animalis ATCC 27672	ATCC 27672	Tier2	Draft: contigs=16, N50=265361, completeness=95.02	ATCC:27672	SAMN03978812	Food Science and Technology Institute, Morinaga Milk Industry Co., Ltd	feces	Japan	2015-08-11T08:21:38.000	95.02	0.87	Scaffold	current	PRJNA215973	16	265361	1990162	gcfgca:GCA_001264055.1	canonical	Bifidobacterium animalis																					submitter_match	Food Science and Technology Institute, Morinaga Milk Industry Co., Ltd		Bifidobacterium animalis subsp. animalis	GCF_001264055.1	Tier2	GCF_001264055.1.fna	100.64299897891642	99.96	0.25		1990162	701452	3_4			1			near	low
GCF_001264105.1	Bifidobacterium breve MCC 1340	MCC 1340	Tier2	Draft: contigs=25, N50=190612, completeness=98.26		SAMN03978803	Food Science and Technology Institute, Morinaga Milk Industry Co., Ltd	feces from an infant	Japan	2015-08-11T08:21:24.325	98.26	0.22	Scaffold	current	PRJNA215981	25	190612	2373106	gcfgca:GCA_001264105.1	canonical	Bifidobacterium breve																					submitter_match	Food Science and Technology Institute, Morinaga Milk Industry Co., Ltd		Bifidobacterium breve	GCF_001264105.1	Tier2	GCF_001264105.1.fna	100.92867465474582	99.98	0.17		2373106	377876	1_29			1			near	low
GCF_001281305.1	Bifidobacterium longum subsp. infantis	BT1	Tier1	Closed genome: contigs=1, N50=2578115, len=2578115		SAMN03271683	Yonsei University		Korea	2014-12-20T02:18:48.926	98.52	1.67	Complete Genome	current	PRJNA270905	1	2578115	2578115	gcfgca:GCA_001281305.1	canonical	Bifidobacterium longum																					literature	PMID 27524178	3.0	Bifidobacterium longum subsp. infantis	GCF_001281305.1	Tier1	GCF_001281305.1.fna	109.74565114284528	99.98	0.49		2578115	2578115	1_50			1			near	low
GCF_001281425.1	Bifidobacterium breve	BR3	Tier1	Closed genome: contigs=2, N50=2421115, len=2426006		SAMN03271681	Yonsei University		Korea	2014-12-20T02:15:33.937	97.92	0.96	Complete Genome	current	PRJNA270903	2	2421115	2426006	gcfgca:GCA_001281425.1	canonical	Bifidobacterium breve																					literature	PMID 27524178	5.0	Bifidobacterium breve	GCF_001281425.1	Tier1	GCF_001281425.1.fna	112.24187437360372	99.99	0.19		2426006	2421115	1_41			4	100.0	99.97	near	low
GCF_001293145.1	Bifidobacterium longum	BG7	Tier1	Closed genome: contigs=2, N50=2453124, len=2455762		SAMN03271682	Yonsei University		Korea	2014-12-20T02:17:04.390	99.38	0.16	Complete Genome	current	PRJNA270904	2	2453124	2455762	gcfgca:GCA_001293145.1	canonical	Bifidobacterium longum																					literature	PMID 27524178	4.0	Bifidobacterium longum unspecified	GCF_001293145.1	Tier1	GCF_001293145.1.fna	112.4534097485006	99.95	0.14		2455762	2453124	1_182			3	99.93	99.78	near	low
GCF_001446255.1	Bifidobacterium longum subsp. longum	NCIMB8809	Tier1	Closed genome: contigs=1, N50=2340989, len=2340989	NCIM:B8809	SAMN03785818	University College Cork		United Kingdom: England	2015-06-23T07:56:39.000	96.74		Complete Genome	current	PRJNA287223	1	2340989	2340989	gcfgca:GCA_001446255.1	canonical	Bifidobacterium longum																					literature	PMID 32385941;PMID 32385941	9.0	Bifidobacterium longum subsp. longum	GCF_001446255.1	Tier1	GCF_001446255.1.fna	106.06626636439258	99.98	1.42		2340989	2340989	1_215			4	99.18	99.12	near	low
GCF_001446275.1	Bifidobacterium longum subsp. longum	CCUG30698	Tier1	Closed genome: contigs=1, N50=2458004, len=2458004	CCUG:30698	SAMN03785819	University College Cork		Sweden	2015-06-23T07:56:42.000	98.36	0.16	Complete Genome	current	PRJNA287222	1	2458004	2458004	gcfgca:GCA_001446275.1	canonical	Bifidobacterium longum																					literature	PMID 26489930;PMID 26489930	2.0	Bifidobacterium longum subsp. longum	GCF_001446275.1	Tier1	GCF_001446275.1.fna	111.63619127271538	99.99	0.31		2458004	2458004	1_100			2	99.09	99.09	near	low
GCF_001685745.1	Bifidobacterium breve	BR-10	Tier2	Draft: contigs=60, N50=111423, completeness=98.72		SAMD00047598	Yakult Central Institute		Japan	2016-06-11T01:00:16.913	98.72	2.18	Contig	current	PRJDB4597	60	111423	2349925	gcfgca:GCA_001685745.1	canonical	Bifidobacterium breve																					submitter_match	Yakult Central Institute		Bifidobacterium breve	GCF_001685745.1	Tier2	GCF_001685745.1.fna	100.27348742370462	99.99	0.25		2349925	111423	1_33			1			near	low
GCF_001685765.1	Bifidobacterium breve	BR-14	Tier2	Draft: contigs=57, N50=116799, completeness=98.5		SAMD00047599	Yakult Central Institute		Japan	2016-06-11T01:00:16.986	98.5	1.71	Contig	current	PRJDB4597	57	116799	2529872	gcfgca:GCA_001685765.1	canonical	Bifidobacterium breve																					submitter_match	Yakult Central Institute		Bifidobacterium breve	GCF_001685765.1	Tier2	GCF_001685765.1.fna	99.4437195622429	100.0	0.42		2529872	116799	1_43			1			perfect	low
GCF_001685785.1	Bifidobacterium breve	BR-15	Tier2	Draft: contigs=27, N50=165106, completeness=99.55		SAMD00047600	Yakult Central Institute		Japan	2016-06-11T01:00:17.063	99.55	1.1	Contig	current	PRJDB4597	27	165106	2373802	gcfgca:GCA_001685785.1	canonical	Bifidobacterium breve																					submitter_match	Yakult Central Institute		Bifidobacterium breve	GCF_001685785.1	Tier2	GCF_001685785.1.fna	101.3588814279686	99.99	0.05		2373802	165106	1_7			1			near	low
GCF_001685805.1	Bifidobacterium breve	BR-19	Tier2	Draft: contigs=15, N50=334345, completeness=98.4		SAMD00047601	Yakult Central Institute		Japan	2016-06-11T01:00:17.143	98.4	1.17	Contig	current	PRJDB4597	15	334345	2324995	gcfgca:GCA_001685805.1	canonical	Bifidobacterium breve																					submitter_match	Yakult Central Institute		Bifidobacterium breve	GCF_001685805.1	Tier2	GCF_001685805.1.fna	102.20289743951828	99.99	0.11		2324995	334345	1_14			2	99.08	99.08	near	low
GCF_001685825.1	Bifidobacterium breve	BR-20	Tier2	Draft: contigs=52, N50=115445, completeness=96.98		SAMD00047602	Yakult Central Institute		Japan	2016-06-11T01:00:17.420	96.98	0.17	Contig	current	PRJDB4597	52	115445	2335471	gcfgca:GCA_001685825.1	canonical	Bifidobacterium breve																					submitter_match	Yakult Central Institute		Bifidobacterium breve	GCF_001685825.1	Tier2	GCF_001685825.1.fna	101.43118756403832	99.99	0.02		2335471	115445	1_30			1			near	low
GCF_001685845.1	Bifidobacterium breve	BR-21	Tier2	Draft: contigs=66, N50=115552, completeness=97.98		SAMD00047603	Yakult Central Institute		Japan	2016-06-11T01:00:17.693	97.98	0.56	Contig	current	PRJDB4597	66	115552	2614621	gcfgca:GCA_001685845.1	canonical	Bifidobacterium breve																					submitter_match	Yakult Central Institute		Bifidobacterium breve	GCF_001685845.1	Tier2	GCF_001685845.1.fna	100.23138873337336	99.99	0.26		2614621	115552	1_45			1			near	low
GCF_001685865.1	Bifidobacterium breve	BR-A29	Tier2	Draft: contigs=62, N50=141495, completeness=98.34		SAMD00047604	Yakult Central Institute		Japan	2016-06-11T01:00:17.770	98.34	1.33	Contig	current	PRJDB4597	62	141495	2387635	gcfgca:GCA_001685865.1	canonical	Bifidobacterium breve																					submitter_match	Yakult Central Institute		Bifidobacterium breve	GCF_001685865.1	Tier2	GCF_001685865.1.fna	100.8953705467472	99.96	0.13		2387635	141495	1_40			1			near	low
GCF_001685885.1	Bifidobacterium breve	BR-C29	Tier2	Draft: contigs=41, N50=146502, completeness=98.16		SAMD00047605	Yakult Central Institute		Japan	2016-06-11T01:00:17.850	98.16	2.01	Contig	current	PRJDB4597	41	146502	2287657	gcfgca:GCA_001685885.1	canonical	Bifidobacterium breve																					submitter_match	Yakult Central Institute		Bifidobacterium breve	GCF_001685885.1	Tier2	GCF_001685885.1.fna	100.87292177679228	99.98	0.14		2287657	146502	1_37			1			near	low
GCF_001685905.1	Bifidobacterium breve	BR-H29	Tier2	Draft: contigs=39, N50=214317, completeness=97.69		SAMD00047606	Yakult Central Institute		Japan	2016-06-11T01:00:17.943	97.69	1.24	Contig	current	PRJDB4597	39	214317	2470837	gcfgca:GCA_001685905.1	canonical	Bifidobacterium breve																					submitter_match	Yakult Central Institute		Bifidobacterium breve	GCF_001685905.1	Tier2	GCF_001685905.1.fna	100.75552831070377	99.98	0.18		2470837	214317	1_38			1			near	low
GCF_001685925.1	Bifidobacterium breve	BR-I29	Tier2	Draft: contigs=39, N50=131342, completeness=97.34		SAMD00047607	Yakult Central Institute		Japan	2016-06-11T01:00:18.010	97.34	1.2	Contig	current	PRJDB4597	39	131342	2249921	gcfgca:GCA_001685925.1	canonical	Bifidobacterium breve																					submitter_match	Yakult Central Institute		Bifidobacterium breve	GCF_001685925.1	Tier2	GCF_001685925.1.fna	100.74920181259355	99.98	0.16		2249921	131342	1_44			1			near	low
GCF_001685945.1	Bifidobacterium breve	BR-L29	Tier2	Draft: contigs=44, N50=126367, completeness=98.42		SAMD00047608	Yakult Central Institute		Japan	2016-06-11T01:00:18.183	98.42	1.48	Contig	current	PRJDB4597	44	126367	2344657	gcfgca:GCA_001685945.1	canonical	Bifidobacterium breve																					submitter_match	Yakult Central Institute		Bifidobacterium breve	GCF_001685945.1	Tier2	GCF_001685945.1.fna	101.18081683764936	99.97	0.07		2344657	126367	1_8			1			near	low
GCF_001686125.1	Bifidobacterium longum subsp. infantis	IN-F29	Tier2	Draft: contigs=58, N50=131188, completeness=97.96		SAMD00047617	Yakult Central Institute		Japan	2016-06-11T01:00:18.993	97.96	1.17	Contig	current	PRJDB4597	58	131188	2643621	gcfgca:GCA_001686125.1	canonical	Bifidobacterium longum																					submitter_match	Yakult Central Institute		Bifidobacterium longum subsp. infantis	GCF_001686125.1	Tier2	GCF_001686125.1.fna	89.63894705558334	99.97	2.38		2643621	131188	1_64			1			near	low
GCF_001686145.1	Bifidobacterium longum subsp. longum	LO-06	Tier2	Draft: contigs=77, N50=71981, completeness=98.68		SAMD00047618	Yakult Central Institute		Japan	2016-06-11T01:00:19.076	98.68	0.85	Contig	current	PRJDB4597	77	71981	2437471	gcfgca:GCA_001686145.1	canonical	Bifidobacterium longum																					submitter_match	Yakult Central Institute		Bifidobacterium longum subsp. longum	GCF_001686145.1	Tier2	GCF_001686145.1.fna	100.8186089379094	99.93	0.11		2437471	71981	1_138			1			near	low
GCF_001719085.1	Bifidobacterium longum	35624	Tier1	Closed genome: contigs=1, N50=2264056, len=2264056		SAMN04254466	Alimentary Health and University College Cork		Ireland	2015-11-10T11:35:05.247	99.07	0.16	Complete Genome	current	PRJNA301703	1	2264056	2264056	gcfgca:GCA_001719085.1	canonical	Bifidobacterium longum																					literature;submitter_match	PMID 32630805;Alimentary Health and University College Cork	24.0	Bifidobacterium longum unspecified	GCF_001719085.1	Tier1	GCF_001719085.1.fna	112.61526857903468	99.98	0.11		2264056	2264056	1_114			5	100.0	99.13	near	low
GCF_001725985.1	Bifidobacterium longum subsp. longum	AH1206	Tier1	Closed genome: contigs=1, N50=2421287, len=2421287		SAMN04576213	University College Cork		Ireland	2016-03-23T13:33:05.000	98.13	0.16	Complete Genome	current	PRJNA316119	1	2421287	2421287	gcfgca:GCA_001725985.1	canonical	Bifidobacterium longum																					literature	PMID 33317320	4.0	Bifidobacterium longum subsp. longum	GCF_001725985.1	Tier1	GCF_001725985.1.fna	111.89202313514404	99.99	0.06		2421287	2421287	1_80			1			near	low
GCF_001870705.1	Bifidobacterium longum subsp. suis	BSM11-5	Tier2	Draft: contigs=46, N50=135581, completeness=97.66		SAMN05578880	ETH Zurich	infant stool	Kenya: Msambweni County	2016-08-16T04:01:05.410	97.66	1.46	Scaffold	current	PRJNA339033	46	135581	2602875	gcfgca:GCA_001870705.1	canonical	Bifidobacterium longum																					literature	PMID 27782805	1.0	Bifidobacterium longum subsp. suis	GCF_001870705.1	Tier2	GCF_001870705.1.fna	100.52609941639788	100.0	0.21		2602875	135581	1_76			1			perfect	low
GCF_001870755.1	Bifidobacterium longum subsp. infantis	TPY12-1	Tier2	Draft: contigs=74, N50=90619, completeness=98.7		SAMN05578879	ETH Zurich		Kenya: Msambweni County	2016-08-16T04:01:05.250	98.7	2.42	Scaffold	current	PRJNA339033	74	90619	2640127	gcfgca:GCA_001870755.1	canonical	Bifidobacterium longum																					literature	PMID 27782805	1.0	Bifidobacterium longum subsp. infantis	GCF_001870755.1	Tier2	GCF_001870755.1.fna	88.02092915749554	99.99	2.7		2640127	110118	1_59			1			near	low
GCF_001940535.1	Bifidobacterium longum subsp. longum	W11	Tier2	Draft: contigs=22, N50=298022, completeness=98.8		SAMN06109230	University of Parma	intestinal bacterial flora of a healthy man	Italy	2016-12-05T05:04:03.463	98.8	0.62	Contig	current	PRJNA356203	22	298022	2329981	gcfgca:GCA_001940535.1	canonical	Bifidobacterium longum																					literature	PMID 37541953	5.0	Bifidobacterium longum subsp. longum	GCF_001940535.1	Tier2	GCF_001940535.1.fna	102.47722418858145	99.99	0.05		2329981	298022	1_82			2	99.01	99.01	near	low
GCF_001990225.1	Bifidobacterium breve	LMC520	Tier1	Closed genome: contigs=1, N50=2403402, len=2403402		SAMN06240351	Korea University	environment	missing	2017-01-19T00:13:02.358	98.86	1.07	Complete Genome	current	PRJNA369572	1	2403402	2403402	gcfgca:GCA_001990225.1	canonical	Bifidobacterium breve																					literature	PMID 20349924	2.0	Bifidobacterium breve	GCF_001990225.1	Tier1	GCF_001990225.1.fna	111.29041320911811	99.99	0.18		2403402	2403402	1_42			1			near	low
GCF_002027265.1	Bifidobacterium breve	CECT7263	Tier2	Draft: contigs=25, N50=216605, completeness=97.99		SAMN06473336	Biosearch, S.A.	milk	Spain	2017-03-03T07:23:02.490	97.99	0.39	Contig	current	PRJNA377846	25	216605	2330408	gcfgca:GCA_002027265.1	canonical	Bifidobacterium breve																					literature;submitter_match	PMID 28473392;Biosearch, S.A.	7.0	Bifidobacterium breve	GCF_002027265.1	Tier2	GCF_002027265.1.fna	101.8177342221254	99.99	0.17		2330408	216605	1_15			2	99.99	99.99	near	low
GCF_002075945.1	Bifidobacterium pseudocatenulatum	1896B	Tier2	Draft: contigs=15, N50=362921, completeness=98.74		SAMN06621714	University of Parma		Italy	2017-03-20T13:21:36.840	98.74	0.16	Contig	current	PRJNA379831	15	362921	2197471	gcfgca:GCA_002075945.1	canonical	Bifidobacterium pseudocatenulatum																					literature	PMID 36123315	1.0	Bifidobacterium pseudocatenulatum	GCF_002075945.1	Tier2	GCF_002075945.1.fna	99.88990604943542	100.0	0.38		2197471	362921	2_19			1			perfect	low
GCF_002108035.2	Bifidobacterium adolescentis	703B	Tier1	Closed genome: contigs=1, N50=2390400, len=2390400		SAMN04231311	University of Parma	feces	Italy: Parma	2015-11-03T09:41:13.000	93.51	6.02	Complete Genome	current	PRJNA300965	1	2390400	2390400	gcfgca:GCA_002108035.2	canonical	Bifidobacterium adolescentis																					literature	PMID 38294252	1.0	Bifidobacterium adolescentis	GCF_002108035.2	Tier1	GCF_002108035.2.fna	109.54923529006766	100.0	0.53		2390400	2390400	5_17			1			perfect	low
GCF_002276185.1	Bifidobacterium longum	Indica	Tier2	Draft: contigs=43, N50=167729, completeness=99.58		SAMN07503177	Translational Health Science and Technology Institute	fecal sample	India	2017-08-14T03:27:02.983	99.58	0.25	Contig	current	PRJNA398177	43	167729	2374227	gcfgca:GCA_002276185.1	canonical	Bifidobacterium longum																					literature	PMID 29025929	1.0	Bifidobacterium longum unspecified	GCF_002276185.1	Tier2	GCF_002276185.1.fna	101.15230407886156	99.98	0.09		2374227	167729	1_96			1			near	low
GCF_002282915.1	Bifidobacterium pseudolongum	UMB-MBP-01	Tier1	Closed genome: contigs=1, N50=2008102, len=2008102		SAMN07357905	Institute for Genome Sciences	feces	USA	2017-07-17T12:10:03.366	95.48	2.59	Complete Genome	current	PRJNA391001	1	2008102	2008102	gcfgca:GCA_002282915.1	canonical	Bifidobacterium pseudolongum																					literature	PMID 36658194	2.0	Bifidobacterium pseudolongum unspecified	GCF_002282915.1	Tier1	GCF_002282915.1.fna	111.4413928843441	99.98	0.14		2008102	2008102	7_2			1			near	low
GCF_002706665.1	Bifidobacterium pseudolongum subsp. globosum DSM 20092	DSM 20092	Tier1	Closed genome: contigs=1, N50=1978157, len=1978157		SAMN05912980	Kyungpook National University	Rumen of Sheep	Italy	2016-10-16T07:43:03.080	99.21	5.0	Complete Genome	current	PRJNA348625	1	1978157	1978157	gcfgca:GCA_002706665.1	canonical	Bifidobacterium pseudolongum		type strain of Bifidobacterium pseudolongum subsp. globosum																			literature	PMID 20474053	2.0	Bifidobacterium pseudolongum subsp. globosum	GCF_002706665.1	Tier1	GCF_002706665.1.fna	111.59813037859716	99.99	0.11		1978157	1978157	7_5			1			near	low
GCF_002761235.1	Bifidobacterium choerinum	FMB-1	Tier1	Closed genome: contigs=2, N50=2246282, len=2257294		SAMN05949246	Kyung Hee University	rumen fluid	South Korea: Paju, Gyeonggi-do	2016-10-28T03:05:03.693	98.54		Complete Genome	current	PRJNA350879	2	2246282	2257294	gcfgca:GCA_002761235.1	canonical	Bifidobacterium choerinum																					literature	PMID 29571651	1.0	Bifidobacterium choerinum	GCF_002761235.1	Tier1	GCF_002761235.1.fna	111.54573213850858	99.96	0.12		2257294	2246282	17_0			1			near	low
GCF_002813205.1	Bifidobacterium psychraerophilum DSM 22366	DSM 22366	Tier2	Draft: contigs=1, N50=2631485, completeness=98.12	DSM:22366	SAMN05192537	DOE Joint Genome Institute		missing	2016-05-31T17:46:19.103	98.12	1.51	Contig	current	PRJNA323239	1	2631485	2631485	gcfgca:GCA_002813205.1	canonical	Bifidobacterium psychraerophilum		type strain of Bifidobacterium psychraerophilum																			literature	PMID 42060310	1.0	Bifidobacterium psychraerophilum	GCF_002813205.1	Tier2	GCF_002813205.1.fna	100.25010044939673	99.98	0.39		2631485	2631485	18_0			1			near	low
GCF_002838465.1	Bifidobacterium breve	017W439	Tier1	Closed genome: contigs=1, N50=2301422, len=2301422		SAMN06828931	University College Cork	infant	Ireland	2017-04-25T05:35:02.927	99.33	0.27	Complete Genome	current	PRJNA384113	1	2301422	2301422	gcfgca:GCA_002838465.1	canonical	Bifidobacterium breve																					literature	PMID 34220742	1.0	Bifidobacterium breve	GCF_002838465.1	Tier1	GCF_002838465.1.fna	112.7818481317396	99.95	0.07		2301422	2301422	1_13			3	99.14	99.03	near	low
GCF_002838485.1	Bifidobacterium breve	215W447a	Tier1	Closed genome: contigs=1, N50=2589602, len=2589602		SAMN06829004	University College Cork	infant	Ireland	2017-04-25T07:46:03.480	99.29	1.27	Complete Genome	current	PRJNA384129	1	2589602	2589602	gcfgca:GCA_002838485.1	canonical	Bifidobacterium breve																					literature	PMID 34220742	1.0	Bifidobacterium breve	GCF_002838485.1	Tier1	GCF_002838485.1.fna	111.74681649402432	99.99	0.29		2589602	2589602	1_25			2	99.02	99.02	near	low
GCF_002838525.1	Bifidobacterium breve	180W83	Tier1	Closed genome: contigs=1, N50=2273173, len=2273173		SAMN06829003	University College Cork	infant	Ireland	2017-04-25T07:41:03.033	99.23	0.66	Complete Genome	current	PRJNA384128	1	2273173	2273173	gcfgca:GCA_002838525.1	canonical	Bifidobacterium breve																					literature	PMID 34220742	1.0	Bifidobacterium breve	GCF_002838525.1	Tier1	GCF_002838525.1.fna	112.46851622761824	99.94	0.13		2273173	2273173	1_20			2	99.02	99.02	near	low
GCF_002838565.1	Bifidobacterium breve	139W423	Tier1	Closed genome: contigs=1, N50=2411276, len=2411276		SAMN06829002	University College Cork	infant	Ireland	2017-04-25T07:37:29.123	99.37	0.44	Complete Genome	current	PRJNA384124	1	2411276	2411276	gcfgca:GCA_002838565.1	canonical	Bifidobacterium breve																					literature	PMID 34220742	1.0	Bifidobacterium breve	GCF_002838565.1	Tier1	GCF_002838565.1.fna	111.58112346176624	99.98	0.12		2411276	2411276	1_10			1			near	low
GCF_002838605.1	Bifidobacterium breve	NRBB18	Tier1	Closed genome: contigs=1, N50=2289686, len=2289686		SAMN07160576	University College Cork		Netherlands	2017-05-24T06:51:02.993	97.87	1.14	Complete Genome	current	PRJNA387666	1	2289686	2289686	gcfgca:GCA_002838605.1	canonical	Bifidobacterium breve																					literature	PMID 41575775	1.0	Bifidobacterium breve	GCF_002838605.1	Tier1	GCF_002838605.1.fna	113.02103797100578	99.99	0.03		2289686	2289686	1_11			5	99.18	99.02	near	low
GCF_002845845.1	Bifidobacterium bifidum	PRI 1	Tier1	Closed genome: contigs=1, N50=2243572, len=2243572		SAMN06140833	Institute for Basic Science (IBS) and Pohang University of Science and Technology (POSTECH)		South Korea: Gyeonggido, Giheung	2016-12-14T00:15:02.403	96.69	0.52	Complete Genome	current	PRJNA257684	1	2243572	2243572	gcfgca:GCA_002845845.1	canonical	Bifidobacterium bifidum																					literature	PMID 37541953	2.0	Bifidobacterium bifidum	GCF_002845845.1	Tier1	GCF_002845845.1.fna	112.4152700097317	99.93	0.14		2243572	2243572	4_2			9	99.99	99.96	near	low
GCF_002914865.1	Bifidobacterium breve	BB02	Tier2	Draft: contigs=22, N50=176045, completeness=99.3		SAMN07187787	CDI investments		Italy	2017-06-02T05:31:04.523	99.3	1.79	Contig	current	PRJNA388854	22	176045	2317196	gcfgca:GCA_002914865.1	canonical	Bifidobacterium breve																					literature;submitter_match	PMID 40431448;CDI investments	6.0	Bifidobacterium breve	GCF_002914865.1	Tier2	GCF_002914865.1.fna	101.87271183081792	99.89	0.13		2317196	176045	1_16			2	99.99	99.99	near	low
GCF_003130775.1	Bifidobacterium longum	UMA026	Tier2	Draft: contigs=66, N50=217209, completeness=98.77		SAMN08102330	University of Massachusetts Amherst	feces	USA: Hadley, MA	2017-11-27T14:49:03.050	98.77	0.27	Contig	current	PRJNA419938	66	217209	2392556	gcfgca:GCA_003130775.1	canonical	Bifidobacterium longum																					literature	PMID 29930064	1.0	Bifidobacterium longum unspecified	GCF_003130775.1	Tier2	GCF_003130775.1.fna	100.04843890808586	99.97	0.32		2392556	217209	1_73			1			near	low
GCF_003342655.1	Bifidobacterium longum subsp. longum	BORI	Tier1	Closed genome: contigs=1, N50=2311020, len=2311020		SAMN09691177	BIFIDO Co., LTD	Korean infant	South Korea	2018-07-19T01:33:04.113	99.15	0.16	Complete Genome	current	PRJNA481853	1	2311020	2311020	gcfgca:GCA_003342655.1	canonical	Bifidobacterium longum																					GRAS;literature;submitter_match	GRN 813;PMID 36896934;BIFIDO Co., LTD		Bifidobacterium longum subsp. longum	GCF_003342655.1	Tier1	GCF_003342655.1.fna	111.8119018519806	99.97	0.07		2311020	2311020	1_135			1			near	low
GCF_003573895.1	Bifidobacterium bifidum	TMC 3115	Tier1	Closed genome: contigs=1, N50=2178894, len=2178894		SAMD00078313	Graduate School of Biostudies, Kyoto University		missing	2017-10-04T01:00:40.770	92.03	0.3	Complete Genome	current	PRJDB5666	1	2178894	2178894	gcfgca:GCA_003573895.1	canonical	Bifidobacterium bifidum																					literature	PMID 33633711	5.0	Bifidobacterium bifidum	GCF_003573895.1	Tier1	GCF_003573895.1.fna	112.13925137674391	99.72	0.15		2178894	2178894	4_7			4	99.02	99.0	near	low
GCF_003671995.1	Bifidobacterium animalis subsp. animalis	CNCM I-4602	Tier1	Closed genome: contigs=1, N50=1932687, len=1932687		SAMN08774047	University College Cork		France	2018-03-22T13:52:12.806	98.97	0.36	Complete Genome	current	PRJNA445301	1	1932687	1932687	gcfgca:GCA_003671995.1	canonical	Bifidobacterium animalis																					literature	PMID 30306201	1.0	Bifidobacterium animalis subsp. animalis	GCF_003671995.1	Tier1	GCF_003671995.1.fna	110.9030557585669	99.95	0.44		1932687	1932687	3_2			5	100.0	99.99	near	low
GCF_003856735.1	Bifidobacterium adolescentis	P2P3	Tier1	Closed genome: contigs=1, N50=2202982, len=2202982		SAMN08093360	Korea Food Research Institute	Korean adult feces	South Korea: Seoul	2017-11-22T23:48:08.227	96.43	2.55	Complete Genome	current	PRJNA419599	1	2202982	2202982	gcfgca:GCA_003856735.1	canonical	Bifidobacterium adolescentis																					literature	PMID 31635446	1.0	Bifidobacterium adolescentis	GCF_003856735.1	Tier1	GCF_003856735.1.fna	110.93150547432832	100.0	0.25		2202982	2202982	5_30			1			perfect	low
GCF_003860285.1	Bifidobacterium breve	lw01	Tier1	Closed genome: contigs=1, N50=2313172, len=2313172		SAMN10484345	Peking University	infant fecal	China	2018-11-26T22:27:03.373	98.32	3.33	Complete Genome	current	PRJNA507053	1	2313172	2313172	gcfgca:GCA_003860285.1	canonical	Bifidobacterium breve																					literature	PMID 40841526	3.0	Bifidobacterium breve	GCF_003860285.1	Tier1	GCF_003860285.1.fna	111.65210396335324	99.96	0.1		2313172	2313172	1_34			1			near	low
GCF_003990235.1	Bifidobacterium longum subsp. longum	VKPM Ac-1636	Tier2	Draft: contigs=73, N50=162253, completeness=99.3		SAMN10644101	Kurchatov Institute	gut	Russia: Moscow	2018-12-26T05:32:03.020	99.3	0.16	Contig	current	PRJNA511803	73	162253	2321741	gcfgca:GCA_003990235.1	canonical	Bifidobacterium longum																					literature	PMID 31304205	1.0	Bifidobacterium longum subsp. longum	GCF_003990235.1	Tier2	GCF_003990235.1.fna	102.27729638472364	99.97	0.06		2321741	162253	1_134			2	99.22	99.22	near	low
GCF_004332625.1	Bifidobacterium longum subsp. longum	MCC10114	Tier2	Draft: contigs=58, N50=122702, completeness=99.38		SAMN06368664	Morinaga Milk Industry	feces	Japan	2017-02-22T09:07:12.890	99.38	0.34	Contig	current	PRJNA374900	58	122702	2454594	gcfgca:GCA_004332625.1	canonical	Bifidobacterium longum																					submitter_match	Morinaga Milk Industry		Bifidobacterium longum subsp. longum	GCF_004332625.1	Tier2	GCF_004332625.1.fna	101.084425820817	99.98	0.09		2454594	122702	1_212			1			near	low
GCF_004332635.1	Bifidobacterium longum subsp. longum	MCC10113	Tier2	Draft: contigs=62, N50=104146, completeness=99.38		SAMN06368663	Morinaga Milk Industry	feces	Japan	2017-02-22T09:07:12.846	99.38	0.38	Contig	current	PRJNA374900	62	104146	2464113	gcfgca:GCA_004332635.1	canonical	Bifidobacterium longum																					submitter_match	Morinaga Milk Industry		Bifidobacterium longum subsp. longum	GCF_004332635.1	Tier2	GCF_004332635.1.fna	102.25872128059936	99.99	0.05		2464113	104146	1_127			3	99.99	99.99	near	low
GCF_004332645.1	Bifidobacterium longum subsp. longum	MCC10115	Tier2	Draft: contigs=54, N50=105978, completeness=99.38		SAMN06368665	Morinaga Milk Industry	feces	Japan	2017-02-22T09:07:12.926	99.38	0.16	Contig	current	PRJNA374900	54	105978	2433724	gcfgca:GCA_004332645.1	canonical	Bifidobacterium longum																					submitter_match	Morinaga Milk Industry		Bifidobacterium longum subsp. longum	GCF_004332645.1	Tier2	GCF_004332645.1.fna	101.40260785965955	99.98	0.02		2433724	105978	1_157			1			near	low
GCF_004332725.1	Bifidobacterium longum subsp. longum	MCC10101	Tier2	Draft: contigs=65, N50=100597, completeness=99.26		SAMN06368655	Morinaga Milk Industry	feces	Japan	2017-02-22T09:07:12.520	99.26	0.16	Contig	current	PRJNA374900	65	100597	2418061	gcfgca:GCA_004332725.1	canonical	Bifidobacterium longum																					submitter_match	Morinaga Milk Industry		Bifidobacterium longum subsp. longum	GCF_004332725.1	Tier2	GCF_004332725.1.fna	101.38129251469957	99.97	0.02		2418061	100597	1_86			1			near	low
GCF_004332735.1	Bifidobacterium longum subsp. longum	MCC10106	Tier2	Draft: contigs=74, N50=73363, completeness=98.91		SAMN06368658	Morinaga Milk Industry	feces	Japan	2017-02-22T09:07:12.640	98.91	0.58	Contig	current	PRJNA374900	74	73363	2415027	gcfgca:GCA_004332735.1	canonical	Bifidobacterium longum																					submitter_match	Morinaga Milk Industry		Bifidobacterium longum subsp. longum	GCF_004332735.1	Tier2	GCF_004332735.1.fna	102.1228385673472	99.99	0.06		2415027	73363	1_186			2	99.01	99.01	near	low
GCF_004332755.1	Bifidobacterium longum subsp. longum	MCC10102	Tier2	Draft: contigs=56, N50=111408, completeness=99.57		SAMN06368656	Morinaga Milk Industry	feces	Japan	2017-02-22T09:07:12.560	99.57	0.72	Contig	current	PRJNA374900	56	111408	2538754	gcfgca:GCA_004332755.1	canonical	Bifidobacterium longum																					submitter_match	Morinaga Milk Industry		Bifidobacterium longum subsp. longum	GCF_004332755.1	Tier2	GCF_004332755.1.fna	100.61345818891576	99.98	0.18		2538754	111408	1_196			1			near	low
GCF_004332855.1	Bifidobacterium longum subsp. longum	MCC10095	Tier2	Draft: contigs=95, N50=73899, completeness=98.15		SAMN06368649	Morinaga Milk Industry	feces	Japan	2017-02-22T09:07:12.110	98.15	0.32	Contig	current	PRJNA374900	95	73899	2356818	gcfgca:GCA_004332855.1	canonical	Bifidobacterium longum																					submitter_match	Morinaga Milk Industry		Bifidobacterium longum subsp. longum	GCF_004332855.1	Tier2	GCF_004332855.1.fna	102.16441930691522	99.88	0.03		2356818	73899	1_168			2	99.01	99.01	near	low
GCF_004332865.1	Bifidobacterium longum subsp. longum	MCC10093	Tier2	Draft: contigs=57, N50=107167, completeness=98.91		SAMN06368647	Morinaga Milk Industry	feces	Japan	2017-02-22T09:07:12.023	98.91	0.29	Contig	current	PRJNA374900	57	107167	2458942	gcfgca:GCA_004332865.1	canonical	Bifidobacterium longum																					submitter_match	Morinaga Milk Industry		Bifidobacterium longum subsp. longum	GCF_004332865.1	Tier2	GCF_004332865.1.fna	94.01503053668834	99.99	1.5		2458942	107167	1_116			1			near	low
GCF_004332925.1	Bifidobacterium longum subsp. longum	MCC10092	Tier2	Draft: contigs=89, N50=64435, completeness=98.67		SAMN06368646	Morinaga Milk Industry	feces	Japan	2017-02-22T09:07:11.976	98.67	0.55	Contig	current	PRJNA374900	89	64435	2234829	gcfgca:GCA_004332925.1	canonical	Bifidobacterium longum																					submitter_match	Morinaga Milk Industry		Bifidobacterium longum subsp. longum	GCF_004332925.1	Tier2	GCF_004332925.1.fna	100.6656609296832	99.96	0.34		2234829	64435	1_166			2	99.11	99.11	near	low
GCF_004332945.1	Bifidobacterium longum subsp. longum	MCC10116	Tier2	Draft: contigs=47, N50=174996, completeness=98.91		SAMN06368666	Morinaga Milk Industry	feces	Japan	2017-02-22T09:07:13.046	98.91	0.39	Contig	current	PRJNA374900	47	174996	2628982	gcfgca:GCA_004332945.1	canonical	Bifidobacterium longum																					submitter_match	Morinaga Milk Industry		Bifidobacterium longum subsp. longum	GCF_004332945.1	Tier2	GCF_004332945.1.fna	100.71271409077092	99.99	0.38		2628982	174996	1_183			2	99.12	99.12	near	low
GCF_004333045.1	Bifidobacterium longum subsp. longum	MCC10096	Tier2	Draft: contigs=39, N50=183522, completeness=99.23		SAMN06368650	Morinaga Milk Industry	feces	Japan	2017-02-22T09:07:12.163	99.23	0.33	Contig	current	PRJNA374900	39	183522	2571288	gcfgca:GCA_004333045.1	canonical	Bifidobacterium longum																					submitter_match	Morinaga Milk Industry		Bifidobacterium longum subsp. longum	GCF_004333045.1	Tier2	GCF_004333045.1.fna	99.6718440667352	99.98	0.39		2571288	183522	1_144			1			near	low
GCF_004333065.1	Bifidobacterium longum subsp. longum	MCC10089	Tier2	Draft: contigs=41, N50=128854, completeness=98.76		SAMN06368643	Morinaga Milk Industry	feces	Japan	2017-02-22T09:07:11.853	98.76	0.16	Contig	current	PRJNA374900	41	128854	2324808	gcfgca:GCA_004333065.1	canonical	Bifidobacterium longum																					submitter_match	Morinaga Milk Industry		Bifidobacterium longum subsp. longum	GCF_004333065.1	Tier2	GCF_004333065.1.fna	102.25004895719346	99.89	0.04		2324808	128854	1_122			3	99.94	99.06	near	low
GCF_004333105.1	Bifidobacterium longum subsp. longum	MCC10087	Tier2	Draft: contigs=49, N50=100861, completeness=99.31		SAMN06368642	Morinaga Milk Industry	feces	Japan	2017-02-22T09:07:11.793	99.31	0.16	Contig	current	PRJNA374900	49	100861	2303186	gcfgca:GCA_004333105.1	canonical	Bifidobacterium longum																					submitter_match	Morinaga Milk Industry		Bifidobacterium longum subsp. longum	GCF_004333105.1	Tier2	GCF_004333105.1.fna	102.14221164286872	99.94	0.06		2303186	100861	1_81			3	99.07	99.0	near	low
GCF_004333115.1	Bifidobacterium longum subsp. longum	MCC10086	Tier2	Draft: contigs=48, N50=152082, completeness=99.38		SAMN06368641	Morinaga Milk Industry	feces	Japan	2017-02-22T09:07:11.750	99.38	0.25	Contig	current	PRJNA374900	48	152082	2283822	gcfgca:GCA_004333115.1	canonical	Bifidobacterium longum																					submitter_match	Morinaga Milk Industry		Bifidobacterium longum subsp. longum	GCF_004333115.1	Tier2	GCF_004333115.1.fna	94.49103890760746	99.89	1.4		2283822	152082	1_119			1			near	low
GCF_004333165.1	Bifidobacterium longum subsp. longum	MCC10081	Tier2	Draft: contigs=56, N50=144902, completeness=99.85		SAMN06368637	Morinaga Milk Industry	feces	Japan	2017-02-22T09:07:11.560	99.85	1.25	Contig	current	PRJNA374900	56	144902	2323459	gcfgca:GCA_004333165.1	canonical	Bifidobacterium longum																					submitter_match	Morinaga Milk Industry		Bifidobacterium longum subsp. longum	GCF_004333165.1	Tier2	GCF_004333165.1.fna	101.91153718657844	99.98	0.13		2323459	144902	1_209			2	99.1	99.1	near	low
GCF_004333175.1	Bifidobacterium longum subsp. longum	MCC10080	Tier2	Draft: contigs=59, N50=110566, completeness=99.57		SAMN06368636	Morinaga Milk Industry	feces	Japan	2017-02-22T09:07:11.506	99.57	0.19	Contig	current	PRJNA374900	59	110566	2528934	gcfgca:GCA_004333175.1	canonical	Bifidobacterium longum																					submitter_match	Morinaga Milk Industry		Bifidobacterium longum subsp. longum	GCF_004333175.1	Tier2	GCF_004333175.1.fna	102.16041080520048	99.98	0.07		2528934	110566	1_192			2	99.86	99.86	near	low
GCF_004333205.1	Bifidobacterium longum subsp. longum	MCC10078	Tier2	Draft: contigs=58, N50=71937, completeness=99.38		SAMN06368634	Morinaga Milk Industry	feces	Japan	2017-02-22T09:07:11.416	99.38	0.27	Contig	current	PRJNA374900	58	71937	2271979	gcfgca:GCA_004333205.1	canonical	Bifidobacterium longum																					submitter_match	Morinaga Milk Industry		Bifidobacterium longum subsp. longum	GCF_004333205.1	Tier2	GCF_004333205.1.fna	101.1884761612046	99.95	0.04		2271979	71937	1_188			1			near	low
GCF_004333265.1	Bifidobacterium longum subsp. longum	MCC10075	Tier2	Draft: contigs=53, N50=104023, completeness=99.23		SAMN06368631	Morinaga Milk Industry	feces	Japan	2017-02-22T09:07:11.280	99.23	0.38	Contig	current	PRJNA374900	53	104023	2384970	gcfgca:GCA_004333265.1	canonical	Bifidobacterium longum																					submitter_match	Morinaga Milk Industry		Bifidobacterium longum subsp. longum	GCF_004333265.1	Tier2	GCF_004333265.1.fna	93.37856468728744	99.96	1.62		2384970	104023	1_193			1			near	low
GCF_004333275.1	Bifidobacterium longum subsp. longum	MCC10073	Tier2	Draft: contigs=42, N50=120386, completeness=98.77		SAMN06368629	Morinaga Milk Industry	feces	Japan	2017-02-22T09:07:11.193	98.77	0.16	Contig	current	PRJNA374900	42	120386	2284295	gcfgca:GCA_004333275.1	canonical	Bifidobacterium longum																					submitter_match	Morinaga Milk Industry		Bifidobacterium longum subsp. longum	GCF_004333275.1	Tier2	GCF_004333275.1.fna	102.4658879774363	99.97	0.01		2284295	120386	1_124			2	99.56	99.56	near	low
GCF_004333305.1	Bifidobacterium longum subsp. longum	MCC10071	Tier2	Draft: contigs=49, N50=100179, completeness=99.17		SAMN06368627	Morinaga Milk Industry	feces	Japan	2017-02-22T09:07:11.110	99.17	0.16	Contig	current	PRJNA374900	49	100179	2287718	gcfgca:GCA_004333305.1	canonical	Bifidobacterium longum																					submitter_match	Morinaga Milk Industry		Bifidobacterium longum subsp. longum	GCF_004333305.1	Tier2	GCF_004333305.1.fna	102.38118836917408	99.98	0.02		2287718	100179	1_133			2	99.08	99.08	near	low
GCF_004333335.1	Bifidobacterium longum subsp. longum	MCC10069	Tier2	Draft: contigs=57, N50=107420, completeness=98.91		SAMN06368625	Morinaga Milk Industry	feces	Japan	2017-02-22T09:07:11.003	98.91	0.16	Contig	current	PRJNA374900	57	107420	2367175	gcfgca:GCA_004333335.1	canonical	Bifidobacterium longum																					submitter_match	Morinaga Milk Industry		Bifidobacterium longum subsp. longum	GCF_004333335.1	Tier2	GCF_004333335.1.fna	101.43554257401976	99.96	0.01		2367175	107420	1_148			1			near	low
GCF_004333445.1	Bifidobacterium longum subsp. longum	MCC10062	Tier2	Draft: contigs=59, N50=90902, completeness=98.96		SAMN06368620	Morinaga Milk Industry	feces	Japan	2017-02-22T09:07:10.760	98.96	0.34	Contig	current	PRJNA374900	59	90902	2325915	gcfgca:GCA_004333445.1	canonical	Bifidobacterium longum																					submitter_match	Morinaga Milk Industry		Bifidobacterium longum subsp. longum	GCF_004333445.1	Tier2	GCF_004333445.1.fna	101.3792867192755	99.94	0.01		2325915	90902	1_145			1			near	low
GCF_004333465.1	Bifidobacterium longum subsp. longum	MCC10060	Tier2	Draft: contigs=59, N50=89775, completeness=98.76		SAMN06368619	Morinaga Milk Industry	feces	Japan	2017-02-22T09:07:10.696	98.76	0.25	Contig	current	PRJNA374900	59	89775	2313106	gcfgca:GCA_004333465.1	canonical	Bifidobacterium longum																					submitter_match	Morinaga Milk Industry		Bifidobacterium longum subsp. longum	GCF_004333465.1	Tier2	GCF_004333465.1.fna	94.84657770689904	99.91	1.31		2313106	89775	1_121			1			near	low
GCF_004333475.1	Bifidobacterium longum subsp. longum	MCC10056	Tier2	Draft: contigs=79, N50=55659, completeness=99.24		SAMN06368615	Morinaga Milk Industry	feces	Japan	2017-02-22T09:07:10.516	99.24	0.37	Contig	current	PRJNA374900	79	55659	2299748	gcfgca:GCA_004333475.1	canonical	Bifidobacterium longum																					submitter_match	Morinaga Milk Industry		Bifidobacterium longum subsp. longum	GCF_004333475.1	Tier2	GCF_004333475.1.fna	101.13276769964811	99.95	0.04		2299748	55659	1_123			1			near	low
GCF_004333515.1	Bifidobacterium longum subsp. longum	MCC10053	Tier2	Draft: contigs=51, N50=104988, completeness=99.28		SAMN06368612	Morinaga Milk Industry	feces	Japan	2017-02-22T09:07:10.370	99.28	0.25	Contig	current	PRJNA374900	51	104988	2425822	gcfgca:GCA_004333515.1	canonical	Bifidobacterium longum																					submitter_match	Morinaga Milk Industry		Bifidobacterium longum subsp. longum	GCF_004333515.1	Tier2	GCF_004333515.1.fna	95.16056983128922	99.99	1.27		2425822	104988	1_171			1			near	low
GCF_004333535.1	Bifidobacterium longum subsp. longum	MCC10052	Tier2	Draft: contigs=65, N50=119614, completeness=99.15		SAMN06368611	Morinaga Milk Industry	feces	Japan	2017-02-22T09:07:10.223	99.15	0.25	Contig	current	PRJNA374900	65	119614	2428737	gcfgca:GCA_004333535.1	canonical	Bifidobacterium longum																					submitter_match	Morinaga Milk Industry		Bifidobacterium longum subsp. longum	GCF_004333535.1	Tier2	GCF_004333535.1.fna	100.57889100691196	99.98	0.19		2428737	119614	1_125			1			near	low
GCF_004333575.1	Bifidobacterium longum subsp. longum	MCC10046	Tier2	Draft: contigs=71, N50=85849, completeness=99.38		SAMN06368606	Morinaga Milk Industry	feces	Japan	2017-02-22T09:07:09.966	99.38	0.16	Contig	current	PRJNA374900	71	85849	2286406	gcfgca:GCA_004333575.1	canonical	Bifidobacterium longum																					submitter_match	Morinaga Milk Industry		Bifidobacterium longum subsp. longum	GCF_004333575.1	Tier2	GCF_004333575.1.fna	102.41446763933224	99.99	0.01		2286406	85849	1_87			2	99.76	99.76	near	low
GCF_004333625.1	Bifidobacterium longum subsp. longum	MCC10045	Tier2	Draft: contigs=61, N50=96174, completeness=99.38		SAMN06368605	Morinaga Milk Industry	feces	Japan	2017-02-22T09:07:09.923	99.38	0.25	Contig	current	PRJNA374900	61	96174	2437781	gcfgca:GCA_004333625.1	canonical	Bifidobacterium longum																					submitter_match	Morinaga Milk Industry		Bifidobacterium longum subsp. longum	GCF_004333625.1	Tier2	GCF_004333625.1.fna	95.7316288657738	99.99	1.35		2437781	96174	1_190			2	99.01	99.01	near	low
GCF_004333645.1	Bifidobacterium longum subsp. longum	MCC10044	Tier2	Draft: contigs=50, N50=146060, completeness=99.38		SAMN06368604	Morinaga Milk Industry	feces	Japan	2017-02-22T09:07:09.823	99.38	0.72	Contig	current	PRJNA374900	50	146060	2512809	gcfgca:GCA_004333645.1	canonical	Bifidobacterium longum																					submitter_match	Morinaga Milk Industry		Bifidobacterium longum subsp. longum	GCF_004333645.1	Tier2	GCF_004333645.1.fna	93.23226564815272	99.99	1.67		2512809	146060	1_194			1			near	low
GCF_004333675.1	Bifidobacterium longum subsp. longum	MCC10042	Tier2	Draft: contigs=53, N50=87304, completeness=99.38		SAMN06368602	Morinaga Milk Industry	feces	Japan	2017-02-22T09:07:09.686	99.38	0.16	Contig	current	PRJNA374900	53	87304	2320556	gcfgca:GCA_004333675.1	canonical	Bifidobacterium longum																					submitter_match	Morinaga Milk Industry		Bifidobacterium longum subsp. longum	GCF_004333675.1	Tier2	GCF_004333675.1.fna	102.30051708063426	99.98	0.03		2320556	87304	1_85			2	99.0	99.0	near	low
GCF_004333695.1	Bifidobacterium longum subsp. longum	MCC10041	Tier2	Draft: contigs=47, N50=100906, completeness=99.07		SAMN06368601	Morinaga Milk Industry	feces	Japan	2017-02-22T09:07:09.630	99.07	0.72	Contig	current	PRJNA374900	47	100906	2370638	gcfgca:GCA_004333695.1	canonical	Bifidobacterium longum																					submitter_match	Morinaga Milk Industry		Bifidobacterium longum subsp. longum	GCF_004333695.1	Tier2	GCF_004333695.1.fna	101.43195849535542	99.97	0.01		2370638	100906	1_160			1			near	low
GCF_004333715.1	Bifidobacterium longum subsp. longum	MCC10035	Tier2	Draft: contigs=52, N50=123287, completeness=99.34		SAMN06368596	Morinaga Milk Industry	feces	Japan	2017-02-22T09:07:09.370	99.34	0.16	Contig	current	PRJNA374900	52	123287	2457503	gcfgca:GCA_004333715.1	canonical	Bifidobacterium longum																					submitter_match	Morinaga Milk Industry		Bifidobacterium longum subsp. longum	GCF_004333715.1	Tier2	GCF_004333715.1.fna	95.29545864241013	99.99	1.25		2457503	123287	1_210			1			near	low
GCF_004333765.1	Bifidobacterium longum subsp. longum	MCC10034	Tier2	Draft: contigs=70, N50=76880, completeness=99.38		SAMN06368595	Morinaga Milk Industry	feces	Japan	2017-02-22T09:07:09.323	99.38	0.25	Contig	current	PRJNA374900	70	76880	2253632	gcfgca:GCA_004333765.1	canonical	Bifidobacterium longum																					submitter_match	Morinaga Milk Industry		Bifidobacterium longum subsp. longum	GCF_004333765.1	Tier2	GCF_004333765.1.fna	96.84290668733026	99.94	0.91		2253632	76880	1_173			1			near	low
GCF_004333775.1	Bifidobacterium longum subsp. longum	MCC10033	Tier2	Draft: contigs=63, N50=87837, completeness=99.85		SAMN06368594	Morinaga Milk Industry	feces	Japan	2017-02-22T09:07:09.273	99.85	0.29	Contig	current	PRJNA374900	63	87837	2392045	gcfgca:GCA_004333775.1	canonical	Bifidobacterium longum																					submitter_match	Morinaga Milk Industry		Bifidobacterium longum subsp. longum	GCF_004333775.1	Tier2	GCF_004333775.1.fna	96.29303877704544	99.97	1.23		2392045	87837	1_189			2	99.12	99.12	near	low
GCF_004333795.1	Bifidobacterium longum subsp. longum	MCC10029	Tier2	Draft: contigs=55, N50=121134, completeness=99.34		SAMN06368591	Morinaga Milk Industry	feces	Japan	2017-02-22T09:07:09.093	99.34	0.16	Contig	current	PRJNA374900	55	121134	2346104	gcfgca:GCA_004333795.1	canonical	Bifidobacterium longum																					submitter_match	Morinaga Milk Industry		Bifidobacterium longum subsp. longum	GCF_004333795.1	Tier2	GCF_004333795.1.fna	101.32163302920952	99.97	0.04		2346104	121134	1_198			1			near	low
GCF_004333845.1	Bifidobacterium longum subsp. longum	MCC10025	Tier2	Draft: contigs=56, N50=90355, completeness=98.96		SAMN06368588	Morinaga Milk Industry	feces	Japan	2017-02-22T09:07:08.930	98.96	0.35	Contig	current	PRJNA374900	56	90355	2408845	gcfgca:GCA_004333845.1	canonical	Bifidobacterium longum																					submitter_match	Morinaga Milk Industry		Bifidobacterium longum subsp. longum	GCF_004333845.1	Tier2	GCF_004333845.1.fna	94.4879760951188	99.95	1.39		2408845	90355	1_128			1			near	low
GCF_004333895.1	Bifidobacterium longum subsp. longum	MCC10022	Tier2	Draft: contigs=55, N50=85747, completeness=99.85		SAMN06368586	Morinaga Milk Industry	feces	Japan	2017-02-22T09:07:08.666	99.85	0.16	Contig	current	PRJNA374900	55	85747	2419042	gcfgca:GCA_004333895.1	canonical	Bifidobacterium longum																					submitter_match	Morinaga Milk Industry		Bifidobacterium longum subsp. longum	GCF_004333895.1	Tier2	GCF_004333895.1.fna	94.59660946723648	99.97	1.37		2419042	85747	1_195			1			near	low
GCF_004333905.1	Bifidobacterium longum subsp. longum	MCC10018	Tier2	Draft: contigs=32, N50=187586, completeness=99.23		SAMN06368583	Morinaga Milk Industry	feces	Japan	2017-02-22T09:07:08.366	99.23	0.16	Contig	current	PRJNA374900	32	187586	2330414	gcfgca:GCA_004333905.1	canonical	Bifidobacterium longum																					submitter_match	Morinaga Milk Industry		Bifidobacterium longum subsp. longum	GCF_004333905.1	Tier2	GCF_004333905.1.fna	100.27660021139886	99.93	0.26		2330414	187586	1_191			1			near	low
GCF_004333925.1	Bifidobacterium longum subsp. longum	MCC10015	Tier2	Draft: contigs=83, N50=55877, completeness=98.29		SAMN06368580	Morinaga Milk Industry	feces	Japan	2017-02-22T09:07:08.046	98.29	0.81	Contig	current	PRJNA374900	83	55877	2630290	gcfgca:GCA_004333925.1	canonical	Bifidobacterium longum																					submitter_match	Morinaga Milk Industry		Bifidobacterium longum subsp. longum	GCF_004333925.1	Tier2	GCF_004333925.1.fna	92.77361654053908	99.99	1.72		2630290	55877	1_162			1			near	low
GCF_004333935.1	Bifidobacterium longum subsp. longum	MCC10017	Tier2	Draft: contigs=60, N50=79360, completeness=98.82		SAMN06368582	Morinaga Milk Industry	feces	Japan	2017-02-22T09:07:08.300	98.82	0.16	Contig	current	PRJNA374900	60	79360	2448826	gcfgca:GCA_004333935.1	canonical	Bifidobacterium longum																					submitter_match	Morinaga Milk Industry		Bifidobacterium longum subsp. longum	GCF_004333935.1	Tier2	GCF_004333935.1.fna	101.416075852199	99.96	0.2		2448826	79360	1_120			5	99.66	99.57	near	low
GCF_004333975.1	Bifidobacterium longum subsp. longum	MCC10014	Tier2	Draft: contigs=59, N50=88026, completeness=99.38		SAMN06368579	Morinaga Milk Industry	feces	Japan	2017-02-22T09:07:07.950	99.38	0.16	Contig	current	PRJNA374900	59	88026	2466212	gcfgca:GCA_004333975.1	canonical	Bifidobacterium longum																					submitter_match	Morinaga Milk Industry		Bifidobacterium longum subsp. longum	GCF_004333975.1	Tier2	GCF_004333975.1.fna	94.84230548373856	99.91	1.31		2466212	88026	1_147			1			near	low
GCF_004333995.1	Bifidobacterium longum subsp. longum	MCC10012	Tier2	Draft: contigs=67, N50=80579, completeness=99.38		SAMN06368578	Morinaga Milk Industry	feces	Japan	2017-02-22T09:07:07.856	99.38	0.62	Contig	current	PRJNA374900	67	80579	2479873	gcfgca:GCA_004333995.1	canonical	Bifidobacterium longum																					submitter_match	Morinaga Milk Industry		Bifidobacterium longum subsp. longum	GCF_004333995.1	Tier2	GCF_004333995.1.fna	95.40311093670628	99.99	1.21		2479873	80579	1_151			1			near	low
GCF_004334045.1	Bifidobacterium longum subsp. longum	MCC10007	Tier2	Draft: contigs=59, N50=91121, completeness=99.85		SAMN06368573	Morinaga Milk Industry	feces	Japan	2017-02-22T09:07:07.533	99.85	0.45	Contig	current	PRJNA374900	59	91121	2484629	gcfgca:GCA_004334045.1	canonical	Bifidobacterium longum																					submitter_match	Morinaga Milk Industry		Bifidobacterium longum subsp. longum	GCF_004334045.1	Tier2	GCF_004334045.1.fna	94.45980923861332	99.97	1.4		2484629	91121	1_152			1			near	low
GCF_004334065.1	Bifidobacterium longum subsp. longum	MCC10004	Tier2	Draft: contigs=52, N50=120136, completeness=98.76		SAMN06368571	Morinaga Milk Industry	feces	Japan	2017-02-22T09:07:07.436	98.76	0.48	Contig	current	PRJNA374900	52	120136	2551732	gcfgca:GCA_004334065.1	canonical	Bifidobacterium longum																					submitter_match	Morinaga Milk Industry		Bifidobacterium longum subsp. longum	GCF_004334065.1	Tier2	GCF_004334065.1.fna	100.98983658387873	99.99	0.11		2551732	120136	1_142			1			near	low
GCF_004334075.1	Bifidobacterium longum subsp. longum	MCC10003	Tier2	Draft: contigs=69, N50=78633, completeness=98.84		SAMN06368570	Morinaga Milk Industry	feces	Japan	2017-02-22T09:07:07.383	98.84	0.34	Contig	current	PRJNA374900	69	78633	2526769	gcfgca:GCA_004334075.1	canonical	Bifidobacterium longum																					submitter_match	Morinaga Milk Industry		Bifidobacterium longum subsp. longum	GCF_004334075.1	Tier2	GCF_004334075.1.fna	93.42780242257555	99.97	1.6		2526769	78633	1_146			1			near	low
GCF_004334155.1	Bifidobacterium longum subsp. longum	MCC10077	Tier2	Draft: contigs=40, N50=161805, completeness=99.38		SAMN06368633	Morinaga Milk Industry	feces	Japan	2017-02-22T09:07:11.373	99.38	0.16	Contig	current	PRJNA374900	40	161805	2411622	gcfgca:GCA_004334155.1	canonical	Bifidobacterium longum																					submitter_match	Morinaga Milk Industry		Bifidobacterium longum subsp. longum	GCF_004334155.1	Tier2	GCF_004334155.1.fna	101.0044959688942	99.99	0.12		2411622	161805	1_203			1			near	low
GCF_004334215.1	Bifidobacterium longum subsp. longum	MCC10058	Tier2	Draft: contigs=65, N50=105374, completeness=98.34		SAMN06368617	Morinaga Milk Industry	feces	Japan	2017-02-22T09:07:10.610	98.34	0.37	Contig	current	PRJNA374900	65	105374	2329562	gcfgca:GCA_004334215.1	canonical	Bifidobacterium longum																					submitter_match	Morinaga Milk Industry		Bifidobacterium longum subsp. longum	GCF_004334215.1	Tier2	GCF_004334215.1.fna	95.99166676261356	99.98	1.3		2329562	105374	1_201			3	99.05	99.01	near	low
GCF_004334245.1	Bifidobacterium longum subsp. longum	MCC10054	Tier2	Draft: contigs=61, N50=113023, completeness=99.15		SAMN06368613	Morinaga Milk Industry	feces	Japan	2017-02-22T09:07:10.420	99.15	0.25	Contig	current	PRJNA374900	61	113023	2295637	gcfgca:GCA_004334245.1	canonical	Bifidobacterium longum																					submitter_match	Morinaga Milk Industry		Bifidobacterium longum subsp. longum	GCF_004334245.1	Tier2	GCF_004334245.1.fna	102.35718340524632	99.98	0.03		2295637	113023	1_185			2	99.06	99.06	near	low
GCF_004334255.1	Bifidobacterium longum subsp. longum	MCC10057	Tier2	Draft: contigs=73, N50=56021, completeness=98.75		SAMN06368616	Morinaga Milk Industry	feces	Japan	2017-02-22T09:07:10.560	98.75	0.43	Contig	current	PRJNA374900	73	56021	2188617	gcfgca:GCA_004334255.1	canonical	Bifidobacterium longum																					submitter_match	Morinaga Milk Industry		Bifidobacterium longum subsp. longum	GCF_004334255.1	Tier2	GCF_004334255.1.fna	99.61487543493912	99.34	0.42		2188617	56021	1_172			2	99.07	99.07	near	low
GCF_004334325.1	Bifidobacterium longum subsp. longum	MCC10047	Tier2	Draft: contigs=64, N50=85850, completeness=99.29		SAMN06368607	Morinaga Milk Industry	feces	Japan	2017-02-22T09:07:10.016	99.29	0.16	Contig	current	PRJNA374900	64	85850	2364509	gcfgca:GCA_004334325.1	canonical	Bifidobacterium longum																					submitter_match	Morinaga Milk Industry		Bifidobacterium longum subsp. longum	GCF_004334325.1	Tier2	GCF_004334325.1.fna	101.00687014974848	99.98	0.09		2364509	85850	1_83			1			near	low
GCF_004334335.1	Bifidobacterium longum subsp. longum	MCC10039	Tier2	Draft: contigs=34, N50=152226, completeness=99.15		SAMN06368599	Morinaga Milk Industry	feces	Japan	2017-02-22T09:07:09.526	99.15	0.29	Contig	current	PRJNA374900	34	152226	2389049	gcfgca:GCA_004334335.1	canonical	Bifidobacterium longum																					submitter_match	Morinaga Milk Industry		Bifidobacterium longum subsp. longum	GCF_004334335.1	Tier2	GCF_004334335.1.fna	101.62124441784728	99.97	0.19		2389049	152226	1_170			2	100.0	100.0	near	low
GCF_004334345.1	Bifidobacterium longum subsp. longum	MCC10040	Tier2	Draft: contigs=45, N50=119753, completeness=99.23		SAMN06368600	Morinaga Milk Industry	feces	Japan	2017-02-22T09:07:09.580	99.23	0.16	Contig	current	PRJNA374900	45	119753	2449960	gcfgca:GCA_004334345.1	canonical	Bifidobacterium longum																					submitter_match	Morinaga Milk Industry		Bifidobacterium longum subsp. longum	GCF_004334345.1	Tier2	GCF_004334345.1.fna	93.32914320098956	99.98	1.64		2449960	119753	1_213			1			near	low
GCF_004334445.1	Bifidobacterium longum subsp. longum	MCC10027	Tier2	Draft: contigs=59, N50=82254, completeness=99.38		SAMN06368589	Morinaga Milk Industry	feces	Japan	2017-02-22T09:07:08.986	99.38	0.25	Contig	current	PRJNA374900	59	82254	2505832	gcfgca:GCA_004334445.1	canonical	Bifidobacterium longum																					submitter_match	Morinaga Milk Industry		Bifidobacterium longum subsp. longum	GCF_004334445.1	Tier2	GCF_004334445.1.fna	100.28817850329744	99.98	0.43		2505832	82254	1_202			2	99.06	99.06	near	low
GCF_004334465.1	Bifidobacterium longum subsp. longum	MCC10016	Tier2	Draft: contigs=66, N50=68950, completeness=98.6		SAMN06368581	Morinaga Milk Industry	feces	Japan	2017-02-22T09:07:08.220	98.6	0.72	Contig	current	PRJNA374900	66	68950	2371177	gcfgca:GCA_004334465.1	canonical	Bifidobacterium longum																					submitter_match	Morinaga Milk Industry		Bifidobacterium longum subsp. longum	GCF_004334465.1	Tier2	GCF_004334465.1.fna	102.319867125147	99.95	0.01		2371177	68950	1_140			2	99.06	99.06	near	low
GCF_004334485.1	Bifidobacterium longum subsp. longum	MCC10011	Tier2	Draft: contigs=34, N50=181644, completeness=99.38		SAMN06368577	Morinaga Milk Industry	feces	Japan	2017-02-22T09:07:07.766	99.38	0.72	Contig	current	PRJNA374900	34	181644	2397460	gcfgca:GCA_004334485.1	canonical	Bifidobacterium longum																					submitter_match	Morinaga Milk Industry		Bifidobacterium longum subsp. longum	GCF_004334485.1	Tier2	GCF_004334485.1.fna	95.31961052848742	99.93	1.25		2397460	181644	1_141			1			near	low
GCF_004334515.1	Bifidobacterium longum subsp. longum	MCC10009	Tier2	Draft: contigs=60, N50=86371, completeness=98.86		SAMN06368575	Morinaga Milk Industry	feces	Japan	2017-02-22T09:07:07.630	98.86	0.4	Contig	current	PRJNA374900	60	86371	2523697	gcfgca:GCA_004334515.1	canonical	Bifidobacterium longum																					submitter_match	Morinaga Milk Industry		Bifidobacterium longum subsp. longum	GCF_004334515.1	Tier2	GCF_004334515.1.fna	102.1780839573416	99.9	0.04		2523697	86371	1_150			2	99.99	99.99	near	low
GCF_004334545.1	Bifidobacterium longum subsp. longum	MCC10002	Tier2	Draft: contigs=59, N50=117094, completeness=99.3		SAMN06368569	Morinaga Milk Industry	feces	Japan	2017-02-22T09:07:07.183	99.3	0.16	Contig	current	PRJNA374900	59	117094	2634509	gcfgca:GCA_004334545.1	canonical	Bifidobacterium longum																					submitter_match	Morinaga Milk Industry		Bifidobacterium longum subsp. longum	GCF_004334545.1	Tier2	GCF_004334545.1.fna	92.0242673210048	99.98	1.9		2634509	117094	1_139			1			near	low
GCF_004334555.1	Bifidobacterium longum subsp. longum	MCC10212	Tier2	Draft: contigs=28, N50=182659, completeness=99.38		SAMN06368681	Morinaga Milk Industry	feces	Japan	2017-02-22T09:07:13.703	99.38	0.16	Contig	current	PRJNA374900	28	182659	2365474	gcfgca:GCA_004334555.1	canonical	Bifidobacterium longum																					submitter_match	Morinaga Milk Industry		Bifidobacterium longum subsp. longum	GCF_004334555.1	Tier2	GCF_004334555.1.fna	102.17212052468632	99.99	0.09		2365474	182659	1_92			2	99.13	99.13	near	low
GCF_004334625.1	Bifidobacterium longum subsp. longum	MCC10130	Tier2	Draft: contigs=59, N50=104520, completeness=99.38		SAMN06368680	Morinaga Milk Industry	feces	Japan	2017-02-22T09:07:13.660	99.38	0.16	Contig	current	PRJNA374900	59	104520	2368573	gcfgca:GCA_004334625.1	canonical	Bifidobacterium longum																					submitter_match	Morinaga Milk Industry		Bifidobacterium longum subsp. longum	GCF_004334625.1	Tier2	GCF_004334625.1.fna	102.34949968393371	99.98	0.03		2368573	104520	1_164			2	99.99	99.99	near	low
GCF_004334635.1	Bifidobacterium longum subsp. longum	MCC10126	Tier2	Draft: contigs=68, N50=81309, completeness=98.59		SAMN06368676	Morinaga Milk Industry	feces	Japan	2017-02-22T09:07:13.483	98.59	0.95	Contig	current	PRJNA374900	68	81309	2553070	gcfgca:GCA_004334635.1	canonical	Bifidobacterium longum																					submitter_match	Morinaga Milk Industry		Bifidobacterium longum subsp. longum	GCF_004334635.1	Tier2	GCF_004334635.1.fna	93.99506930990655	99.98	1.49		2553070	81309	1_149			1			near	low
GCF_004334645.1	Bifidobacterium longum subsp. longum	MCC10124	Tier2	Draft: contigs=47, N50=129487, completeness=98.45		SAMN06368674	Morinaga Milk Industry	feces	Japan	2017-02-22T09:07:13.403	98.45	0.25	Contig	current	PRJNA374900	47	129487	2457023	gcfgca:GCA_004334645.1	canonical	Bifidobacterium longum																					submitter_match	Morinaga Milk Industry		Bifidobacterium longum subsp. longum	GCF_004334645.1	Tier2	GCF_004334645.1.fna	96.37551307439306	99.96	1.23		2457023	129487	1_159			3	99.96	99.92	near	low
GCF_004334705.1	Bifidobacterium longum subsp. longum	MCC10118	Tier2	Draft: contigs=36, N50=183950, completeness=99.3		SAMN06368668	Morinaga Milk Industry	feces	Japan	2017-02-22T09:07:13.133	99.3	0.16	Contig	current	PRJNA374900	36	183950	2349751	gcfgca:GCA_004334705.1	canonical	Bifidobacterium longum																					submitter_match	Morinaga Milk Industry		Bifidobacterium longum subsp. longum	GCF_004334705.1	Tier2	GCF_004334705.1.fna	102.2631499191625	99.98	0.07		2349751	183950	1_208			2	99.08	99.08	near	low
GCF_004334715.1	Bifidobacterium longum subsp. longum	MCC10120	Tier2	Draft: contigs=62, N50=122808, completeness=98.64		SAMN06368670	Morinaga Milk Industry	feces	Japan	2017-02-22T09:07:13.223	98.64	0.81	Contig	current	PRJNA374900	62	122808	2483766	gcfgca:GCA_004334715.1	canonical	Bifidobacterium longum																					submitter_match	Morinaga Milk Industry		Bifidobacterium longum subsp. longum	GCF_004334715.1	Tier2	GCF_004334715.1.fna	93.83461332934186	99.98	1.54		2483766	122808	1_153			1			near	low
GCF_004334745.1	Bifidobacterium longum subsp. longum	MCC10117	Tier2	Draft: contigs=35, N50=199249, completeness=99.3		SAMN06368667	Morinaga Milk Industry	feces	Japan	2017-02-22T09:07:13.093	99.3	0.51	Contig	current	PRJNA374900	35	199249	2301675	gcfgca:GCA_004334745.1	canonical	Bifidobacterium longum																					submitter_match	Morinaga Milk Industry		Bifidobacterium longum subsp. longum	GCF_004334745.1	Tier2	GCF_004334745.1.fna	96.1996980752083	99.64	1.02		2301675	199249	1_84			1			near	low
GCF_004334865.1	Bifidobacterium longum subsp. longum	MCC10119	Tier2	Draft: contigs=45, N50=110734, completeness=98.76		SAMN06368669	Morinaga Milk Industry	feces	Japan	2017-02-22T09:07:13.180	98.76	0.37	Contig	current	PRJNA374900	45	110734	2486893	gcfgca:GCA_004334865.1	canonical	Bifidobacterium longum																					submitter_match	Morinaga Milk Industry		Bifidobacterium longum subsp. longum	GCF_004334865.1	Tier2	GCF_004334865.1.fna	101.32214049402228	99.99	0.04		2486893	110734	1_143			1			near	low
GCF_004803425.1	Bifidobacterium longum subsp. infantis	UBBI-01	Tier2	Draft: contigs=91, N50=135994, completeness=99.17		SAMN11370925	Unique Biotech Limited	fermented food	India:Hyderabad	2019-04-09T07:55:05.340	99.17	1.87	Contig	current	PRJNA493554	91	135994	2731642	gcfgca:GCA_004803425.1	canonical	Bifidobacterium longum																					isolation_source_match;literature;submitter_match	fermented food;PMID 40647242;Unique Biotech Limited		Bifidobacterium longum subsp. infantis	GCF_004803425.1	Tier2	GCF_004803425.1.fna	98.56675987394844	99.94	0.59		2731642	135994	1_60			1			near	low
GCF_004936435.1	Bifidobacterium longum	51A	Tier1	Closed genome: contigs=1, N50=2365873, len=2365873		SAMN08457432	UFMG	fecal sample	Brazil	2018-02-02T10:46:05.490	99.38	0.39	Complete Genome	current	PRJNA432691	1	2365873	2365873	gcfgca:GCA_004936435.1	canonical	Bifidobacterium longum																					literature	PMID 26322542	8.0	Bifidobacterium longum unspecified	GCF_004936435.1	Tier1	GCF_004936435.1.fna	112.92779573707958	99.99	0.05		2365873	2365873	1_95			2	99.08	99.08	near	low
GCF_005406285.1	Bifidobacterium longum	ZJ1	Tier1	Closed genome: contigs=1, N50=2414672, len=2414672		SAMN11513273	University of Science and Technology of China	centenarian fecal sample	China: Hefei, Anhui	2019-04-25T23:12:03.483	98.91	0.25	Complete Genome	current	PRJNA539831	1	2414672	2414672	gcfgca:GCA_005406285.1	canonical	Bifidobacterium longum																					literature	PMID 37628988	2.0	Bifidobacterium longum unspecified	GCF_005406285.1	Tier1	GCF_005406285.1.fna	112.76267908142373	99.97	0.08		2414672	2414672	1_180			3	99.13	99.12	near	low
GCF_009371885.1	Bifidobacterium tibiigranuli	TMW 2.2057	Tier2	Draft: contigs=32, N50=223813, completeness=95.99		SAMN08970487	Technische Universitaet Muenchen	Water Kefir	Germany	2018-04-23T09:00:08.540	95.99	2.71	Contig	current	PRJNA401313	32	223813	2753210	gcfgca:GCA_009371885.1	canonical	Bifidobacterium tibiigranuli		type strain of Bifidobacterium tibiigranuli																			isolation_source_match	Water Kefir		Bifidobacterium tibiigranuli	GCF_009371885.1	Tier2	GCF_009371885.1.fna	92.78494265428718	95.25	1.03		2753210	223813	11_1			2	100.0	100.0	near	low
GCF_009684555.1	Bifidobacterium catenulatum subsp. kashiwanohense	APCKJ1	Tier1	Closed genome: contigs=1, N50=2445409, len=2445409		SAMN08498918	University College Cork	infant faeces	Ireland	2018-02-08T12:13:09.053	98.09		Complete Genome	current	PRJNA433514	1	2445409	2445409	gcfgca:GCA_009684555.1	canonical	Bifidobacterium catenulatum																					literature	PMID 31659215	1.0	Bifidobacterium catenulatum subsp. kashiwanohense	GCF_009684555.1	Tier1	GCF_009684555.1.fna	110.47417575311798	99.97	0.34		2445409	2445409	2_61			1			near	low
GCF_009832825.1	Bifidobacterium adolescentis	ZJ2	Tier1	Closed genome: contigs=1, N50=2401766, len=2401766		SAMN12769615	University of Science and Technology of China		China	2019-09-16T21:38:03.813	95.43	3.73	Complete Genome	current	PRJNA565810	1	2401766	2401766	gcfgca:GCA_009832825.1	canonical	Bifidobacterium adolescentis																					literature	PMID 32675191	1.0	Bifidobacterium adolescentis	GCF_009832825.1	Tier1	GCF_009832825.1.fna	109.3002653462755	100.0	0.58		2401766	2401766	5_4			1			perfect	low
GCF_010667645.1	Bifidobacterium platyrrhinorum	SMA15	Tier2	Draft: contigs=36, N50=159959, completeness=98.65		SAMN13066448	University of Bologna	feces	Italy:Verona	2019-10-21T04:23:04.296	98.65	0.41	Scaffold	current	PRJNA578600	36	159959	2615073	gcfgca:GCA_010667645.1	canonical	Bifidobacterium platyrrhinorum		type strain of Bifidobacterium platyrrhinorum																			literature	PMID 32847786	1.0	Bifidobacterium platyrrhinorum	GCF_010667645.1	Tier2	GCF_010667645.1.fna	98.10130385685169	99.9	0.7		2615073	241328	19_0			1			near	low
GCF_011764605.1	Bifidobacterium longum	Jih1	Tier1	Closed genome: contigs=1, N50=2371107, len=2371107		SAMN14390487	Keio University	human feces	Japan: Tsuruoka, Yamagata	2020-03-17T11:12:04.100	99.38	0.25	Complete Genome	current	PRJNA613014	1	2371107	2371107	gcfgca:GCA_011764605.1	canonical	Bifidobacterium longum																					literature	PMID 32467270	1.0	Bifidobacterium longum unspecified	GCF_011764605.1	Tier1	GCF_011764605.1.fna	111.58747557632717	99.99	0.12		2371107	2371107	1_126			1			near	low
GCF_011770105.1	Bifidobacterium animalis	Probio-M8	Tier1	Closed genome: contigs=1, N50=1937197, len=1937197		SAMN13663592	Inner Mongolia Agricultural University		missing	2019-12-20T22:56:03.927	98.97	0.27	Complete Genome	current	PRJNA597109	1	1937197	1937197	gcfgca:GCA_011770105.1	canonical	Bifidobacterium animalis																					literature	PMID 35086715	26.0	Bifidobacterium animalis unspecified	GCF_011770105.1	Tier1	GCF_011770105.1.fna	112.25343520812255	99.85	0.15		1937197	1937197	3_1			90	100.0	99.45	near	low
GCF_013267755.1	Bifidobacterium breve	JTL	Tier1	Closed genome: contigs=1, N50=2289549, len=2289549		SAMN15028705	KHEPRIOME	infant feces	South Korea	2020-05-26T23:18:03.223	99.61	0.3	Complete Genome	current	PRJNA635210	1	2289549	2289549	gcfgca:GCA_013267755.1	canonical	Bifidobacterium breve																					submitter_match	KHEPRIOME		Bifidobacterium breve	GCF_013267755.1	Tier1	GCF_013267755.1.fna	112.8671749802116	99.98	0.06		2289549	2289549	1_22			4	100.0	99.19	near	low
GCF_014334075.1	Bifidobacterium longum	BIM B-813D	Tier1	Closed genome: contigs=1, N50=2305513, len=2305513	BIM<BLR>: B-813D	SAMN15862323	Institute of Microbiology, Belarus National Academy of Sciences	missing	missing	2020-08-20T04:22:04.446	98.68	0.16	Complete Genome	current	PRJNA658229	1	2305513	2305513	gcfgca:GCA_014334075.1	canonical	Bifidobacterium longum																					literature	PMID 42214519;PMID 42214519	1.0	Bifidobacterium longum unspecified	GCF_014334075.1	Tier1	GCF_014334075.1.fna	112.89328377873572	99.96	0.05		2305513	2305513	1_108			11	99.97	99.02	near	low
GCF_014334375.1	Bifidobacterium longum	LC67	Tier1	Closed genome: contigs=1, N50=2360935, len=2360935		SAMN15719936	Kyung Hee University		South Korea: Seoul	2020-08-04T06:18:05.450	99.85	0.16	Complete Genome	current	PRJNA650278	1	2360935	2360935	gcfgca:GCA_014334375.1	canonical	Bifidobacterium longum																					literature	PMID 37485519	1.0	Bifidobacterium longum unspecified	GCF_014334375.1	Tier1	GCF_014334375.1.fna	111.90654201523994	99.96	0.05		2360935	2360935	1_169			1			near	low
GCF_014524935.1	Bifidobacterium adolescentis	HD17T2H	Tier2	Draft: contigs=12, N50=441467, completeness=97.08		SAMN14738162	University of Parma	feces	Spain	2020-04-27T12:00:11.227	97.08	2.08	Contig	current	PRJNA628660	12	441467	2163875	gcfgca:GCA_014524935.1	canonical	Bifidobacterium adolescentis																					literature	PMID 40647242	1.0	Bifidobacterium adolescentis	GCF_014524935.1	Tier2	GCF_014524935.1.fna	100.63244912263907	100.0	0.24		2163875	441467	5_7			1			perfect	low
GCF_014898215.1	Bifidobacterium longum subsp. longum	JCM 7050	Tier1	Closed genome: contigs=1, N50=2389025, len=2389025	JCM:7050	SAMN16365389	Korea University	feces	Japan	2020-10-05T03:06:04.610	98.76	0.58	Complete Genome	current	PRJNA666154	1	2389025	2389025	gcfgca:GCA_014898215.1	canonical	Bifidobacterium longum																					literature	PMID 35319259;PMID 35319259	1.0	Bifidobacterium longum subsp. longum	GCF_014898215.1	Tier1	GCF_014898215.1.fna	107.26931033034845	99.98	1.18		2389025	2389025	1_155			2	99.02	99.02	near	low
GCF_015101725.1	Bifidobacterium longum subsp. longum	JCM 11340	Tier1	Closed genome: contigs=1, N50=2467500, len=2467500	JCM:11340	SAMN16378287	Korea University	infant feces	Japan	2020-10-06T04:28:15.980	98.91	0.7	Complete Genome	current	PRJNA667574	1	2467500	2467500	gcfgca:GCA_015101725.1	canonical	Bifidobacterium longum																					literature	PMID 29734011;PMID 29734011	1.0	Bifidobacterium longum subsp. longum	GCF_015101725.1	Tier1	GCF_015101725.1.fna	106.58612858067085	99.98	1.12		2467500	2467500	1_176			1			near	low
GCF_015102215.1	Bifidobacterium longum subsp. infantis	JCM 11347	Tier1	Closed genome: contigs=1, N50=2821460, len=2821460	JCM:11347	SAMN16365393	Korea University	Infant feces	Japan	2020-10-05T03:15:05.796	98.44	1.96	Complete Genome	current	PRJNA666146	1	2821460	2821460	gcfgca:GCA_015102215.1	canonical	Bifidobacterium longum																					literature	PMID 28667113;PMID 28667113	1.0	Bifidobacterium longum subsp. infantis	GCF_015102215.1	Tier1	GCF_015102215.1.fna	102.99523694881596	99.96	1.84		2821460	2821460	1_48			1			near	low
GCF_016069975.1	Bifidobacterium adolescentis	VKPM Ac-1245	Tier2	Draft: contigs=12, N50=1127661, completeness=97.38	VKPM:Ac-1245	SAMN15880059	Kurchatov Center for Genome Research	feces	Russia: Moscow	2020-08-22T08:14:17.943	97.38	3.45	Contig	current	PRJNA656137	12	1127661	2218534	gcfgca:GCA_016069975.1	canonical	Bifidobacterium adolescentis																					literature	PMID 33490330;PMID 33490330	1.0	Bifidobacterium adolescentis	GCF_016069975.1	Tier2	GCF_016069975.1.fna	98.07608928033925	99.99	0.79		2218534	1127661	5_14			1			near	low
GCF_016069985.1	Bifidobacterium bifidum	VKPM Ac-1579	Tier2	Draft: contigs=41, N50=348994, completeness=95.29	VKPM:Ac-1579	SAMN15880060	Kurchatov Center for Genome Research	feces	Russia: Moscow	2020-08-22T08:14:17.970	95.29	2.07	Contig	current	PRJNA656137	41	348994	2231702	gcfgca:GCA_016069985.1	canonical	Bifidobacterium bifidum																					literature	PMID 33490330;PMID 33490330	1.0	Bifidobacterium bifidum	GCF_016069985.1	Tier2	GCF_016069985.1.fna	101.8921089867421	99.97	0.17		2231702	348994	4_1			2	99.07	99.07	near	low
GCF_016070035.1	Bifidobacterium bifidum	VKPM Ac-1784	Tier2	Draft: contigs=15, N50=517354, completeness=96.03	VKPM:Ac-1784	SAMN15880062	Kurchatov Center for Genome Research	feces	Russia: Moscow	2020-08-22T08:14:18.010	96.03	0.42	Contig	current	PRJNA656137	15	517354	2267064	gcfgca:GCA_016070035.1	canonical	Bifidobacterium bifidum																					literature	PMID 33490330;PMID 33490330	1.0	Bifidobacterium bifidum	GCF_016070035.1	Tier2	GCF_016070035.1.fna	102.27382722678256	99.96	0.11		2267064	517354	4_3			4	99.99	99.1	near	low
GCF_016648895.1	Bifidobacterium longum subsp. longum	39B	Tier2	Draft: contigs=25, N50=191322, completeness=99.38		SAMN16287680	University of Parma		Italy	2020-09-29T05:42:06.200	99.38	0.25	Contig	current	PRJNA666301	25	191322	2287000	gcfgca:GCA_016648895.1	canonical	Bifidobacterium longum																					literature	PMID 33483308	2.0	Bifidobacterium longum subsp. longum	GCF_016648895.1	Tier2	GCF_016648895.1.fna	102.4506491436302	99.95	0.03		2287000	191322	1_105			4	99.98	99.97	near	low
GCF_016838685.1	Bifidobacterium longum	HN001	Tier1	Closed genome: contigs=1, N50=2433093, len=2433093		SAMN17735675	Korea Research Institute of Bioscience and Biotechnology	human feces	South Korea: Jeongup	2021-02-02T02:54:13.320	99.15	0.16	Complete Genome	current	PRJNA698753	1	2433093	2433093	gcfgca:GCA_016838685.1	canonical	Bifidobacterium longum																					literature	PMID 32582075	2.0	Bifidobacterium longum unspecified	GCF_016838685.1	Tier1	GCF_016838685.1.fna	112.0730793546329	99.97	0.02		2433093	2433093	1_115			1			near	low
GCF_017299595.1	Bifidobacterium longum subsp. infantis	JCM 7009	Tier1	Closed genome: contigs=1, N50=2673222, len=2673222		SAMN18034992	Korea University	Infant feces	Japan	2021-02-23T02:02:11.210	98.64	2.05	Complete Genome	current	PRJNA688845	1	2673222	2673222	gcfgca:GCA_017299595.1	canonical	Bifidobacterium longum																					literature	PMID 23200660	1.0	Bifidobacterium longum subsp. infantis	GCF_017299595.1	Tier1	GCF_017299595.1.fna	107.15341749671092	99.98	1.21		2673222	2673222	1_46			2	99.99	99.99	near	low
GCF_017312525.1	Bifidobacterium longum subsp. longum	MCC00198	Tier2	Draft: contigs=33, N50=196098, completeness=99.53		SAMD00248947	MORINAGA MILK INDUSTRY CO.,LTD.		Japan:Kanagawa	2021-02-26T01:00:36.976	99.53	0.16	Scaffold	current	PRJDB10586	33	196098	2376223	gcfgca:GCA_017312525.1	canonical	Bifidobacterium longum																					submitter_match	MORINAGA MILK INDUSTRY CO.,LTD.		Bifidobacterium longum subsp. longum	GCF_017312525.1	Tier2	GCF_017312525.1.fna	94.84623658216437	99.99	1.36		2376223	196098	1_167			1			near	low
GCF_017312545.1	Bifidobacterium longum subsp. longum	MCC00215	Tier2	Draft: contigs=46, N50=191908, completeness=98.68		SAMD00248948	MORINAGA MILK INDUSTRY CO.,LTD.		Japan:Kanagawa	2021-02-26T01:00:36.993	98.68	0.25	Contig	current	PRJDB10586	46	191908	2273332	gcfgca:GCA_017312545.1	canonical	Bifidobacterium longum																					submitter_match	MORINAGA MILK INDUSTRY CO.,LTD.		Bifidobacterium longum subsp. longum	GCF_017312545.1	Tier2	GCF_017312545.1.fna	102.36164656582628	99.92	0.04		2273332	191908	1_156			2	99.01	99.01	near	low
GCF_017312605.1	Bifidobacterium longum subsp. longum	MCC00300	Tier2	Draft: contigs=36, N50=196638, completeness=99.48		SAMD00248951	MORINAGA MILK INDUSTRY CO.,LTD.		Japan:Kanagawa	2021-02-26T01:00:37.040	99.48	0.16	Contig	current	PRJDB10586	36	196638	2386319	gcfgca:GCA_017312605.1	canonical	Bifidobacterium longum																					submitter_match	MORINAGA MILK INDUSTRY CO.,LTD.		Bifidobacterium longum subsp. longum	GCF_017312605.1	Tier2	GCF_017312605.1.fna	102.3775837091631	99.98	0.05		2386319	196638	1_211			3	99.13	99.02	near	low
GCF_017312625.1	Bifidobacterium longum subsp. longum	MCC00316	Tier2	Draft: contigs=42, N50=199840, completeness=99.38		SAMD00248952	MORINAGA MILK INDUSTRY CO.,LTD.		Japan:Kanagawa	2021-02-26T01:00:37.053	99.38	0.25	Contig	current	PRJDB10586	42	199840	2382226	gcfgca:GCA_017312625.1	canonical	Bifidobacterium longum																					submitter_match	MORINAGA MILK INDUSTRY CO.,LTD.		Bifidobacterium longum subsp. longum	GCF_017312625.1	Tier2	GCF_017312625.1.fna	102.41124119058324	99.96	0.04		2382226	199840	1_118			2	99.09	99.09	near	low
GCF_017743155.1	Bifidobacterium longum	K5	Tier1	Closed genome: contigs=1, N50=2427458, len=2427458		SAMN18520740	Northeast Agricultural University	Feces of healthy 3-month-old male infants	China:Harbin	2021-03-28T05:21:03.946	99.85	0.48	Complete Genome	current	PRJNA718007	1	2427458	2427458	gcfgca:GCA_017743155.1	canonical	Bifidobacterium longum																					literature	PMID 34795651	3.0	Bifidobacterium longum unspecified	GCF_017743155.1	Tier1	GCF_017743155.1.fna	112.84247584563614	99.99	0.07		2427458	2427458	1_158			2	99.99	99.99	near	low
GCF_017743195.1	Bifidobacterium dentium	N8	Tier1	Closed genome: contigs=1, N50=2535489, len=2535489		SAMN18520778	Northeast Agricultural University	Feces of healthy 12 day male infants	China:Harbin	2021-03-28T05:42:05.726	88.6	1.44	Complete Genome	current	PRJNA718011	1	2535489	2535489	gcfgca:GCA_017743195.1	canonical	Bifidobacterium dentium																					literature	PMID 34269367	1.0	Bifidobacterium dentium	GCF_017743195.1	Tier1	GCF_017743195.1.fna	110.54203086536944	99.88	0.31		2535489	2535489	6_3			1			near	low
GCF_017815835.1	Bifidobacterium adolescentis	PRL2019	Tier1	Closed genome: contigs=1, N50=2212477, len=2212477		SAMN14752293	University of Parma		Italy	2020-04-28T05:43:09.266	96.51	0.62	Complete Genome	current	PRJNA628852	1	2212477	2212477	gcfgca:GCA_017815835.1	canonical	Bifidobacterium adolescentis																					literature	PMID 40647242	2.0	Bifidobacterium adolescentis	GCF_017815835.1	Tier1	GCF_017815835.1.fna	112.48233936572942	100.0	0.14		2212477	2212477	5_18			2	99.99	99.99	perfect	low
GCF_017894325.1	Bifidobacterium bifidum	CNCM I-4319	Tier1	Closed genome: contigs=1, N50=2193720, len=2193720		SAMN15324980	University College Cork		France	2020-06-19T07:23:10.260	96.81	0.95	Complete Genome	current	PRJNA640518	1	2193720	2193720	gcfgca:GCA_017894325.1	canonical	Bifidobacterium bifidum																					literature	PMID 32872165	1.0	Bifidobacterium bifidum	GCF_017894325.1	Tier1	GCF_017894325.1.fna	112.26194062228832	99.94	0.17		2193720	2193720	4_6			3	99.22	99.05	near	low
GCF_020525765.1	Bifidobacterium pseudocatenulatum	YIT12988	Tier2	Draft: contigs=16, N50=1684086, completeness=98.94		SAMN20132735	Yakult Central Institute		Japan	2021-07-09T05:10:05.526	98.94	0.16	Contig	current	PRJNA745059	16	1684086	2132055	gcfgca:GCA_020525765.1	canonical	Bifidobacterium pseudocatenulatum																					submitter_match	Yakult Central Institute		Bifidobacterium pseudocatenulatum	GCF_020525765.1	Tier2	GCF_020525765.1.fna	101.30388213925085	99.99	0.36		2132055	1684086	2_12			2	99.07	99.07	near	low
GCF_020526125.1	Bifidobacterium pseudocatenulatum	YIT12986	Tier2	Draft: contigs=22, N50=584916, completeness=98.33		SAMN20132733	Yakult Central Institute		Japan	2021-07-09T05:10:05.500	98.33	0.16	Contig	current	PRJNA745059	22	584916	2340805	gcfgca:GCA_020526125.1	canonical	Bifidobacterium pseudocatenulatum																					submitter_match	Yakult Central Institute		Bifidobacterium pseudocatenulatum	GCF_020526125.1	Tier2	GCF_020526125.1.fna	99.23354675068563	99.99	0.53		2340805	584916	2_6			1			near	low
GCF_020526145.1	Bifidobacterium pseudocatenulatum	YIT12989	Tier2	Draft: contigs=16, N50=408789, completeness=98.74		SAMN20132736	Yakult Central Institute		Japan	2021-07-09T05:10:05.540	98.74	0.16	Contig	current	PRJNA745059	16	408789	2174115	gcfgca:GCA_020526145.1	canonical	Bifidobacterium pseudocatenulatum																					submitter_match	Yakult Central Institute		Bifidobacterium pseudocatenulatum	GCF_020526145.1	Tier2	GCF_020526145.1.fna	99.15574960048166	99.99	0.53		2174115	408789	2_14			1			near	low
GCF_020526185.1	Bifidobacterium pseudocatenulatum	YIT12985	Tier2	Draft: contigs=32, N50=208819, completeness=98.45		SAMN20132732	Yakult Central Institute		Japan	2021-07-09T05:10:05.486	98.45	0.16	Contig	current	PRJNA745059	32	208819	2492264	gcfgca:GCA_020526185.1	canonical	Bifidobacterium pseudocatenulatum																					submitter_match	Yakult Central Institute		Bifidobacterium pseudocatenulatum	GCF_020526185.1	Tier2	GCF_020526185.1.fna	98.10988500583308	99.99	0.71		2492264	208819	2_13			1			near	low
GCF_020526225.1	Bifidobacterium pseudocatenulatum	YIT12822	Tier2	Draft: contigs=36, N50=177503, completeness=97.86		SAMN20132729	Yakult Central Institute		Japan	2021-07-09T05:10:05.443	97.86	0.65	Contig	current	PRJNA745059	36	177503	2414591	gcfgca:GCA_020526225.1	canonical	Bifidobacterium pseudocatenulatum																					submitter_match	Yakult Central Institute		Bifidobacterium pseudocatenulatum	GCF_020526225.1	Tier2	GCF_020526225.1.fna	99.1043028585816	99.97	0.7		2414591	177503	2_1			2	99.97	99.97	near	low
GCF_020526245.1	Bifidobacterium pseudocatenulatum	YIT12819	Tier2	Draft: contigs=4, N50=1621566, completeness=98.74		SAMN20132727	Yakult Central Institute		Japan	2021-07-09T05:10:05.410	98.74	0.16	Contig	current	PRJNA745059	4	1621566	2202109	gcfgca:GCA_020526245.1	canonical	Bifidobacterium pseudocatenulatum																					submitter_match	Yakult Central Institute		Bifidobacterium pseudocatenulatum	GCF_020526245.1	Tier2	GCF_020526245.1.fna	101.0548672982863	99.99	0.41		2202109	1621566	2_9			2	99.99	99.99	near	low
GCF_020526265.1	Bifidobacterium pseudocatenulatum	YIT12821	Tier2	Draft: contigs=18, N50=381108, completeness=98.74		SAMN20132728	Yakult Central Institute		Japan	2021-07-09T05:10:05.430	98.74	0.65	Contig	current	PRJNA745059	18	381108	2429229	gcfgca:GCA_020526265.1	canonical	Bifidobacterium pseudocatenulatum																					submitter_match	Yakult Central Institute		Bifidobacterium pseudocatenulatum	GCF_020526265.1	Tier2	GCF_020526265.1.fna	98.89032405908073	99.99	0.78		2429229	381108	2_24			2	99.98	99.98	near	low
GCF_020526285.1	Bifidobacterium pseudocatenulatum	YIT12818	Tier2	Draft: contigs=14, N50=1210365, completeness=98.74		SAMN20132726	Yakult Central Institute		Japan	2021-07-09T05:10:05.396	98.74	0.65	Contig	current	PRJNA745059	14	1210365	2285966	gcfgca:GCA_020526285.1	canonical	Bifidobacterium pseudocatenulatum																					submitter_match	Yakult Central Institute		Bifidobacterium pseudocatenulatum	GCF_020526285.1	Tier2	GCF_020526285.1.fna	100.59125820479072	99.99	0.49		2285966	1210365	2_31			2	99.98	99.98	near	low
GCF_020526295.1	Bifidobacterium pseudocatenulatum	YIT12749	Tier2	Draft: contigs=14, N50=374287, completeness=98.25		SAMN20132724	Yakult Central Institute		Japan	2021-07-09T05:10:05.370	98.25	0.16	Contig	current	PRJNA745059	14	374287	2165410	gcfgca:GCA_020526295.1	canonical	Bifidobacterium pseudocatenulatum																					submitter_match	Yakult Central Institute		Bifidobacterium pseudocatenulatum	GCF_020526295.1	Tier2	GCF_020526295.1.fna	99.83640239799388	99.99	0.59		2165410	374287	2_30			2	99.98	99.98	near	low
GCF_020526325.1	Bifidobacterium pseudocatenulatum	YIT12817	Tier2	Draft: contigs=15, N50=354297, completeness=98.74		SAMN20132725	Yakult Central Institute		Japan	2021-07-09T05:10:05.380	98.74	0.16	Contig	current	PRJNA745059	15	354297	2303544	gcfgca:GCA_020526325.1	canonical	Bifidobacterium pseudocatenulatum																					submitter_match	Yakult Central Institute		Bifidobacterium pseudocatenulatum	GCF_020526325.1	Tier2	GCF_020526325.1.fna	98.82468373748614	99.99	0.59		2303544	354297	2_36			1			near	low
GCF_020526365.1	Bifidobacterium pseudocatenulatum	YIT12232	Tier2	Draft: contigs=13, N50=655756, completeness=98.58		SAMN20132722	Yakult Central Institute		Japan	2021-07-09T05:10:05.340	98.58	0.65	Contig	current	PRJNA745059	13	655756	2240829	gcfgca:GCA_020526365.1	canonical	Bifidobacterium pseudocatenulatum																					submitter_match	Yakult Central Institute		Bifidobacterium pseudocatenulatum	GCF_020526365.1	Tier2	GCF_020526365.1.fna	100.99857111960206	99.99	0.38		2240829	655756	2_10			2	99.02	99.02	near	low
GCF_020526385.1	Bifidobacterium pseudocatenulatum	YIT12228	Tier2	Draft: contigs=23, N50=327115, completeness=98.74		SAMN20132721	Yakult Central Institute		Japan	2021-07-09T05:10:05.330	98.74	0.65	Contig	current	PRJNA745059	23	327115	2360838	gcfgca:GCA_020526385.1	canonical	Bifidobacterium pseudocatenulatum																					submitter_match	Yakult Central Institute		Bifidobacterium pseudocatenulatum	GCF_020526385.1	Tier2	GCF_020526385.1.fna	99.96755021279154	99.96	0.55		2360838	327115	2_8			2	99.02	99.02	near	low
GCF_020526425.1	Bifidobacterium pseudocatenulatum	YIT12203	Tier2	Draft: contigs=15, N50=675087, completeness=98.69		SAMN20132719	Yakult Central Institute		Japan	2021-07-09T05:10:05.300	98.69	0.16	Contig	current	PRJNA745059	15	675087	2285559	gcfgca:GCA_020526425.1	canonical	Bifidobacterium pseudocatenulatum																					submitter_match	Yakult Central Institute		Bifidobacterium pseudocatenulatum	GCF_020526425.1	Tier2	GCF_020526425.1.fna	99.92467987247862	100.0	0.4		2285559	675087	2_35			1			perfect	low
GCF_020526445.1	Bifidobacterium pseudocatenulatum	YIT12189	Tier2	Draft: contigs=13, N50=387320, completeness=98.74		SAMN20132718	Yakult Central Institute		Japan	2021-07-09T05:10:05.286	98.74	0.65	Contig	current	PRJNA745059	13	387320	2175675	gcfgca:GCA_020526445.1	canonical	Bifidobacterium pseudocatenulatum																					submitter_match	Yakult Central Institute		Bifidobacterium pseudocatenulatum	GCF_020526445.1	Tier2	GCF_020526445.1.fna	99.2940349615906	99.99	0.5		2175675	387320	2_37			1			near	low
GCF_020526485.1	Bifidobacterium pseudocatenulatum	YIT12186	Tier2	Draft: contigs=15, N50=378233, completeness=98.77		SAMN20132716	Yakult Central Institute		Japan	2021-07-09T05:10:05.260	98.77	0.16	Contig	current	PRJNA745059	15	378233	2169714	gcfgca:GCA_020526485.1	canonical	Bifidobacterium pseudocatenulatum																					submitter_match	Yakult Central Institute		Bifidobacterium pseudocatenulatum	GCF_020526485.1	Tier2	GCF_020526485.1.fna	100.99887970870174	100.0	0.36		2169714	378233	2_11			3	100.0	100.0	perfect	low
GCF_020526545.1	Bifidobacterium pseudocatenulatum	YIT12054	Tier2	Draft: contigs=14, N50=687068, completeness=98.25		SAMN20132713	Yakult Central Institute		Japan	2021-07-09T05:10:05.223	98.25	0.16	Contig	current	PRJNA745059	14	687068	2283183	gcfgca:GCA_020526545.1	canonical	Bifidobacterium pseudocatenulatum																					submitter_match	Yakult Central Institute		Bifidobacterium pseudocatenulatum	GCF_020526545.1	Tier2	GCF_020526545.1.fna	100.92129985826364	100.0	0.4		2283183	687068	2_32			2	99.28	99.28	perfect	low
GCF_020526555.1	Bifidobacterium pseudocatenulatum	YIT12145	Tier2	Draft: contigs=23, N50=263595, completeness=98.58		SAMN20132714	Yakult Central Institute		Japan	2021-07-09T05:10:05.233	98.58	1.14	Contig	current	PRJNA745059	23	263595	2358745	gcfgca:GCA_020526555.1	canonical	Bifidobacterium pseudocatenulatum																					submitter_match	Yakult Central Institute		Bifidobacterium pseudocatenulatum	GCF_020526555.1	Tier2	GCF_020526555.1.fna	100.06046858404406	99.99	0.33		2358745	263595	2_5			1			near	low
GCF_020526585.1	Bifidobacterium pseudocatenulatum	YIT11955	Tier2	Draft: contigs=20, N50=343082, completeness=98.74		SAMN20132711	Yakult Central Institute		Japan	2021-07-09T05:10:05.196	98.74	0.16	Contig	current	PRJNA745059	20	343082	2247926	gcfgca:GCA_020526585.1	canonical	Bifidobacterium pseudocatenulatum																					submitter_match	Yakult Central Institute		Bifidobacterium pseudocatenulatum	GCF_020526585.1	Tier2	GCF_020526585.1.fna	100.41849898964747	100.0	0.47		2247926	343082	2_34			2	99.08	99.08	perfect	low
GCF_020541825.1	Bifidobacterium pseudocatenulatum	YIT12820	Tier1	Closed genome: contigs=1, N50=2303552, len=2303552		SAMN20132667	Yakult Central Institute		Japan	2021-07-09T04:57:11.970	98.74	0.16	Complete Genome	current	PRJNA745059	1	2303552	2303552	gcfgca:GCA_020541825.1	canonical	Bifidobacterium pseudocatenulatum																					submitter_match	Yakult Central Institute		Bifidobacterium pseudocatenulatum	GCF_020541825.1	Tier1	GCF_020541825.1.fna	110.43109899360148	99.99	0.55		2303552	2303552	2_2			2	99.99	99.99	near	low
GCF_020541865.1	Bifidobacterium pseudocatenulatum	YIT11956	Tier1	Closed genome: contigs=1, N50=2373495, len=2373495		SAMN20132666	Yakult Central Institute		Japan	2021-07-09T04:57:11.960	98.74	0.16	Complete Genome	current	PRJNA745059	1	2373495	2373495	gcfgca:GCA_020541865.1	canonical	Bifidobacterium pseudocatenulatum																					submitter_match	Yakult Central Institute		Bifidobacterium pseudocatenulatum	GCF_020541865.1	Tier1	GCF_020541865.1.fna	109.19723703553504	100.0	0.8		2373495	2373495	2_4			8	99.99	99.8	perfect	low
GCF_020541885.1	Bifidobacterium pseudocatenulatum	YIT11953	Tier1	Closed genome: contigs=2, N50=2241223, len=2245999		SAMN20132665	Yakult Central Institute		Japan	2021-07-09T04:57:11.943	98.74	0.16	Complete Genome	current	PRJNA745059	2	2241223	2245999	gcfgca:GCA_020541885.1	canonical	Bifidobacterium pseudocatenulatum																					submitter_match	Yakult Central Institute		Bifidobacterium pseudocatenulatum	GCF_020541885.1	Tier1	GCF_020541885.1.fna	110.26554253504328	99.99	0.58		2245999	2241223	2_38			2	99.03	99.03	near	low
GCF_020541905.1	Bifidobacterium pseudocatenulatum	YIT11952	Tier1	Closed genome: contigs=1, N50=2316707, len=2316707		SAMN20132664	Yakult Central Institute		Japan	2021-07-09T04:57:11.930	98.74	0.65	Complete Genome	current	PRJNA745059	1	2316707	2316707	gcfgca:GCA_020541905.1	canonical	Bifidobacterium pseudocatenulatum																					submitter_match	Yakult Central Institute		Bifidobacterium pseudocatenulatum	GCF_020541905.1	Tier1	GCF_020541905.1.fna	111.1237355422907	99.99	0.41		2316707	2316707	2_7			2	99.13	99.13	near	low
GCF_020541925.1	Bifidobacterium pseudocatenulatum	YIT11027	Tier1	Closed genome: contigs=1, N50=2556908, len=2556908		SAMN20132663	Yakult Central Institute		Japan	2021-07-09T04:57:11.910	98.74	0.16	Complete Genome	current	PRJNA745059	1	2556908	2556908	gcfgca:GCA_020541925.1	canonical	Bifidobacterium pseudocatenulatum																					submitter_match	Yakult Central Institute		Bifidobacterium pseudocatenulatum	GCF_020541925.1	Tier1	GCF_020541925.1.fna	107.51385755098792	100.0	0.94		2556908	2556908	2_39			1			perfect	low
GCF_021484885.1	Bifidobacterium pseudocatenulatum	JCLA3	Tier1	Closed genome: contigs=1, N50=2369863, len=2369863		SAMN24730997	Universidad Autonoma Metropolitana		Mexico	2022-01-07T20:22:04.757	98.25	0.41	Complete Genome	current	PRJNA795522	1	2369863	2369863	gcfgca:GCA_021484885.1	canonical	Bifidobacterium pseudocatenulatum																					literature	PMID 41753640	2.0	Bifidobacterium pseudocatenulatum	GCF_021484885.1	Tier1	GCF_021484885.1.fna	109.847361620249	100.0	0.47		2369863	2369863	2_18			1			perfect	low
GCF_023205855.1	Bifidobacterium longum subsp. infantis	BB-02	Tier1	Closed genome: contigs=1, N50=2758198, len=2758198		SAMN15077325	Evolve Biosystems Inc.	probiotic prodcut	USA	2020-06-01T16:00:08.836	98.42	1.54	Complete Genome	current	PRJNA636403	1	2758198	2758198	gcfgca:GCA_023205855.1	canonical	Bifidobacterium longum																					isolation_source_match;literature;submitter_match	probiotic prodcut;PMID 32630805;Evolve Biosystems Inc.		Bifidobacterium longum subsp. infantis	GCF_023205855.1	Tier1	GCF_023205855.1.fna	109.62031271961116	99.99	0.72		2758198	2758198	1_53			2	100.0	100.0	near	low
GCF_023497865.1	Bifidobacterium adolescentis	NB2B-16-TSAB	Tier1	Closed genome: contigs=1, N50=2492429, len=2492529		SAMN28102063	MET-4		not applicable	2022-05-05T12:30:19.970	97.5	6.73	Chromosome	current	PRJNA835435	1	2492429	2492529	gcfgca:GCA_023497865.1	canonical	Bifidobacterium adolescentis																					submitter_match	MET-4		Bifidobacterium adolescentis	GCF_023497865.1	Tier1	GCF_023497865.1.fna	110.8083201099646	100.0	0.28		2492529	2492529	5_20			1			perfect	low
GCF_023656765.1	Bifidobacterium sp. M3-R-103	M3-R-103	Tier2-unconfirmed	Passes size/contig thresholds, CheckM missing -- needs CheckM2		SAMN28745539	Kyungpook National University School of Medicine	feces	South Korea: Daegu	2022-05-30T02:34:03.767	98.77		Contig	current	PRJNA843546	9	448464	2080619	gcfgca:GCA_023656765.1	canonical	Bifidobacterium sp.																					literature	PMID 42199000	1.0	Bifidobacterium sp.	GCF_023656765.1	Tier2	GCF_023656765.1.fna	100.23586379311163	100.0	0.32		2080619	448464	2_44			1			perfect	low
GCF_024125265.1	Bifidobacterium longum	NB2B-11-FAA	Tier2	Draft: contigs=2, N50=2323237, completeness=99.02		SAMN28102054	MET-4	feces	not applicable	2022-05-05T12:30:19.826	99.02	0.16	Contig	current	PRJNA835435	2	2323237	2328141	gcfgca:GCA_024125265.1	canonical	Bifidobacterium longum																					submitter_match	MET-4		Bifidobacterium longum unspecified	GCF_024125265.1	Tier2	GCF_024125265.1.fna	102.9232467409564	99.89	0.03		2328141	2323237	1_88			2	99.02	99.02	near	low
GCF_024138855.1	Bifidobacterium pseudolongum	NjM1	Tier1	Closed genome: contigs=1, N50=2172569, len=2172569		SAMN18292318	Shanghai Jiao Tong University	feces	China: Shanghai	2021-03-13T01:42:06.417	95.93	3.33	Complete Genome	current	PRJNA714197	1	2172569	2172569	gcfgca:GCA_024138855.1	canonical	Bifidobacterium pseudolongum																					literature	PMID 36746963	1.0	Bifidobacterium pseudolongum unspecified	GCF_024138855.1	Tier1	GCF_024138855.1.fna	110.77848678918714	100.0	0.28		2172569	2172569	7_4			1			perfect	low
GCF_024349265.1	Bifidobacterium longum subsp. longum	KABP-042	Tier2	Draft: contigs=52, N50=199715, completeness=98.91	DSM:33151	SAMN19945773	AB-Biotics SA	stool	Spain: Valencia	2021-06-29T11:14:51.326	98.91	0.57	Scaffold	current	PRJNA741942	52	199715	2342780	gcfgca:GCA_024349265.1	canonical	Bifidobacterium longum																					literature;submitter_match	PMID 37422465;AB-Biotics SA	1.0	Bifidobacterium longum subsp. longum	GCF_024349265.1	Tier2	GCF_024349265.1.fna	102.53003868774488	99.92	0.01		2342780	199715	1_89			4	100.0	99.97	near	low
GCF_026242105.1	Bifidobacterium longum	PT4	Tier2	Draft: contigs=123, N50=363445, completeness=99.47		SAMN31714672	Pontificia Universidad Catolica de Chile	feces	Chile:Santiago	2022-11-14T14:47:03.700	99.47	2.81	Contig	current	PRJNA901470	123	363445	2382293	gcfgca:GCA_026242105.1	canonical	Bifidobacterium longum																					literature	PMID 37227689	1.0	Bifidobacterium longum unspecified	GCF_026242105.1	Tier2	GCF_026242105.1.fna	101.2202193492705	99.98	0.11		2382293	363445	1_181			1			near	low
GCF_026967535.1	Bifidobacterium longum subsp. infantis	Y46	Tier1	Closed genome: contigs=1, N50=2571733, len=2571733		SAMN32105470	Northeast Agricultural University	Infant feces	China: Harbin	2022-12-08T00:39:03.476	98.15	1.83	Complete Genome	current	PRJNA909931	1	2571733	2571733	gcfgca:GCA_026967535.1	canonical	Bifidobacterium longum																					literature	PMID 36832933	1.0	Bifidobacterium longum subsp. infantis	GCF_026967535.1	Tier1	GCF_026967535.1.fna	111.19459418099356	99.98	0.4		2571733	2571733	1_52			17	99.99	99.92	near	low
GCF_027664925.1	Bifidobacterium adolescentis	AF91-08b2A	Tier2	Draft: contigs=39, N50=158562, completeness=96.11		SAMN31808408	BGI-Shenzhen		China: Shenzhen	2022-11-21T04:44:08.536	96.11	2.32	Scaffold	current	PRJNA903559	39	158562	2242707	gcfgca:GCA_027664925.1	canonical	Bifidobacterium adolescentis																					literature	PMID 39911710	1.0	Bifidobacterium adolescentis	GCF_027664925.1	Tier2	GCF_027664925.1.fna	100.85993978662924	100.0	0.17		2242707	251119	5_13			1			perfect	low
GCF_027696885.1	Bifidobacterium breve	CM02-09TA	Tier2	Draft: contigs=24, N50=257515, completeness=98.75		SAMN31809582	BGI-Shenzhen		China: Shenzhen	2022-11-21T05:32:14.413	98.75	1.15	Scaffold	current	PRJNA903559	24	257515	2340912	gcfgca:GCA_027696885.1	canonical	Bifidobacterium breve																					literature	PMID 40832781	1.0	Bifidobacterium breve	GCF_027696885.1	Tier2	GCF_027696885.1.fna	100.64540126567404	99.98	0.21		2340912	257515	1_35			1			near	low
GCF_028201535.1	Bifidobacterium longum	LBUX23	Tier1	Closed genome: contigs=1, N50=2287838, len=2287838		SAMN32775812	Universidad Autonoma Metropolitana	intestinal fecal material	Mexico	2023-01-18T00:15:05.150	98.91	0.25	Complete Genome	current	PRJNA924960	1	2287838	2287838	gcfgca:GCA_028201535.1	canonical	Bifidobacterium longum																					literature	PMID 37512821	2.0	Bifidobacterium longum unspecified	GCF_028201535.1	Tier1	GCF_028201535.1.fna	112.1197126345804	99.98	0.01		2287838	2287838	1_117			1			near	low
GCF_029541965.1	Bifidobacterium pseudocatenulatum	Bi-OTA128	Tier1	Closed genome: contigs=1, N50=2296011, len=2296011		SAMN26116972	China Agricultural University	feces from a 66-year-old healthy woman	China: Beijing	2022-02-21T07:22:03.830	97.96	0.41	Complete Genome	current	PRJNA808866	1	2296011	2296011	gcfgca:GCA_029541965.1	canonical	Bifidobacterium pseudocatenulatum																					literature	PMID 39353276	2.0	Bifidobacterium pseudocatenulatum	GCF_029541965.1	Tier1	GCF_029541965.1.fna	110.18048698220004	99.99	0.4		2296011	2296011	2_15			1			near	low
GCF_029855065.1	Bifidobacterium adolescentis	iVS-1	Tier1	Closed genome: contigs=1, N50=2306390, len=2306390		SAMN34156685	Synbiotic Health		USA: Lincoln, NE	2023-04-12T15:38:04.786	97.37	3.18	Complete Genome	current	PRJNA954850	1	2306390	2306390	gcfgca:GCA_029855065.1	canonical	Bifidobacterium adolescentis																					submitter_match	Synbiotic Health		Bifidobacterium adolescentis	GCF_029855065.1	Tier1	GCF_029855065.1.fna	111.79146637318942	100.0	0.08		2306390	2306390	5_26			1			perfect	low
GCF_029911285.1	Bifidobacterium catenulatum subsp. kashiwanohense	YIT 13062	Tier2	Draft: contigs=32, N50=484658, completeness=98.28		SAMN30957850	Yakult Central Institute		Belgium	2022-09-22T01:53:07.216	98.28	0.49	Contig	current	PRJNA883016	32	484658	2533375	gcfgca:GCA_029911285.1	canonical	Bifidobacterium catenulatum																					submitter_match	Yakult Central Institute		Bifidobacterium catenulatum subsp. kashiwanohense	GCF_029911285.1	Tier2	GCF_029911285.1.fna	100.34271769290392	99.99	0.3		2533375	484658	2_57			1			near	low
GCF_029911315.1	Bifidobacterium catenulatum subsp. catenulatum	YIT 13059	Tier2-unconfirmed	Passes size/contig thresholds, CheckM missing -- needs CheckM2		SAMN30957851	Yakult Central Institute		Japan	2022-09-22T01:53:07.233	98.28		Contig	current	PRJNA883016	19	604992	2025184	gcfgca:GCA_029911315.1	canonical	Bifidobacterium catenulatum																					submitter_match	Yakult Central Institute		Bifidobacterium catenulatum subsp. catenulatum	GCF_029911315.1	Tier2	GCF_029911315.1.fna	100.74087481593877	99.99	0.23		2025184	604992	2_51			1			near	low
GCF_029911385.1	Bifidobacterium catenulatum subsp. kashiwanohense	YIT 13061	Tier2-unconfirmed	Passes size/contig thresholds, CheckM missing -- needs CheckM2		SAMN30957849	Yakult Central Institute		Belgium	2022-09-22T01:53:07.206	97.84		Contig	current	PRJNA883016	17	322300	2296597	gcfgca:GCA_029911385.1	canonical	Bifidobacterium catenulatum																					submitter_match	Yakult Central Institute		Bifidobacterium catenulatum subsp. kashiwanohense	GCF_029911385.1	Tier2	GCF_029911385.1.fna	99.95413015275616	99.99	0.36		2296597	322300	2_60			1			near	low
GCF_029911405.1	Bifidobacterium catenulatum subsp. kashiwanohense	YIT 13060	Tier2	Draft: contigs=31, N50=189849, completeness=97.6		SAMN30957848	Yakult Central Institute		Belgium	2022-09-22T01:53:07.186	97.6	0.49	Contig	current	PRJNA883016	31	189849	2370816	gcfgca:GCA_029911405.1	canonical	Bifidobacterium catenulatum																					submitter_match	Yakult Central Institute		Bifidobacterium catenulatum subsp. kashiwanohense	GCF_029911405.1	Tier2	GCF_029911405.1.fna	100.9492041569517	100.0	0.14		2370816	189849	2_58			1			perfect	low
GCF_029911425.1	Bifidobacterium catenulatum subsp. kashiwanohense	YIT 13056	Tier2-unconfirmed	Passes size/contig thresholds, CheckM missing -- needs CheckM2		SAMN30957845	Yakult Central Institute		Japan	2022-09-22T01:53:07.156	98.09		Contig	current	PRJNA883016	18	440592	2276115	gcfgca:GCA_029911425.1	canonical	Bifidobacterium catenulatum																					submitter_match	Yakult Central Institute		Bifidobacterium catenulatum subsp. kashiwanohense	GCF_029911425.1	Tier2	GCF_029911425.1.fna	99.8720183036164	99.99	0.39		2276115	440592	2_52			1			near	low
GCF_029911435.1	Bifidobacterium catenulatum subsp. kashiwanohense	YIT 13058	Tier2	Draft: contigs=30, N50=194391, completeness=96.56		SAMN30957847	Yakult Central Institute		Japan	2022-09-22T01:53:07.176	96.56	0.49	Contig	current	PRJNA883016	30	194391	2432378	gcfgca:GCA_029911435.1	canonical	Bifidobacterium catenulatum																					submitter_match	Yakult Central Institute		Bifidobacterium catenulatum subsp. kashiwanohense	GCF_029911435.1	Tier2	GCF_029911435.1.fna	100.04433807694942	99.99	0.32		2432378	194391	2_55			1			near	low
GCF_029911485.1	Bifidobacterium catenulatum subsp. kashiwanohense	YIT 13055	Tier2	Draft: contigs=19, N50=214623, completeness=97.54		SAMN30957844	Yakult Central Institute		Japan	2022-09-22T01:53:07.146	97.54	0.49	Contig	current	PRJNA883016	19	214623	2366111	gcfgca:GCA_029911485.1	canonical	Bifidobacterium catenulatum																					submitter_match	Yakult Central Institute		Bifidobacterium catenulatum subsp. kashiwanohense	GCF_029911485.1	Tier2	GCF_029911485.1.fna	101.90770479863674	99.99	0.15		2366111	214623	2_54			4	99.32	99.03	near	low
GCF_029911545.1	Bifidobacterium catenulatum subsp. kashiwanohense	YIT 13051	Tier2	Draft: contigs=28, N50=158302, completeness=98.09		SAMN30957840	Yakult Central Institute		Japan	2022-09-22T01:53:07.093	98.09	0.98	Contig	current	PRJNA883016	28	158302	2349394	gcfgca:GCA_029911545.1	canonical	Bifidobacterium catenulatum																					submitter_match	Yakult Central Institute		Bifidobacterium catenulatum subsp. kashiwanohense	GCF_029911545.1	Tier2	GCF_029911545.1.fna	101.04974320090396	99.99	0.11		2349394	158302	2_56			1			near	low
GCF_029911565.1	Bifidobacterium catenulatum subsp. kashiwanohense	YIT 13053	Tier2	Draft: contigs=15, N50=357486, completeness=98.09		SAMN30957842	Yakult Central Institute		Japan	2022-09-22T01:53:07.123	98.09	0.49	Contig	current	PRJNA883016	15	357486	2340083	gcfgca:GCA_029911565.1	canonical	Bifidobacterium catenulatum																					submitter_match	Yakult Central Institute		Bifidobacterium catenulatum subsp. kashiwanohense	GCF_029911565.1	Tier2	GCF_029911565.1.fna	99.28662951923388	100.0	0.5		2340083	357486	2_53			1			perfect	low
GCF_030334805.1	Bifidobacterium longum	AO44	Tier2	Draft: contigs=68, N50=130503, completeness=99.69		SAMN32034846	Technion - Israel Institute of Technology		Israel	2022-12-05T02:21:03.153	99.69	0.28	Scaffold	current	PRJNA908295	68	130503	2570071	gcfgca:GCA_030334805.1	canonical	Bifidobacterium longum																					literature	PMID 33317320	2.0	Bifidobacterium longum unspecified	GCF_030334805.1	Tier2	GCF_030334805.1.fna	101.46685457247098	99.99	0.22		2570071	136116	1_98			2	99.99	99.99	near	low
GCF_030414125.1	Bifidobacterium breve	Bif11	Tier2	Draft: contigs=75, N50=164105, completeness=99.25		SAMN08966057	National Agri-Food Biotechnology Institute	stool	India:Chandigarh	2018-04-21T02:27:03.353	99.25	3.33	Contig	current	PRJNA451241	75	164105	2472971	gcfgca:GCA_030414125.1	canonical	Bifidobacterium breve																					literature	PMID 35299989	5.0	Bifidobacterium breve	GCF_030414125.1	Tier2	GCF_030414125.1.fna	101.16756090673414	100.0	0.09		2472971	164105	1_4			1			perfect	low
GCF_030414155.1	Bifidobacterium longum subsp. longum	Bif10	Tier2	Draft: contigs=68, N50=146450, completeness=99.34		SAMN08966959	National Agri-Food Biotechnology Institute	stool	India:Chandigarh	2018-04-21T09:14:03.736	99.34	0.5	Contig	current	PRJNA451255	68	146450	2617103	gcfgca:GCA_030414155.1	canonical	Bifidobacterium longum																					literature	PMID 35299989	2.0	Bifidobacterium longum subsp. longum	GCF_030414155.1	Tier2	GCF_030414155.1.fna	100.3328446880088	99.99	0.25		2617103	146450	1_97			1			near	low
GCF_030441965.1	Bifidobacterium breve	DSM 32583	Tier2	Draft: contigs=11, N50=657788, completeness=98.0	DSM:32583	SAMN34073939	Technical University of Munich	milk	Spain	2023-04-05T05:43:04.970	98.0	1.11	Contig	current	PRJNA952383	11	657788	2292381	gcfgca:GCA_030441965.1	canonical	Bifidobacterium breve																					literature	PMID 39316930	3.0	Bifidobacterium breve	GCF_030441965.1	Tier2	GCF_030441965.1.fna	100.39904297320108	99.93	0.29		2292381	657788	1_5			1			near	low
GCF_033453085.1	Bifidobacterium longum subsp. longum	BG-L47	Tier1	Closed genome: contigs=1, N50=2378960, len=2378960		SAMN38050567	Swedish University of Agricultural Sciences	feces	Finland: Tampere	2023-10-31T12:29:05.533	99.23	0.16	Complete Genome	current	PRJNA1034075	1	2378960	2378960	gcfgca:GCA_033453085.1	canonical	Bifidobacterium longum																					literature	PMID 40892213	2.0	Bifidobacterium longum subsp. longum	GCF_033453085.1	Tier1	GCF_033453085.1.fna	111.82819356992044	99.98	0.07		2378960	2378960	1_129			1			near	low
GCF_033657725.1	Bifidobacterium longum	YGMCC0327	Tier2	Draft: contigs=29, N50=234013, completeness=98.45		SAMN37555372	Beijing YuGen Pharmaceutical Co., Ltd		China	2023-09-27T05:00:08.924	98.45	0.44	Scaffold	current	PRJNA1020989	29	234013	2315118	gcfgca:GCA_033657725.1	canonical	Bifidobacterium longum																					submitter_match	Beijing YuGen Pharmaceutical Co., Ltd		Bifidobacterium longum unspecified	GCF_033657725.1	Tier2	GCF_033657725.1.fna	102.38451999537986	99.99	0.06		2315118	234013	1_102			4	100.0	99.97	near	low
GCF_033657745.1	Bifidobacterium longum	YGMCC0325	Tier2	Draft: contigs=14, N50=244739, completeness=98.61		SAMN37555371	Beijing YuGen Pharmaceutical Co., Ltd		China	2023-09-27T05:00:08.911	98.61	2.15	Contig	current	PRJNA1020989	14	244739	2522484	gcfgca:GCA_033657745.1	canonical	Bifidobacterium longum																					submitter_match	Beijing YuGen Pharmaceutical Co., Ltd		Bifidobacterium longum unspecified	GCF_033657745.1	Tier2	GCF_033657745.1.fna	97.4143515905917	99.96	0.85		2522484	244739	1_69			1			near	low
GCF_033657865.1	Bifidobacterium longum	YGMCC0311	Tier2	Draft: contigs=55, N50=89134, completeness=98.64		SAMN37555370	Beijing YuGen Pharmaceutical Co., Ltd		China	2023-09-27T05:00:08.901	98.64	2.18	Contig	current	PRJNA1020989	55	89134	2692014	gcfgca:GCA_033657865.1	canonical	Bifidobacterium longum																					submitter_match	Beijing YuGen Pharmaceutical Co., Ltd		Bifidobacterium longum unspecified	GCF_033657865.1	Tier2	GCF_033657865.1.fna	96.20488838251286	99.82	1.22		2692014	89134	1_55			4	100.0	99.98	near	low
GCF_033657905.1	Bifidobacterium longum	YGMCC0308	Tier2	Draft: contigs=25, N50=373576, completeness=98.91		SAMN37555368	Beijing YuGen Pharmaceutical Co., Ltd		China	2023-09-27T05:00:08.866	98.91	0.86	Contig	current	PRJNA1020989	25	373576	2432201	gcfgca:GCA_033657905.1	canonical	Bifidobacterium longum																					submitter_match	Beijing YuGen Pharmaceutical Co., Ltd		Bifidobacterium longum unspecified	GCF_033657905.1	Tier2	GCF_033657905.1.fna	101.24628950996006	99.96	0.3		2432201	373576	1_93			2	99.01	99.01	near	low
GCF_033657925.1	Bifidobacterium longum	YGMCC0271	Tier2	Draft: contigs=31, N50=166864, completeness=98.89		SAMN37555364	Beijing YuGen Pharmaceutical Co., Ltd		China	2023-09-27T05:00:08.803	98.89	0.51	Contig	current	PRJNA1020989	31	166864	2518936	gcfgca:GCA_033657925.1	canonical	Bifidobacterium longum																					submitter_match	Beijing YuGen Pharmaceutical Co., Ltd		Bifidobacterium longum unspecified	GCF_033657925.1	Tier2	GCF_033657925.1.fna	100.28118132505692	99.96	0.46		2518936	166864	1_68			2	100.0	100.0	near	low
GCF_033657985.1	Bifidobacterium longum	YGMCC0233	Tier2	Draft: contigs=6, N50=1609469, completeness=98.19		SAMN37555363	Beijing YuGen Pharmaceutical Co., Ltd		China	2023-09-27T05:00:08.794	98.19	2.19	Contig	current	PRJNA1020989	6	1609469	2395492	gcfgca:GCA_033657985.1	canonical	Bifidobacterium longum																					submitter_match	Beijing YuGen Pharmaceutical Co., Ltd		Bifidobacterium longum unspecified	GCF_033657985.1	Tier2	GCF_033657985.1.fna	101.26334130807572	100.0	0.17		2395492	1609469	1_77			1			perfect	low
GCF_033658105.1	Bifidobacterium longum	YGMCC0186	Tier2	Draft: contigs=3, N50=2383108, completeness=98.76		SAMN37555356	Beijing YuGen Pharmaceutical Co., Ltd		China	2023-09-27T05:00:08.699	98.76	3.63	Contig	current	PRJNA1020989	3	2383108	2592345	gcfgca:GCA_033658105.1	canonical	Bifidobacterium longum																					submitter_match	Beijing YuGen Pharmaceutical Co., Ltd		Bifidobacterium longum unspecified	GCF_033658105.1	Tier2	GCF_033658105.1.fna	98.47857186228552	99.98	0.74		2592345	2383108	1_63			1			near	low
GCF_033658265.1	Bifidobacterium longum	YGMCC0102	Tier2	Draft: contigs=35, N50=108363, completeness=98.91		SAMN37555350	Beijing YuGen Pharmaceutical Co., Ltd		China	2023-09-27T05:00:08.621	98.91	0.16	Contig	current	PRJNA1020989	35	108363	2405873	gcfgca:GCA_033658265.1	canonical	Bifidobacterium longum																					submitter_match	Beijing YuGen Pharmaceutical Co., Ltd		Bifidobacterium longum unspecified	GCF_033658265.1	Tier2	GCF_033658265.1.fna	100.88744050992572	99.96	0.12		2405873	108363	1_163			1			near	low
GCF_033658365.1	Bifidobacterium longum	YGMCCO110	Tier2	Draft: contigs=19, N50=217072, completeness=98.65		SAMN37555351	Beijing YuGen Pharmaceutical Co., Ltd		China	2023-09-27T05:00:08.640	98.65	1.46	Scaffold	current	PRJNA1020989	19	217072	2594024	gcfgca:GCA_033658365.1	canonical	Bifidobacterium longum																					submitter_match	Beijing YuGen Pharmaceutical Co., Ltd		Bifidobacterium longum unspecified	GCF_033658365.1	Tier2	GCF_033658365.1.fna	101.74979326198698	99.97	0.18		2594024	219501	1_57			5	99.92	99.9	near	low
GCF_033658525.1	Bifidobacterium longum	YGMCC0342	Tier2	Draft: contigs=3, N50=2526018, completeness=99.85		SAMN37555625	Beijing YuGen Pharmaceutical Co., Ltd		China	2023-09-27T05:59:05.383	99.85	0.16	Contig	current	PRJNA1020989	3	2526018	2532578	gcfgca:GCA_033658525.1	canonical	Bifidobacterium longum																					submitter_match	Beijing YuGen Pharmaceutical Co., Ltd		Bifidobacterium longum unspecified	GCF_033658525.1	Tier2	GCF_033658525.1.fna	102.43171825337345	99.98	0.15		2532578	2526018	1_184			2	99.05	99.05	near	low
GCF_033658565.1	Bifidobacterium longum	YGMCC0335	Tier2	Draft: contigs=22, N50=166728, completeness=99.29		SAMN37555627	Beijing YuGen Pharmaceutical Co., Ltd		China	2023-09-27T05:59:05.404	99.29	0.27	Contig	current	PRJNA1020989	22	166728	2359497	gcfgca:GCA_033658565.1	canonical	Bifidobacterium longum																					submitter_match	Beijing YuGen Pharmaceutical Co., Ltd		Bifidobacterium longum unspecified	GCF_033658565.1	Tier2	GCF_033658565.1.fna	102.31100427982972	99.95	0.05		2359497	166728	1_104			3	99.0	99.0	near	low
GCF_033658765.1	Bifidobacterium longum	YGMCC0458	Tier2	Draft: contigs=15, N50=454110, completeness=97.28		SAMN37555618	Beijing YuGen Pharmaceutical Co., Ltd		China	2023-09-27T05:59:05.317	97.28	0.16	Contig	current	PRJNA1020989	15	454110	2308765	gcfgca:GCA_033658765.1	canonical	Bifidobacterium longum																					submitter_match	Beijing YuGen Pharmaceutical Co., Ltd		Bifidobacterium longum unspecified	GCF_033658765.1	Tier2	GCF_033658765.1.fna	101.67848051622948	99.99	0.23		2308765	454110	1_72			2	99.99	99.99	near	low
GCF_033658905.1	Bifidobacterium longum	YGMCC0484	Tier2	Draft: contigs=13, N50=233400, completeness=99.08		SAMN37555613	Beijing YuGen Pharmaceutical Co., Ltd		China	2023-09-27T05:59:05.273	99.08	1.84	Contig	current	PRJNA1020989	13	233400	2595901	gcfgca:GCA_033658905.1	canonical	Bifidobacterium longum																					submitter_match	Beijing YuGen Pharmaceutical Co., Ltd		Bifidobacterium longum unspecified	GCF_033658905.1	Tier2	GCF_033658905.1.fna	98.86405042585469	99.92	0.55		2595901	233400	1_70			1			near	low
GCF_033658925.1	Bifidobacterium longum	YGMCC0494	Tier2	Draft: contigs=43, N50=96309, completeness=97.49		SAMN37555610	Beijing YuGen Pharmaceutical Co., Ltd		China	2023-09-27T05:59:05.247	97.49	1.23	Contig	current	PRJNA1020989	43	96309	2460906	gcfgca:GCA_033658925.1	canonical	Bifidobacterium longum																					submitter_match	Beijing YuGen Pharmaceutical Co., Ltd		Bifidobacterium longum unspecified	GCF_033658925.1	Tier2	GCF_033658925.1.fna	97.82183343674866	99.97	0.73		2460906	96309	1_47			1			near	low
GCF_033658945.1	Bifidobacterium longum	YGMCC0507	Tier2	Draft: contigs=30, N50=164272, completeness=98.89		SAMN37555609	Beijing YuGen Pharmaceutical Co., Ltd		China	2023-09-27T05:59:05.238	98.89	2.12	Contig	current	PRJNA1020989	30	164272	2539459	gcfgca:GCA_033658945.1	canonical	Bifidobacterium longum																					submitter_match	Beijing YuGen Pharmaceutical Co., Ltd		Bifidobacterium longum unspecified	GCF_033658945.1	Tier2	GCF_033658945.1.fna	98.93619480903789	99.97	0.73		2539459	164272	1_66			24	100.0	99.14	near	low
GCF_033659025.1	Bifidobacterium longum	YGMCC0555	Tier2	Draft: contigs=6, N50=1924469, completeness=98.89		SAMN37555602	Beijing YuGen Pharmaceutical Co., Ltd		China	2023-09-27T05:59:05.172	98.89	1.43	Contig	current	PRJNA1020989	6	1924469	2618972	gcfgca:GCA_033659025.1	canonical	Bifidobacterium longum																					submitter_match	Beijing YuGen Pharmaceutical Co., Ltd		Bifidobacterium longum unspecified	GCF_033659025.1	Tier2	GCF_033659025.1.fna	98.902155459862	100.0	0.65		2618972	1924469	1_61			1			perfect	low
GCF_033659045.1	Bifidobacterium longum	YGMCC0556	Tier2	Draft: contigs=105, N50=52716, completeness=98.3		SAMN37555601	Beijing YuGen Pharmaceutical Co., Ltd		China	2023-09-27T05:59:05.163	98.3	1.29	Scaffold	current	PRJNA1020989	105	52716	2496197	gcfgca:GCA_033659045.1	canonical	Bifidobacterium longum																					submitter_match	Beijing YuGen Pharmaceutical Co., Ltd		Bifidobacterium longum unspecified	GCF_033659045.1	Tier2	GCF_033659045.1.fna	99.58378002532938	99.98	0.58		2496197	97221	1_62			2	99.99	99.99	near	low
GCF_033659065.1	Bifidobacterium longum	YGMCC0581	Tier2	Draft: contigs=8, N50=1350830, completeness=99.11		SAMN37555600	Beijing YuGen Pharmaceutical Co., Ltd		China	2023-09-27T05:59:05.155	99.11	0.16	Scaffold	current	PRJNA1020989	8	1350830	2306591	gcfgca:GCA_033659065.1	canonical	Bifidobacterium longum																					submitter_match	Beijing YuGen Pharmaceutical Co., Ltd		Bifidobacterium longum unspecified	GCF_033659065.1	Tier2	GCF_033659065.1.fna	102.80526034192695	99.93	0.04		2306591	1350830	1_205			6	100.0	99.99	near	low
GCF_033659125.1	Bifidobacterium longum	YGMCC0619	Tier2	Draft: contigs=19, N50=344720, completeness=98.83		SAMN37555594	Beijing YuGen Pharmaceutical Co., Ltd		China	2023-09-27T05:59:05.093	98.83	0.16	Scaffold	current	PRJNA1020989	19	344720	2464635	gcfgca:GCA_033659125.1	canonical	Bifidobacterium longum																					submitter_match	Beijing YuGen Pharmaceutical Co., Ltd		Bifidobacterium longum unspecified	GCF_033659125.1	Tier2	GCF_033659125.1.fna	101.71863322394624	99.99	0.21		2464635	344720	1_109			2	99.99	99.99	near	low
GCF_033659145.1	Bifidobacterium longum	YGMCC0643	Tier2	Draft: contigs=14, N50=325830, completeness=98.89		SAMN37555592	Beijing YuGen Pharmaceutical Co., Ltd		China	2023-09-27T05:59:05.069	98.89	1.39	Scaffold	current	PRJNA1020989	14	325830	2733997	gcfgca:GCA_033659145.1	canonical	Bifidobacterium longum																					submitter_match	Beijing YuGen Pharmaceutical Co., Ltd		Bifidobacterium longum unspecified	GCF_033659145.1	Tier2	GCF_033659145.1.fna	99.7164955342076	100.0	0.61		2733997	325830	1_56			2	100.0	100.0	perfect	low
GCF_033659225.1	Bifidobacterium longum	YGMCC0650	Tier2	Draft: contigs=21, N50=195842, completeness=99.29		SAMN37555590	Beijing YuGen Pharmaceutical Co., Ltd		China	2023-09-27T05:59:05.049	99.29	0.16	Contig	current	PRJNA1020989	21	195842	2282080	gcfgca:GCA_033659225.1	canonical	Bifidobacterium longum																					submitter_match	Beijing YuGen Pharmaceutical Co., Ltd		Bifidobacterium longum unspecified	GCF_033659225.1	Tier2	GCF_033659225.1.fna	102.32365289378728	99.92	0.05		2282080	195842	1_214			2	99.77	99.77	near	low
GCF_033659325.1	Bifidobacterium longum	YGMCC0721	Tier2	Draft: contigs=28, N50=212662, completeness=98.61		SAMN37555583	Beijing YuGen Pharmaceutical Co., Ltd		China	2023-09-27T05:59:04.948	98.61	0.25	Contig	current	PRJNA1020989	28	212662	2273847	gcfgca:GCA_033659325.1	canonical	Bifidobacterium longum																					submitter_match	Beijing YuGen Pharmaceutical Co., Ltd		Bifidobacterium longum unspecified	GCF_033659325.1	Tier2	GCF_033659325.1.fna	101.493844946962	99.92	0.02		2273847	212662	1_216			1			near	low
GCF_033804565.1	Bifidobacterium breve	FZJHZD20M12	Tier2	Draft: contigs=65, N50=173641, completeness=98.11		SAMN13258906	Jiangnan University	feces	China:Zhejiang	2019-11-12T02:41:04.516	98.11	1.4	Contig	current	PRJNA588890	65	173641	2424867	gcfgca:GCA_033804565.1	canonical	Bifidobacterium breve																					literature	PMID 35334879	1.0	Bifidobacterium breve	GCF_033804565.1	Tier2	GCF_033804565.1.fna	99.26982613913977	99.99	0.47		2424867	173641	1_36			1			near	low
GCF_034051595.1	Bifidobacterium longum	YGMCC0230	Tier2	Draft: contigs=59, N50=93567, completeness=97.93		SAMN37555362	Beijing YuGen Pharmaceutical Co., Ltd		China	2023-09-27T05:00:08.769	97.93	0.72	Chromosome	current	PRJNA1020989	59	93567	2361455	gcfgca:GCA_034051595.1	canonical	Bifidobacterium longum																					submitter_match	Beijing YuGen Pharmaceutical Co., Ltd		Bifidobacterium longum unspecified	GCF_034051595.1	Tier2	GCF_034051595.1.fna	102.25573982263896	99.96	0.18		2361455	2361455	1_71			9	100.0	99.88	near	low
GCF_036814245.1	Bifidobacterium longum	K4A3	Tier2	Draft: contigs=32, N50=228196, completeness=99.57		SAMN38221195	Porcinotec Co., Ltd		Thailand: Bangkok	2023-11-12T23:29:04.290	99.57	0.25	Contig	current	PRJNA1039543	32	228196	2391742	gcfgca:GCA_036814245.1	canonical	Bifidobacterium longum																					submitter_match	Porcinotec Co., Ltd		Bifidobacterium longum unspecified	GCF_036814245.1	Tier2	GCF_036814245.1.fna	101.57915401374584	99.99	0.02		2391742	228196	1_99			1			near	low
GCF_036814965.1	Bifidobacterium adolescentis	B24	Tier2	Draft: contigs=18, N50=1128230, completeness=97.28		SAMN37542003	Porcinotec Co., Ltd	feces from breastfed infant	Thailand: Bangkok	2023-09-26T03:20:04.247	97.28	1.36	Contig	current	PRJNA1021011	18	1128230	2127130	gcfgca:GCA_036814965.1	canonical	Bifidobacterium adolescentis																					submitter_match	Porcinotec Co., Ltd		Bifidobacterium adolescentis	GCF_036814965.1	Tier2	GCF_036814965.1.fna	101.82699884486564	100.0	0.24		2127130	1128230	5_3			2	99.08	99.08	perfect	low
GCF_036872545.1	Bifidobacterium breve	TCI761	Tier1	Closed genome: contigs=1, N50=2460420, len=2460420		SAMN39949153	TCI Co., Ltd.		Taiwan	2024-02-15T03:25:04.583	98.38	0.48	Complete Genome	current	PRJNA1077123	1	2460420	2460420	gcfgca:GCA_036872545.1	canonical	Bifidobacterium breve																					submitter_match	TCI Co., Ltd.		Bifidobacterium breve	GCF_036872545.1	Tier1	GCF_036872545.1.fna	111.5955046243064	99.99	0.12		2460420	2460420	1_17			1			near	low
GCF_036986915.1	Bifidobacterium indicum	JCM 1302	Tier2	Draft: contigs=26, N50=1147365, completeness=96.48		SAMD00659173	Northeast Agricultural University		missing	2023-12-04T01:04:37.270	96.48	1.76	Contig	current	PRJDB7793	26	1147365	2276354	gcfgca:GCA_036986915.1	canonical	Bifidobacterium indicum		type strain of Bifidobacterium indicum																			literature	PMID 42411622	1.0	Bifidobacterium indicum	GCF_036986915.1	Tier2	GCF_036986915.1.fna	100.86985079886756	99.98	0.23		2276354	1147365	20_0			1			near	low
GCF_037967005.1	Bifidobacterium longum subsp. infantis	95s1MRS	Tier2	Draft: contigs=60, N50=91089, completeness=98.19		SAMN38143276	Technical University of Munich		Zimbabwe	2023-11-07T10:30:09.720	98.19	0.48	Contig	current	PRJNA1036581	60	91089	2751478	gcfgca:GCA_037967005.1	canonical	Bifidobacterium longum																					literature	PMID 39054474	1.0	Bifidobacterium longum subsp. infantis	GCF_037967005.1	Tier2	GCF_037967005.1.fna	94.77973296714872	99.99	1.34		2751478	91089	1_65			1			near	low
GCF_037997085.1	Bifidobacterium longum subsp. longum	FB1-1	Tier1	Closed genome: contigs=1, N50=2409689, len=2409689		SAMN40512380	Nankai University	infant feces	China	2024-03-18T04:02:04.670	99.26	0.39	Complete Genome	current	PRJNA1088956	1	2409689	2409689	gcfgca:GCA_037997085.1	canonical	Bifidobacterium longum																					literature	PMID 38930585	1.0	Bifidobacterium longum subsp. longum	GCF_037997085.1	Tier1	GCF_037997085.1.fna	113.01113050219918	99.97	0.03		2409689	2409689	1_79			3	99.02	99.01	near	low
GCF_039612515.1	Bifidobacterium pseudocatenulatum	NB48	Tier2	Draft: contigs=16, N50=626817, completeness=98.58		SAMN41013446	Porcinotec Co., Ltd		Thailand:Bangkok	2024-04-19T00:01:03.827	98.58	0.65	Contig	current	PRJNA1102118	16	626817	2284085	gcfgca:GCA_039612515.1	canonical	Bifidobacterium pseudocatenulatum																					submitter_match	Porcinotec Co., Ltd		Bifidobacterium pseudocatenulatum	GCF_039612515.1	Tier2	GCF_039612515.1.fna	99.22857038326175	99.97	0.53		2284085	626817	2_41			1			near	low
GCF_039830185.1	Bifidobacterium adolescentis	JCM 19861	Tier1	Closed genome: contigs=1, N50=2199425, len=2199425		SAMN41378261	China National Research Institute of Food and Fermentation Industries Co., LTD	feces	Japan	2024-05-13T01:51:05.070	96.8	1.28	Complete Genome	current	PRJNA1110824	1	2199425	2199425	gcfgca:GCA_039830185.1	canonical	Bifidobacterium adolescentis		type strain of Bifidobacterium faecale																			submitter_match	China National Research Institute of Food and Fermentation Industries Co., LTD		Bifidobacterium adolescentis	GCF_039830185.1	Tier1	GCF_039830185.1.fna	107.08115457860052	100.0	1.02		2199425	2199425	5_8			1			perfect	low
GCF_040150815.1	Bifidobacterium breve	LH-CAM-63	Tier2	Draft: contigs=24, N50=279478, completeness=98.5		SAMN40597883	Technical University of Munich	fecal sample	Cameroon	2024-03-25T09:48:05.863	98.5	1.7	Contig	current	PRJNA1091569	24	279478	2362228	gcfgca:GCA_040150815.1	canonical	Bifidobacterium breve																					literature	PMID 39969280	1.0	Bifidobacterium breve	GCF_040150815.1	Tier2	GCF_040150815.1.fna	100.99317381334798	99.96	0.14		2362228	279478	1_1			1			near	low
GCF_040150935.1	Bifidobacterium breve	LH-CAM-52	Tier2	Draft: contigs=28, N50=200796, completeness=98.39		SAMN40597879	Technical University of Munich	fecal sample	Cameroon	2024-03-25T09:48:05.826	98.39	1.31	Contig	current	PRJNA1091569	28	200796	2380900	gcfgca:GCA_040150935.1	canonical	Bifidobacterium breve																					literature	PMID 39969280	1.0	Bifidobacterium breve	GCF_040150935.1	Tier2	GCF_040150935.1.fna	101.40137752855117	99.99	0.05		2380900	200796	1_2			1			near	low
GCF_040150955.1	Bifidobacterium bifidum	LH-CAM-42	Tier2	Draft: contigs=33, N50=129542, completeness=97.26		SAMN40597876	Technical University of Munich	fecal sample	Cameroon	2024-03-25T09:48:05.796	97.26	3.09	Contig	current	PRJNA1091569	33	129542	2275644	gcfgca:GCA_040150955.1	canonical	Bifidobacterium bifidum																					literature	PMID 39969280	1.0	Bifidobacterium bifidum	GCF_040150955.1	Tier2	GCF_040150955.1.fna	100.69620529892283	99.88	0.15		2275644	129542	4_10			1			near	low
GCF_040150975.1	Bifidobacterium longum subsp. longum	LH-CAM-33	Tier2	Draft: contigs=20, N50=219951, completeness=98.91		SAMN40597874	Technical University of Munich	fecal sample	Cameroon	2024-03-25T09:48:05.776	98.91	0.39	Contig	current	PRJNA1091569	20	219951	2462202	gcfgca:GCA_040150975.1	canonical	Bifidobacterium longum																					literature	PMID 39969280	1.0	Bifidobacterium longum subsp. longum	GCF_040150975.1	Tier2	GCF_040150975.1.fna	102.10506297146054	99.98	0.11		2462202	219951	1_113			2	99.39	99.39	near	low
GCF_040151035.1	Bifidobacterium breve	LH-CAM-38	Tier2	Draft: contigs=30, N50=210615, completeness=99.03		SAMN40597875	Technical University of Munich	fecal sample	Cameroon	2024-03-25T09:48:05.786	99.03	2.25	Contig	current	PRJNA1091569	30	210615	2373677	gcfgca:GCA_040151035.1	canonical	Bifidobacterium breve																					literature	PMID 39969280	1.0	Bifidobacterium breve	GCF_040151035.1	Tier2	GCF_040151035.1.fna	101.37174464920167	100.0	0.06		2373677	210615	1_3			1			perfect	low
GCF_040151135.1	Bifidobacterium pseudocatenulatum	LH-CAM-02	Tier2	Draft: contigs=24, N50=648369, completeness=99.23		SAMN40597867	Technical University of Munich	fecal sample	Cameroon	2024-03-25T09:48:05.703	99.23	0.41	Contig	current	PRJNA1091569	24	648369	2285862	gcfgca:GCA_040151135.1	canonical	Bifidobacterium pseudocatenulatum																					literature	PMID 39969280	1.0	Bifidobacterium pseudocatenulatum	GCF_040151135.1	Tier2	GCF_040151135.1.fna	99.4659111210318	100.0	0.49		2285862	648369	2_29			1			perfect	low
GCF_040267655.1	Bifidobacterium longum	PMC72	Tier1	Closed genome: contigs=1, N50=2264238, len=2264238		SAMN41829236	Probiotics Microbiome Convergence Center	stool	South Korea: Asan	2024-06-14T00:25:04.510	98.41	0.16	Complete Genome	current	PRJNA1123858	1	2264238	2264238	gcfgca:GCA_040267655.1	canonical	Bifidobacterium longum																					literature	PMID 40468659	1.0	Bifidobacterium longum unspecified	GCF_040267655.1	Tier1	GCF_040267655.1.fna	112.56826106045324	99.99	0.12		2264238	2264238	1_130			2	99.08	99.08	near	low
GCF_040711965.1	Bifidobacterium longum subsp. suillum	DK001B-1	Tier1	Closed genome: contigs=1, N50=2389232, len=2389232		SAMN41943267	Shanghai Institute of Materia Medica, Chinese Academic of Science	feces	China	2024-06-21T06:44:03.526	99.07	0.25	Complete Genome	current	PRJNA1126457	1	2389232	2389232	gcfgca:GCA_040711965.1	canonical	Bifidobacterium longum																					literature	PMID 40484596	1.0	Bifidobacterium longum subsp. suillum	GCF_040711965.1	Tier1	GCF_040711965.1.fna	112.99002914147052	99.8	0.0		2389232	2389232	1_107			2	99.09	99.09	near	none
GCF_040883395.1	Bifidobacterium longum	AM-BL-55	Tier2	Draft: contigs=25, N50=230517, completeness=99.38		SAMN42007033	Purity-IQ Inc.	not provided	not provided	2024-06-24T11:24:04.033	99.38	0.16	Contig	current	PRJNA1127534	25	230517	2484372	gcfgca:GCA_040883395.1	canonical	Bifidobacterium longum																					submitter_match	Purity-IQ Inc.		Bifidobacterium longum unspecified	GCF_040883395.1	Tier2	GCF_040883395.1.fna	101.32135147947012	99.98	0.07		2484372	230517	1_91			1			near	low
GCF_041080795.1	Bifidobacterium aquikefiricola	WK041_4_12	Tier1	Closed genome: contigs=1, N50=2359920, len=2359920		SAMN35298321	Teagasc		Singapore	2023-05-21T09:56:06.510	94.4	2.82	Complete Genome	current	PRJNA974811	1	2359920	2359920	gcfgca:GCA_041080795.1	canonical	Bifidobacterium aquikefiricola		type strain of Bifidobacterium aquikefiricola																			literature	PMID 39446649	1.0	Bifidobacterium aquikefiricola	GCF_041080795.1	Tier1	GCF_041080795.1.fna	108.05644864043688	99.21	0.67		2359920	2359920	21_0			1			near	low
GCF_041320305.1	Bifidobacterium longum subsp. infantis	JNU311	Tier1	Closed genome: contigs=1, N50=2610619, len=2610619		SAMN42954375	Chonnam National University	infant feces	South Korea: Gwangju	2024-07-31T22:10:04.660	98.89	1.17	Complete Genome	current	PRJNA1142219	1	2610619	2610619	gcfgca:GCA_041320305.1	canonical	Bifidobacterium longum																					literature	PMID 42077769	2.0	Bifidobacterium longum subsp. infantis	GCF_041320305.1	Tier1	GCF_041320305.1.fna	107.90837174723448	99.99	0.86		2610619	2610619	1_49			1			near	low
GCF_041357755.1	Bifidobacterium pseudocatenulatum	MM0196	Tier2	Draft: contigs=17, N50=527021, completeness=98.25		SAMN37748378	University College Cork		Ireland	2023-10-10T09:46:05.527	98.25	0.16	Contig	current	PRJNA1026522	17	527021	2283965	gcfgca:GCA_041357755.1	canonical	Bifidobacterium pseudocatenulatum																					literature	PMID 39106231	1.0	Bifidobacterium pseudocatenulatum	GCF_041357755.1	Tier2	GCF_041357755.1.fna	98.37091396036	100.0	0.7		2283965	527021	2_20			1			perfect	low
GCF_044094625.1	Bifidobacterium adolescentis	Bifi94	Tier1	Closed genome: contigs=1, N50=2097731, len=2097731		SAMN44361986	University of Ulsan/Asan medical center		South Korea	2024-10-21T05:27:07.996	98.88	3.1	Complete Genome	current	PRJNA1175450	1	2097731	2097731	gcfgca:GCA_044094625.1	canonical	Bifidobacterium adolescentis																					literature	PMID 41511071	1.0	Bifidobacterium adolescentis	GCF_044094625.1	Tier1	GCF_044094625.1.fna	110.56087489809994	99.99	0.32		2097731	2097731	5_12			1			near	low
GCF_045273085.1	Bifidobacterium bifidum	MRD1920	Tier1	Closed genome: contigs=1, N50=2185202, len=2185302		SAMN44666925	MEDICAL RESEARCH AND DEVELOPMENT ARGE  BIYOTEKNOLOJI SANAYI VE TICARET LTD STI	feces from male	Turkey:Sakarya-Adapazari	2024-11-10T03:30:06.593	95.51	0.3	Chromosome	current	PRJNA1184219	1	2185202	2185302	gcfgca:GCA_045273085.1	canonical	Bifidobacterium bifidum																					submitter_match	MEDICAL RESEARCH AND DEVELOPMENT ARGE  BIYOTEKNOLOJI SANAYI VE TICARET LTD STI		Bifidobacterium bifidum	GCF_045273085.1	Tier1	GCF_045273085.1.fna	112.47283074476827	99.9	0.12		2185302	2185302	4_9			5	100.0	99.07	near	low
GCF_045273095.1	Bifidobacterium longum	MRD1071	Tier1	Closed genome: contigs=1, N50=2254610, len=2254710		SAMN44667003	MEDICAL RESEARCH AND DEVELOPMENT ARGE  BIYOTEKNOLOJI SANAYI VE TICARET LTD STI	feces from female	Turkey:Sakarya-Adapazari	2024-11-10T03:49:04.360	98.19	0.16	Chromosome	current	PRJNA1184223	1	2254610	2254710	gcfgca:GCA_045273095.1	canonical	Bifidobacterium longum																					submitter_match	MEDICAL RESEARCH AND DEVELOPMENT ARGE  BIYOTEKNOLOJI SANAYI VE TICARET LTD STI		Bifidobacterium longum unspecified	GCF_045273095.1	Tier1	GCF_045273095.1.fna	113.03649533720494	99.85	0.0		2254710	2254710	1_204			3	100.0	99.99	near	none
GCF_047301025.1	Bifidobacterium breve	JKL2022	Tier1	Closed genome: contigs=1, N50=2313948, len=2313948		SAMN30403323	Chung Ang University	Human infant fecal	South Korea: Anseong City	2022-08-19T03:55:04.110	99.2	0.84	Complete Genome	current	PRJNA871061	1	2313948	2313948	gcfgca:GCA_047301025.1	canonical	Bifidobacterium breve																					literature	PMID 41822842	4.0	Bifidobacterium breve	GCF_047301025.1	Tier1	GCF_047301025.1.fna	112.82887681618408	99.99	0.07		2313948	2313948	1_26			3	99.68	99.66	near	low
GCF_049191445.1	Bifidobacterium adolescentis	IATA096	Tier2	Draft: contigs=16, N50=1826680, completeness=98.01		SAMN45053965	MAMI	feces	Spain:Valencia	2024-11-26T07:57:03.946	98.01	3.65	Contig	current	PRJNA1190840	16	1826680	2294397	gcfgca:GCA_049191445.1	canonical	Bifidobacterium adolescentis																					literature	PMID 40340669	1.0	Bifidobacterium adolescentis	GCF_049191445.1	Tier2	GCF_049191445.1.fna	100.69083123689292	100.0	0.29		2294397	1826680	5_33			1			perfect	low
GCF_049191465.1	Bifidobacterium breve	IATA048	Tier2	Draft: contigs=14, N50=308535, completeness=97.61		SAMN45053954	MAMI	feces	Spain:Valencia	2024-11-26T07:57:03.846	97.61	0.27	Contig	current	PRJNA1190840	14	308535	2341502	gcfgca:GCA_049191465.1	canonical	Bifidobacterium breve																					literature	PMID 40340669	1.0	Bifidobacterium breve	GCF_049191465.1	Tier2	GCF_049191465.1.fna	101.94020222524487	99.99	0.16		2341502	308535	1_18			3	99.99	99.12	near	low
GCF_049191785.1	Bifidobacterium longum subsp. longum	IATA144	Tier2	Draft: contigs=40, N50=111775, completeness=99.04		SAMN45053988	MAMI	feces	Spain:Valencia	2024-11-26T07:57:04.153	99.04	0.39	Contig	current	PRJNA1190840	40	111775	2348472	gcfgca:GCA_049191785.1	canonical	Bifidobacterium longum																					literature	PMID 40340669	1.0	Bifidobacterium longum subsp. longum	GCF_049191785.1	Tier2	GCF_049191785.1.fna	101.37417233927005	99.84	0.0		2348472	111775	1_177			1			near	none
GCF_049191855.1	Bifidobacterium adolescentis	IATA101	Tier2	Draft: contigs=9, N50=790924, completeness=96.53		SAMN45053966	MAMI	feces	Spain:Valencia	2024-11-26T07:57:03.953	96.53	2.75	Contig	current	PRJNA1190840	9	790924	2161000	gcfgca:GCA_049191855.1	canonical	Bifidobacterium adolescentis																					literature	PMID 40340669	1.0	Bifidobacterium adolescentis	GCF_049191855.1	Tier2	GCF_049191855.1.fna	101.4890673770419	99.98	0.09		2161000	790924	5_15			1			near	low
GCF_049191945.1	Bifidobacterium pseudocatenulatum	IATA044	Tier2	Draft: contigs=25, N50=273733, completeness=99.23		SAMN45053953	MAMI	feces	Spain:Valencia	2024-11-26T07:57:03.840	99.23	0.16	Contig	current	PRJNA1190840	25	273733	2348117	gcfgca:GCA_049191945.1	canonical	Bifidobacterium pseudocatenulatum																					literature	PMID 40340669	1.0	Bifidobacterium pseudocatenulatum	GCF_049191945.1	Tier2	GCF_049191945.1.fna	96.47866357856256	100.0	1.05		2348117	273733	2_26			1			perfect	low
GCF_049204735.1	Bifidobacterium pseudocatenulatum	IATA160	Tier2	Draft: contigs=12, N50=586498, completeness=99.07		SAMN45053991	MAMI	feces	Spain:Valencia	2024-11-26T07:57:04.190	99.07	0.65	Contig	current	PRJNA1190840	12	586498	2281912	gcfgca:GCA_049204735.1	canonical	Bifidobacterium pseudocatenulatum																					literature	PMID 40340669	1.0	Bifidobacterium pseudocatenulatum	GCF_049204735.1	Tier2	GCF_049204735.1.fna	100.13413326773946	99.99	0.35		2281912	586498	2_25			1			near	low
GCF_049204995.1	Bifidobacterium longum subsp. longum	IATA116	Tier2	Draft: contigs=36, N50=163635, completeness=98.91		SAMN45053975	MAMI	feces	Spain:Valencia	2024-11-26T07:57:04.033	98.91	0.56	Contig	current	PRJNA1190840	36	163635	2448218	gcfgca:GCA_049204995.1	canonical	Bifidobacterium longum																					literature	PMID 40340669	1.0	Bifidobacterium longum subsp. longum	GCF_049204995.1	Tier2	GCF_049204995.1.fna	101.09693810040469	99.98	0.1		2448218	163635	1_110			1			near	low
GCF_049205105.1	Bifidobacterium longum subsp. longum	IATA107	Tier2	Draft: contigs=19, N50=264585, completeness=99.38		SAMN45053970	MAMI	feces	Spain:Valencia	2024-11-26T07:57:03.990	99.38	0.25	Contig	current	PRJNA1190840	19	264585	2295816	gcfgca:GCA_049205105.1	canonical	Bifidobacterium longum																					literature	PMID 40340669	1.0	Bifidobacterium longum subsp. longum	GCF_049205105.1	Tier2	GCF_049205105.1.fna	101.54128260964252	99.97	0.03		2295816	264585	1_101			1			near	low
GCF_049205175.1	Bifidobacterium longum subsp. infantis	IATA105	Tier2	Draft: contigs=31, N50=250040, completeness=97.49		SAMN45053969	MAMI	feces	Spain:Valencia	2024-11-26T07:57:03.980	97.49	0.93	Contig	current	PRJNA1190840	31	250040	2688135	gcfgca:GCA_049205175.1	canonical	Bifidobacterium longum																					literature	PMID 40340669	1.0	Bifidobacterium longum subsp. infantis	GCF_049205175.1	Tier2	GCF_049205175.1.fna	99.8590047451154	100.0	0.57		2688135	250040	1_67			2	100.0	100.0	perfect	low
GCF_049205235.1	Bifidobacterium bifidum	IATA102	Tier2	Draft: contigs=23, N50=228708, completeness=95.58		SAMN45053967	MAMI	feces	Spain:Valencia	2024-11-26T07:57:03.963	95.58	0.52	Contig	current	PRJNA1190840	23	228708	2223996	gcfgca:GCA_049205235.1	canonical	Bifidobacterium bifidum																					literature	PMID 40340669	1.0	Bifidobacterium bifidum	GCF_049205235.1	Tier2	GCF_049205235.1.fna	101.84054065811948	99.91	0.15		2223996	228708	4_5			2	99.09	99.09	near	low
GCF_049205335.1	Bifidobacterium adolescentis	IATA066	Tier2	Draft: contigs=73, N50=94951, completeness=97.95		SAMN45053957	MAMI	feces	Spain:Valencia	2024-11-26T07:57:03.873	97.95	3.72	Contig	current	PRJNA1190840	73	94951	2295322	gcfgca:GCA_049205335.1	canonical	Bifidobacterium adolescentis																					literature	PMID 40340669	1.0	Bifidobacterium adolescentis	GCF_049205335.1	Tier2	GCF_049205335.1.fna	98.39874977148858	100.0	0.62		2295322	94951	5_35			1			perfect	low
GCF_049205355.1	Bifidobacterium longum subsp. longum	IATA034	Tier2	Draft: contigs=74, N50=80394, completeness=99.38		SAMN45053951	MAMI	feces	Spain:Valencia	2024-11-26T07:57:03.820	99.38	0.61	Contig	current	PRJNA1190840	74	80394	2456017	gcfgca:GCA_049205355.1	canonical	Bifidobacterium longum																					literature	PMID 40340669	1.0	Bifidobacterium longum subsp. longum	GCF_049205355.1	Tier2	GCF_049205355.1.fna	100.99261181875156	99.98	0.09		2456017	80394	1_106			1			near	low
GCF_049205375.1	Bifidobacterium longum subsp. longum	IATA033	Tier2	Draft: contigs=61, N50=101858, completeness=98.91		SAMN45053950	MAMI	feces	Spain:Valencia	2024-11-26T07:57:03.813	98.91	0.16	Contig	current	PRJNA1190840	61	101858	2629996	gcfgca:GCA_049205375.1	canonical	Bifidobacterium longum																					literature	PMID 40340669	1.0	Bifidobacterium longum subsp. longum	GCF_049205375.1	Tier2	GCF_049205375.1.fna	99.99399757223712	99.98	0.3		2629996	101858	1_178			1			near	low
GCF_049205415.1	Bifidobacterium longum subsp. longum	IATA003	Tier2	Draft: contigs=156, N50=32267, completeness=99.38		SAMN45053940	MAMI	feces	Spain:Valencia	2024-11-26T07:57:03.720	99.38	0.4	Contig	current	PRJNA1190840	156	32267	2232558	gcfgca:GCA_049205415.1	canonical	Bifidobacterium longum																					literature	PMID 40340669	1.0	Bifidobacterium longum subsp. longum	GCF_049205415.1	Tier2	GCF_049205415.1.fna	100.80427927794548	99.69	0.23		2232558	32267	1_111			2	99.99	99.99	near	low
GCF_049309805.1	Bifidobacterium adolescentis	SH60	Tier2	Draft: contigs=26, N50=393510, completeness=97.36		SAMN46001241	Synbiotic Health	feces	USA: Lincoln, NE	2024-12-27T15:38:04.503	97.36	3.24	Scaffold	current	PRJNA1203657	26	393510	2273818	gcfgca:GCA_049309805.1	canonical	Bifidobacterium adolescentis																					literature;submitter_match	PMID 41186414;Synbiotic Health	1.0	Bifidobacterium adolescentis	GCF_049309805.1	Tier2	GCF_049309805.1.fna	99.78332290243785	100.0	0.41		2273818	443247	5_23			1			perfect	low
GCF_049309865.1	Bifidobacterium adolescentis	SH39	Tier2	Draft: contigs=16, N50=1371782, completeness=96.72		SAMN46001239	Synbiotic Health	feces	USA: Lincoln, NE	2024-12-27T15:38:04.483	96.72	2.77	Contig	current	PRJNA1203657	16	1371782	2132103	gcfgca:GCA_049309865.1	canonical	Bifidobacterium adolescentis																					literature;submitter_match	PMID 41186414;Synbiotic Health	1.0	Bifidobacterium adolescentis	GCF_049309865.1	Tier2	GCF_049309865.1.fna	100.72864254995667	100.0	0.27		2132103	1371782	5_31			1			perfect	low
GCF_049309885.1	Bifidobacterium adolescentis	SH38	Tier2	Draft: contigs=37, N50=264878, completeness=96.51		SAMN46001238	Synbiotic Health	feces	USA: Lincoln, NE	2024-12-27T15:38:04.473	96.51	5.0	Scaffold	current	PRJNA1203657	37	264878	2381238	gcfgca:GCA_049309885.1	canonical	Bifidobacterium adolescentis																					literature;submitter_match	PMID 41186414;Synbiotic Health	1.0	Bifidobacterium adolescentis	GCF_049309885.1	Tier2	GCF_049309885.1.fna	99.47152294427626	100.0	0.45		2381238	264878	5_19			1			perfect	low
GCF_049309905.1	Bifidobacterium adolescentis	SH36	Tier2	Draft: contigs=32, N50=226433, completeness=96.98		SAMN46001237	Synbiotic Health	feces	USA: Lincoln, NE	2024-12-27T15:38:04.463	96.98	2.98	Scaffold	current	PRJNA1203657	32	226433	2441525	gcfgca:GCA_049309905.1	canonical	Bifidobacterium adolescentis																					literature;submitter_match	PMID 41186414;Synbiotic Health	1.0	Bifidobacterium adolescentis	GCF_049309905.1	Tier2	GCF_049309905.1.fna	98.88746986027206	100.0	0.56		2441525	226433	5_27			1			perfect	low
GCF_049309925.1	Bifidobacterium adolescentis	SH240	Tier2	Draft: contigs=42, N50=301069, completeness=96.51		SAMN46001236	Synbiotic Health	feces	USA: Lincoln, NE	2024-12-27T15:38:04.453	96.51	3.5	Contig	current	PRJNA1203657	42	301069	2230061	gcfgca:GCA_049309925.1	canonical	Bifidobacterium adolescentis																					literature;submitter_match	PMID 41186414;Synbiotic Health	1.0	Bifidobacterium adolescentis	GCF_049309925.1	Tier2	GCF_049309925.1.fna	100.59933302003132	100.0	0.23		2230061	301069	5_10			1			perfect	low
GCF_049309965.1	Bifidobacterium adolescentis	SH172	Tier2	Draft: contigs=26, N50=401032, completeness=96.58		SAMN46001234	Synbiotic Health	feces	USA: Lincoln, NE	2024-12-27T15:38:04.437	96.58	2.11	Scaffold	current	PRJNA1203657	26	401032	2203548	gcfgca:GCA_049309965.1	canonical	Bifidobacterium adolescentis																					literature;submitter_match	PMID 41186414;Synbiotic Health	1.0	Bifidobacterium adolescentis	GCF_049309965.1	Tier2	GCF_049309965.1.fna	101.60158951407684	99.99	0.04		2203548	401032	5_22			1			near	low
GCF_049309985.1	Bifidobacterium adolescentis	SH171	Tier2	Draft: contigs=23, N50=398428, completeness=95.15		SAMN46001233	Synbiotic Health	feces	USA: Lincoln, NE	2024-12-27T15:38:04.427	95.15	2.81	Scaffold	current	PRJNA1203657	23	398428	2148758	gcfgca:GCA_049309985.1	canonical	Bifidobacterium adolescentis																					literature;submitter_match	PMID 41186414;Synbiotic Health	1.0	Bifidobacterium adolescentis	GCF_049309985.1	Tier2	GCF_049309985.1.fna	101.06404678431906	100.0	0.16		2148758	510615	5_1			1			perfect	low
GCF_049310045.1	Bifidobacterium adolescentis	SH169	Tier2	Draft: contigs=18, N50=799026, completeness=96.23		SAMN46001231	Synbiotic Health	feces	USA: Lincoln, NE	2024-12-27T15:38:04.397	96.23	1.16	Scaffold	current	PRJNA1203657	18	799026	2339500	gcfgca:GCA_049310045.1	canonical	Bifidobacterium adolescentis																					literature;submitter_match	PMID 41186414;Synbiotic Health	1.0	Bifidobacterium adolescentis	GCF_049310045.1	Tier2	GCF_049310045.1.fna	99.51128045566	100.0	0.49		2339500	799026	5_2			1			perfect	low
GCF_050516145.1	Bifidobacterium catenulatum subsp. puerorum	YIT 11099	Tier1	Closed genome: contigs=1, N50=2164444, len=2164444		SAMN45020851	Yakult Central Institute	adult feces	Papua New Guinea	2024-11-24T01:38:04.026	98.84	0.49	Complete Genome	current	PRJNA1189854	1	2164444	2164444	gcfgca:GCA_050516145.1	canonical	Bifidobacterium catenulatum		type strain of Bifidobacterium catenulatum subsp. puerorum																			submitter_match	Yakult Central Institute		Bifidobacterium catenulatum subsp. puerorum	GCF_050516145.1	Tier1	GCF_050516145.1.fna	111.09767317696289	99.97	0.21		2164444	2164444	2_45			1			near	low
GCF_050585885.1	Bifidobacterium pseudocatenulatum	YIT 12994	Tier2	Draft: contigs=9, N50=1610592, completeness=98.09		SAMN45020857	Yakult Central Institute	feces	Belgium	2024-11-24T01:38:04.090	98.09	0.16	Contig	current	PRJNA1189854	9	1610592	2202420	gcfgca:GCA_050585885.1	canonical	Bifidobacterium pseudocatenulatum																					submitter_match	Yakult Central Institute		Bifidobacterium pseudocatenulatum	GCF_050585885.1	Tier2	GCF_050585885.1.fna	100.313492768785	100.0	0.36		2202420	1610592	2_40			1			perfect	low
GCF_050585905.1	Bifidobacterium pseudocatenulatum	YIT 12992	Tier2	Draft: contigs=9, N50=1325986, completeness=98.94		SAMN45020856	Yakult Central Institute	feces	Belgium	2024-11-24T01:38:04.077	98.94	0.16	Contig	current	PRJNA1189854	9	1325986	2273427	gcfgca:GCA_050585905.1	canonical	Bifidobacterium pseudocatenulatum																					submitter_match	Yakult Central Institute		Bifidobacterium pseudocatenulatum	GCF_050585905.1	Tier2	GCF_050585905.1.fna	100.13126946936664	99.96	0.38		2273427	1325986	2_21			1			near	low
GCF_050585985.1	Bifidobacterium catenulatum subsp. catenulatum	YIT 13016	Tier2-unconfirmed	Passes size/contig thresholds, CheckM missing -- needs CheckM2		SAMN45020855	Yakult Central Institute	feces	Belgium	2024-11-24T01:38:04.066	98.28		Contig	current	PRJNA1189854	7	1618029	2065602	gcfgca:GCA_050585985.1	canonical	Bifidobacterium catenulatum																					submitter_match	Yakult Central Institute		Bifidobacterium catenulatum subsp. catenulatum	GCF_050585985.1	Tier2	GCF_050585985.1.fna	102.1547931503258	99.95	0.18		2065602	1618029	2_50			2	99.03	99.03	near	low
GCF_050586025.1	Bifidobacterium catenulatum subsp. puerorum	YIT 11100	Tier2-unconfirmed	Passes size/contig thresholds, CheckM missing -- needs CheckM2		SAMN45020853	Yakult Central Institute	feces	Papua New Guinea	2024-11-24T01:38:04.046	98.7		Contig	current	PRJNA1189854	10	1207654	2277307	gcfgca:GCA_050586025.1	canonical	Bifidobacterium catenulatum																					submitter_match	Yakult Central Institute		Bifidobacterium catenulatum subsp. puerorum	GCF_050586025.1	Tier2	GCF_050586025.1.fna	100.1209712620868	99.92	0.37		2277307	1207654	2_46			1			near	low
GCF_050586085.1	Bifidobacterium catenulatum subsp. puerorum	YIT 11086	Tier2	Draft: contigs=14, N50=690458, completeness=98.44		SAMN45020852	Yakult Central Institute	feces	Papua New Guinea	2024-11-24T01:38:04.036	98.44	0.98	Contig	current	PRJNA1189854	14	690458	2295891	gcfgca:GCA_050586085.1	canonical	Bifidobacterium catenulatum																					submitter_match	Yakult Central Institute		Bifidobacterium catenulatum subsp. puerorum	GCF_050586085.1	Tier2	GCF_050586085.1.fna	100.43956863296854	99.96	0.29		2295891	690458	2_47			1			near	low
GCF_050586125.1	Bifidobacterium hominis	YIT 13612	Tier2-unconfirmed	Passes size/contig thresholds, CheckM missing -- needs CheckM2		SAMN45020850	Yakult Central Institute	feces	Japan	2024-11-24T01:38:04.017	97.81		Contig	current	PRJNA1189854	4	1679046	2123060	gcfgca:GCA_050586125.1	canonical	Bifidobacterium hominis																					submitter_match	Yakult Central Institute		Bifidobacterium hominis	GCF_050586125.1	Tier2	GCF_050586125.1.fna	101.092531297227	99.97	0.2		2123060	1679046	2_42			1			near	low
GCF_050586145.1	Bifidobacterium hominis	YIT 13610	Tier2-unconfirmed	Passes size/contig thresholds, CheckM missing -- needs CheckM2		SAMN45020849	Yakult Central Institute	feces	Japan	2024-11-24T01:38:04.007	98.28		Contig	current	PRJNA1189854	4	1682750	2086047	gcfgca:GCA_050586145.1	canonical	Bifidobacterium hominis																					submitter_match	Yakult Central Institute		Bifidobacterium hominis	GCF_050586145.1	Tier2	GCF_050586145.1.fna	101.5530097996144	99.98	0.11		2086047	1682750	2_43			1			near	low
GCF_053708835.1	Bifidobacterium longum	LFYP82	Tier1	Closed genome: contigs=1, N50=2441519, len=2441519		SAMN49155590	Fudan University	not applicable	not applicable	2025-06-17T10:42:03.753	96.71	0.98	Complete Genome	current	PRJNA1277733	1	2441519	2441519	gcfgca:GCA_053708835.1	canonical	Bifidobacterium longum																					literature	PMID 41001056	1.0	Bifidobacterium longum unspecified	GCF_053708835.1	Tier1	GCF_053708835.1.fna	112.8908300570263	99.99	0.06		2441519	2441519	1_78			6	100.0	99.5	near	low
GCF_053708875.1	Bifidobacterium breve	LFYP81	Tier1	Closed genome: contigs=1, N50=2428193, len=2428193		SAMN49155589	Fudan University	not applicable	not applicable	2025-06-17T10:42:03.743	98.79	0.27	Complete Genome	current	PRJNA1277733	1	2428193	2428193	gcfgca:GCA_053708875.1	canonical	Bifidobacterium breve																					literature	PMID 41001056	1.0	Bifidobacterium breve	GCF_053708875.1	Tier1	GCF_053708875.1.fna	111.11264160139598	99.91	0.2		2428193	2428193	1_24			1			near	low
GCF_053708915.1	Bifidobacterium adolescentis	LFYP80	Tier1	Closed genome: contigs=1, N50=2285534, len=2285534		SAMN49155588	Fudan University	not applicable	not applicable	2025-06-17T10:42:03.733	97.37	3.24	Complete Genome	current	PRJNA1277733	1	2285534	2285534	gcfgca:GCA_053708915.1	canonical	Bifidobacterium adolescentis																					literature	PMID 41001056	1.0	Bifidobacterium adolescentis	GCF_053708915.1	Tier1	GCF_053708915.1.fna	111.2894938431567	100.0	0.18		2285534	2285534	5_24			1			perfect	low
GCF_053708955.1	Bifidobacterium pseudocatenulatum	LFYP29	Tier1	Closed genome: contigs=1, N50=2298297, len=2298297		SAMN49155587	Fudan University	not applicable	not applicable	2025-06-17T10:42:03.723	98.58	0.16	Complete Genome	current	PRJNA1277733	1	2298297	2298297	gcfgca:GCA_053708955.1	canonical	Bifidobacterium pseudocatenulatum																					literature	PMID 41001056	1.0	Bifidobacterium pseudocatenulatum	GCF_053708955.1	Tier1	GCF_053708955.1.fna	110.13070307508444	99.99	0.41		2298297	2298297	2_33			1			near	low
GCF_053708995.1	Bifidobacterium dentium	LFYP24	Tier1	Closed genome: contigs=1, N50=2633480, len=2633480		SAMN49155586	Fudan University	not applicable	not applicable	2025-06-17T10:42:03.713	93.19	1.06	Complete Genome	current	PRJNA1277733	1	2633480	2633480	gcfgca:GCA_053708995.1	canonical	Bifidobacterium dentium																					literature	PMID 41001056	1.0	Bifidobacterium dentium	GCF_053708995.1	Tier1	GCF_053708995.1.fna	110.90166501565854	99.99	0.46		2633480	2633480	6_1			3	99.14	99.14	near	low
GCF_054111545.1	Bifidobacterium adolescentis	QI0450	Tier2	Draft: contigs=40, N50=129386, completeness=95.87		SAMN53809045	Quadram Institute Bioscience		United Kingdom: Norwich	2025-12-09T09:10:09.133	95.87	2.36	Contig	current	PRJNA1377923	40	129386	2229164	gcfgca:GCA_054111545.1	canonical	Bifidobacterium adolescentis																					literature	PMID 41689511	1.0	Bifidobacterium adolescentis	GCF_054111545.1	Tier2	GCF_054111545.1.fna	100.56594364337624	100.0	0.2		2229164	129386	5_21			1			perfect	low
GCF_054111585.1	Bifidobacterium adolescentis	QI0448	Tier2	Draft: contigs=38, N50=108985, completeness=97.98		SAMN53809043	Quadram Institute Bioscience		United Kingdom: Norwich	2025-12-09T09:10:09.113	97.98	2.88	Contig	current	PRJNA1377923	38	108985	2244923	gcfgca:GCA_054111585.1	canonical	Bifidobacterium adolescentis																					literature	PMID 41689511	1.0	Bifidobacterium adolescentis	GCF_054111585.1	Tier2	GCF_054111585.1.fna	102.06708333718178	99.99	0.09		2244923	108985	5_11			2	99.84	99.84	near	low
GCF_054111625.1	Bifidobacterium adolescentis	QI0195	Tier2	Draft: contigs=38, N50=159206, completeness=97.36		SAMN53809040	Quadram Institute Bioscience		United Kingdom: Norwich	2025-12-09T09:10:09.080	97.36	2.22	Contig	current	PRJNA1377923	38	159206	2240217	gcfgca:GCA_054111625.1	canonical	Bifidobacterium adolescentis																					literature	PMID 41689511	1.0	Bifidobacterium adolescentis	GCF_054111625.1	Tier2	GCF_054111625.1.fna	100.01097971548786	100.0	0.32		2240217	159206	5_28			1			perfect	low
GCF_054111645.1	Bifidobacterium adolescentis	QI0281	Tier2	Draft: contigs=36, N50=157262, completeness=97.6		SAMN53809041	Quadram Institute Bioscience		United Kingdom: Norwich	2025-12-09T09:10:09.090	97.6	1.43	Contig	current	PRJNA1377923	36	157262	2204358	gcfgca:GCA_054111645.1	canonical	Bifidobacterium adolescentis																					literature	PMID 41689511	1.0	Bifidobacterium adolescentis	GCF_054111645.1	Tier2	GCF_054111645.1.fna	102.25551190948808	100.0	0.07		2204358	157262	5_34			2	99.72	99.72	perfect	low
GCF_054111665.1	Bifidobacterium adolescentis	QI0148	Tier2	Draft: contigs=21, N50=272991, completeness=98.64		SAMN53809039	Quadram Institute Bioscience		United Kingdom: Norwich	2025-12-09T09:10:09.066	98.64	1.2	Contig	current	PRJNA1377923	21	272991	2218473	gcfgca:GCA_054111665.1	canonical	Bifidobacterium adolescentis																					literature	PMID 41689511	1.0	Bifidobacterium adolescentis	GCF_054111665.1	Tier2	GCF_054111665.1.fna	101.27807416470212	100.0	0.09		2218473	272991	5_36			1			perfect	low
GCF_054130475.1	Bifidobacterium longum	HOM1190	Tier1	Closed genome: contigs=1, N50=2389412, len=2389412		SAMN50312378	Beijing Hanmi pharmaceutical Co., Ltd	Infant feces	China: Beijing	2025-08-01T02:59:06.053	99.38	0.64	Complete Genome	current	PRJNA1299730	1	2389412	2389412	gcfgca:GCA_054130475.1	canonical	Bifidobacterium longum																					submitter_match	Beijing Hanmi pharmaceutical Co., Ltd		Bifidobacterium longum unspecified	GCF_054130475.1	Tier1	GCF_054130475.1.fna	113.0493455033485	99.96	0.02		2389412	2389412	1_137			2	99.02	99.02	near	low
GCF_054189165.1	Bifidobacterium longum	CECT 7347	Tier1	Closed genome: contigs=1, N50=2371629, len=2371629		SAMN54183961	ADM-Biopolis	feces sample	Spain	2025-12-18T04:34:04.570	99.49	0.25	Complete Genome	current	PRJNA1390474	1	2371629	2371629	gcfgca:GCA_054189165.1	canonical	Bifidobacterium longum																					literature;submitter_match	PMID 33921166;ADM-Biopolis	18.0	Bifidobacterium longum unspecified	GCF_054189165.1	Tier1	GCF_054189165.1.fna	112.7183233991825	99.93	0.08		2371629	2371629	1_103			2	99.08	99.08	near	low
GCF_054689485.1	Bifidobacterium adolescentis	BD1	Tier1	Closed genome: contigs=1, N50=2234972, len=2234972		SAMN21207002	University of California San Francisco		USA: San Francisco, CA	2021-09-02T12:40:05.310	99.22	5.59	Complete Genome	current	PRJNA759870	1	2234972	2234972	gcfgca:GCA_054689485.1	canonical	Bifidobacterium adolescentis																					literature	PMID 27524178	2.0	Bifidobacterium adolescentis	GCF_054689485.1	Tier1	GCF_054689485.1.fna	111.02463604330408	99.99	0.23		2234972	2234972	5_29			1			near	low
GCF_054960775.1	Bifidobacterium longum subsp. longum	iVE-15	Tier1	Closed genome: contigs=2, N50=2441751, len=2448736		SAMN54979378	Synbiotic Health		USA	2026-01-30T11:06:06.150	99.34	0.16	Complete Genome	current	PRJNA1348473	2	2441751	2448736	gcfgca:GCA_054960775.1	canonical	Bifidobacterium longum																					literature;submitter_match	PMID 42429742;Synbiotic Health	1.0	Bifidobacterium longum subsp. longum	GCF_054960775.1	Tier1	GCF_054960775.1.fna	111.79385068712638	99.99	0.08		2448736	2441751	1_199			1			near	low
GCF_055378475.1	Bifidobacterium porcinum	JCM7042	Tier1	Closed genome: contigs=2, N50=2075993, len=2080182		SAMD00657603	Gifu University		missing	2023-11-16T01:02:35.140	99.44		Complete Genome	current	PRJDB17025	2	2075993	2080182	gcfgca:GCA_055378475.1	canonical	Bifidobacterium porcinum																					literature	PMID 38045611	1.0	Bifidobacterium porcinum	GCF_055378475.1	Tier1	GCF_055378475.1.fna	111.29861294239493	99.78	0.13		2080182	2075993	8_2			1			near	low
GCF_055383495.1	Bifidobacterium longum subsp. longum	BB536	Tier1	Closed genome: contigs=1, N50=2419524, len=2419524		SAMD00820616	Innovative Research Institute, Morinaga Milk Industry Co Ltd		Japan:Kanagawa	2025-11-18T01:01:30.110	98.76	0.39	Complete Genome	current	PRJDB18838	1	2419524	2419524	gcfgca:GCA_055383495.1	canonical	Bifidobacterium longum																					GRAS;literature;submitter_match	GRN 268;PMID 32630805;Innovative Research Institute, Morinaga Milk Industry Co Ltd		Bifidobacterium longum subsp. longum	GCF_055383495.1	Tier1	GCF_055383495.1.fna	112.7017871831216	100.0	0.1		2419524	2419524	1_179			10	100.0	99.97	perfect	low
GCF_055386685.1	Bifidobacterium longum subsp. infantis	JCM 1272	Tier1	Closed genome: contigs=1, N50=2674325, len=2674325	JCM:1272	SAMD01611070	RIKEN-BRC	intestine of infant	missing: lab stock	2025-08-13T01:01:24.016	98.89	1.73	Complete Genome	current	PRJDB20694	1	2674325	2674325	gcfgca:GCA_055386685.1	canonical	Bifidobacterium longum																					literature	PMID 23200660;PMID 23200660	3.0	Bifidobacterium longum subsp. infantis	GCF_055386685.1	Tier1	GCF_055386685.1.fna	108.94360709210058	99.97	0.65		2674325	2674325	1_54			1			near	low
GCF_056924395.1	Bifidobacterium pseudocatenulatum	CL256B	Tier1	Closed genome: contigs=1, N50=2415687, len=2415687		SAMN54433277	National Yang Ming Chiao Tung University	missing	Taiwan	2026-01-04T00:10:04.650	98.74	0.16	Complete Genome	current	PRJNA1397526	1	2415687	2415687	gcfgca:GCA_056924395.1	canonical	Bifidobacterium pseudocatenulatum																					literature	PMID 42776010	1.0	Bifidobacterium pseudocatenulatum	GCF_056924395.1	Tier1	GCF_056924395.1.fna	106.15152033107992	100.0	1.21		2415687	2415687	2_27			1			perfect	low
GCF_057073415.1	Bifidobacterium pseudolongum	YY-26	Tier1	Closed genome: contigs=1, N50=2183819, len=2183819		SAMN18652120	Ocean University of Chain		China	2021-04-08T02:46:04.907	94.45	4.49	Complete Genome	current	PRJNA720493	1	2183819	2183819	gcfgca:GCA_057073415.1	canonical	Bifidobacterium pseudolongum																					literature	PMID 35870146	1.0	Bifidobacterium pseudolongum unspecified	GCF_057073415.1	Tier1	GCF_057073415.1.fna	108.86960832009358	99.99	0.66		2183819	2183819	7_3			1			near	low
GCF_059724925.1	Bifidobacterium vespertilionis	NBRC 113380	Tier1	Closed genome: contigs=2, N50=3105908, len=3119355		SAMD01695301	Biotics Research Institute, Morinaga Milk Industry Co Ltd		Italy:Verona	2026-06-06T01:14:57.986	97.8	1.72	Complete Genome	current	PRJDB37795	2	3105908	3119355	gcfgca:GCA_059724925.1	canonical	Bifidobacterium vespertilionis		type strain of Bifidobacterium vespertilionis																			submitter_match	Biotics Research Institute, Morinaga Milk Industry Co Ltd		Bifidobacterium vespertilionis	GCF_059724925.1	Tier1	GCF_059724925.1.fna	106.60609429368016	100.0	1.13		3119355	3105908	22_0			1			perfect	low
GCF_059738675.1	Bifidobacterium pseudocatenulatum	TOZ-TN014	Tier1	Closed genome: contigs=1, N50=2345361, len=2345361		SAMD00615640	ZENYAKU KOGYO CO., LTD.	feces	Japan	2026-05-08T01:03:05.823	98.74	0.16	Complete Genome	current	PRJDB15923	1	2345361	2345361	gcfgca:GCA_059738675.1	canonical	Bifidobacterium pseudocatenulatum																					submitter_match	ZENYAKU KOGYO CO., LTD.		Bifidobacterium pseudocatenulatum	GCF_059738675.1	Tier1	GCF_059738675.1.fna	111.02640483642912	99.99	0.43		2345361	2345361	2_28			2	99.13	99.13	near	low
GCF_060708265.1	Bifidobacterium pseudocatenulatum		Tier1	Closed genome: contigs=1, N50=2501631, len=2501631		SAMN43052813	Yakult Central Institute				98.74	1.14	Complete Genome	current	PRJNA1033448	1	2501631	2501631	gcfgca:GCA_060708265.1	canonical	Bifidobacterium pseudocatenulatum																					submitter_match	Yakult Central Institute		Bifidobacterium pseudocatenulatum	GCF_060708265.1	Tier1	GCF_060708265.1.fna	110.30885448205186	100.0	0.58		2501631	2501631	2_3			8	100.0	99.95	perfect	low
GCF_060709155.1	Bifidobacterium longum		Tier1	Closed genome: contigs=1, N50=2406782, len=2406782		SAMN43052865	Yakult Central Institute				99.38	0.34	Complete Genome	current	PRJNA1033448	1	2406782	2406782	gcfgca:GCA_060709155.1	canonical	Bifidobacterium longum																					submitter_match	Yakult Central Institute		Bifidobacterium longum unspecified	GCF_060709155.1	Tier1	GCF_060709155.1.fna	112.85061836080683	99.95	0.06		2406782	2406782	1_154			2	99.99	99.99	near	low
GCF_060709645.1	Bifidobacterium longum		Tier1	Closed genome: contigs=3, N50=2496336, len=2504912		SAMN43052862	Yakult Central Institute				99.38	0.48	Complete Genome	current	PRJNA1033448	3	2496336	2504912	gcfgca:GCA_060709645.1	canonical	Bifidobacterium longum																					submitter_match	Yakult Central Institute		Bifidobacterium longum unspecified	GCF_060709645.1	Tier1	GCF_060709645.1.fna	112.8053848476039	99.95	0.07		2504912	2496336	1_207			4	99.73	99.59	near	low
GCF_060710085.1	Bifidobacterium longum		Tier1	Closed genome: contigs=2, N50=2373363, len=2380122		SAMN43052860	Yakult Central Institute				98.45	0.81	Complete Genome	current	PRJNA1033448	2	2373363	2380122	gcfgca:GCA_060710085.1	canonical	Bifidobacterium longum																					submitter_match	Yakult Central Institute		Bifidobacterium longum unspecified	GCF_060710085.1	Tier1	GCF_060710085.1.fna	113.13698208683392	99.99	0.01		2380122	2373363	1_200			2	99.93	99.93	near	low
GCF_060711425.1	Bifidobacterium breve		Tier1	Closed genome: contigs=1, N50=2409835, len=2409835		SAMN43052854	Yakult Central Institute				97.59	1.74	Complete Genome	current	PRJNA1033448	1	2409835	2409835	gcfgca:GCA_060711425.1	canonical	Bifidobacterium breve																					submitter_match	Yakult Central Institute		Bifidobacterium breve	GCF_060711425.1	Tier1	GCF_060711425.1.fna	112.93082699264168	99.98	0.05		2409835	2409835	1_28			10	100.0	99.95	near	low
GCF_060803555.1	Bifidobacterium pseudocatenulatum	iVE-2	Tier1	Closed genome: contigs=1, N50=2224553, len=2224553		SAMN55407247	Synbiotic Health		USA	2026-02-17T15:43:05.173	98.77	0.16	Complete Genome	current	PRJNA1425120	1	2224553	2224553	gcfgca:GCA_060803555.1	canonical	Bifidobacterium pseudocatenulatum																					submitter_match	Synbiotic Health		Bifidobacterium pseudocatenulatum	GCF_060803555.1	Tier1	GCF_060803555.1.fna	110.1836213786391	100.0	0.4		2224553	2224553	2_16			1			perfect	low
GCF_060804025.1	Bifidobacterium fermentum	FME216	Tier1	Closed genome: contigs=1, N50=2463024, len=2463024		SAMN49848283	INRAE	water kefir	France	2025-07-08T11:49:05.040	95.22	2.73	Complete Genome	current	PRJNA1288775	1	2463024	2463024	gcfgca:GCA_060804025.1	canonical	Bifidobacterium fermentum																					isolation_source_match	water kefir		Bifidobacterium fermentum	GCF_060804025.1	Tier1	GCF_060804025.1.fna	110.4152342984735	98.96	0.35		2463024	2463024	12_1			2	99.95	99.95	near	low
GCF_061326055.1	Bifidobacterium crudilactis	CIRM_BIA2896	Tier2	Draft: contigs=13, N50=296625, completeness=98.2		SAMN49848260	INRAE	water kefir	France	2025-07-08T11:49:04.793	98.2	1.69	Scaffold	current	PRJNA1288775	13	296625	2260049	gcfgca:GCA_061326055.1	canonical	Bifidobacterium crudilactis																					isolation_source_match	water kefir		Bifidobacterium crudilactis	GCF_061326055.1	Tier2	GCF_061326055.1.fna	99.97524113604284	99.99	0.42		2260049	1414107	10_2			1			near	low
GCF_900637145.1	Bifidobacterium breve	NCTC11815	Tier1	Closed genome: contigs=1, N50=2275664, len=2275664	NCTC:11815	SAMEA4076721	SC	intestine		2016-12-21T09:11:35.896	99.31	0.27	Complete Genome	current	PRJEB6403	1	2275664	2275664	gcfgca:GCA_900637145.1	canonical	Bifidobacterium breve		type strain of Bifidobacterium breve																			literature	PMID 34220742	1.0	Bifidobacterium breve	GCF_900637145.1	Tier1	GCF_900637145.1.fna	112.46844406327646	99.93	0.13		2275664	2275664	1_6			11	100.0	99.97	near	low
